unit_id,quarter_hour_start_ts,kwh_consumed,energy_unit_rate,estimated_running_cost
LOC030-U01,2026-01-01T10:00:00+00:00,1.878,0.291,8.24
LOC030-U01,2026-01-01T10:15:00+00:00,2.339,0.26,6.76
LOC030-U01,2026-01-01T10:30:00+00:00,2.719,0.243,10.06
LOC030-U01,2026-01-01T10:45:00+00:00,3.242,0.34,8.99
LOC030-U01,2026-01-01T11:00:00+00:00,2.272,0.344,8.98
LOC030-U01,2026-01-01T11:15:00+00:00,1.911,0.302,10.18
LOC030-U01,2026-01-01T11:30:00+00:00,2.3,0.291,7.63
LOC030-U01,2026-01-01T11:45:00+00:00,1.915,0.361,7.82
LOC030-U01,2026-01-01T12:00:00+00:00,2.262,0.326,8.59
LOC030-U01,2026-01-01T12:15:00+00:00,1.773,0.282,8.37
LOC030-U01,2026-01-01T12:30:00+00:00,1.883,0.282,7.29
LOC030-U01,2026-01-01T12:45:00+00:00,1.881,0.347,10.22
LOC030-U01,2026-01-01T13:00:00+00:00,2.508,0.357,9.91
LOC030-U01,2026-01-01T13:15:00+00:00,1.686,0.264,9.41
LOC030-U01,2026-01-01T13:30:00+00:00,1.658,0.356,8.2
LOC030-U01,2026-01-01T13:45:00+00:00,2.187,0.362,11.77
LOC030-U01,2026-01-01T14:00:00+00:00,1.805,0.266,8.65
LOC030-U01,2026-01-01T14:15:00+00:00,2.245,0.227,7.77
LOC030-U01,2026-01-01T14:30:00+00:00,1.555,0.228,10.39
LOC030-U01,2026-01-01T14:45:00+00:00,2.287,0.33,10.96
LOC030-U01,2026-01-01T15:00:00+00:00,1.969,0.337,10.31
LOC030-U01,2026-01-01T15:15:00+00:00,2.219,0.346,7.51
LOC030-U01,2026-01-01T15:30:00+00:00,2.084,0.316,10.12
LOC030-U01,2026-01-01T15:45:00+00:00,2.213,0.238,10.08
LOC030-U01,2026-01-01T16:00:00+00:00,1.973,0.291,6.69
LOC030-U01,2026-01-01T16:15:00+00:00,2.653,0.262,9.42
LOC030-U01,2026-01-01T16:30:00+00:00,2.234,0.254,8.14
LOC030-U01,2026-01-01T16:45:00+00:00,2.506,0.234,10.25
LOC030-U01,2026-01-01T17:00:00+00:00,2.1,0.357,8.84
LOC030-U01,2026-01-01T17:15:00+00:00,2.732,0.348,11.81
LOC030-U01,2026-01-01T17:30:00+00:00,2.291,0.289,7.1
LOC030-U01,2026-01-01T17:45:00+00:00,1.581,0.236,8.22
LOC030-U01,2026-01-01T18:00:00+00:00,1.829,0.268,11.48
LOC030-U01,2026-01-01T18:15:00+00:00,1.288,0.373,6.91
LOC030-U01,2026-01-01T18:30:00+00:00,2.195,0.324,10.37
LOC030-U01,2026-01-01T18:45:00+00:00,2.507,0.243,7.33
LOC030-U01,2026-01-01T19:00:00+00:00,1.544,0.281,9.56
LOC030-U01,2026-01-01T19:15:00+00:00,1.545,0.366,9.39
LOC030-U01,2026-01-01T19:30:00+00:00,2.283,0.302,10.27
LOC030-U01,2026-01-01T19:45:00+00:00,2.439,0.281,10.82
LOC030-U01,2026-01-01T20:00:00+00:00,1.484,0.305,7.83
LOC030-U01,2026-01-01T20:15:00+00:00,2.538,0.319,9.34
LOC030-U01,2026-01-01T20:30:00+00:00,2.423,0.222,9.52
LOC030-U01,2026-01-01T20:45:00+00:00,2.545,0.335,8.36
LOC030-U01,2026-01-01T21:00:00+00:00,2.271,0.359,11.65
LOC030-U01,2026-01-01T21:15:00+00:00,2.388,0.239,7.06
LOC030-U01,2026-01-01T21:30:00+00:00,1.477,0.302,11.02
LOC030-U01,2026-01-01T21:45:00+00:00,2.18,0.372,10.99
LOC030-U01,2026-01-01T22:00:00+00:00,1.827,0.287,10.44
LOC030-U01,2026-01-01T22:15:00+00:00,1.758,0.359,10.09
LOC030-U01,2026-01-01T22:30:00+00:00,2.82,0.229,7.34
LOC030-U01,2026-01-01T22:45:00+00:00,1.712,0.359,6.76
LOC030-U01,2026-01-01T23:00:00+00:00,2.236,0.227,11.4
LOC030-U01,2026-01-01T23:15:00+00:00,2.11,0.323,7.73
LOC030-U01,2026-01-01T23:30:00+00:00,1.301,0.355,10.4
LOC030-U01,2026-01-01T23:45:00+00:00,2.066,0.371,9.89
LOC030-U01,2026-01-02T00:00:00+00:00,1.567,0.328,7.59
LOC030-U01,2026-01-02T00:15:00+00:00,2.67,0.313,8.13
LOC030-U01,2026-01-02T00:30:00+00:00,2.355,0.302,9.65
LOC030-U01,2026-01-02T00:45:00+00:00,2.38,0.254,7.87
LOC030-U01,2026-01-02T01:00:00+00:00,2.636,0.351,11.72
LOC030-U01,2026-01-02T01:15:00+00:00,1.984,0.34,10.34
LOC030-U01,2026-01-02T01:30:00+00:00,2.844,0.226,9.18
LOC030-U01,2026-01-02T01:45:00+00:00,2.634,0.366,11.6
LOC030-U01,2026-01-02T02:00:00+00:00,2.659,0.372,10.62
LOC030-U01,2026-01-02T02:15:00+00:00,1.54,0.232,9.94
LOC030-U01,2026-01-02T02:30:00+00:00,2.025,0.36,10.82
LOC030-U01,2026-01-02T02:45:00+00:00,1.388,0.275,8.92
LOC030-U01,2026-01-02T03:00:00+00:00,1.794,0.323,9.83
LOC030-U01,2026-01-02T03:15:00+00:00,2.661,0.291,7.3
LOC030-U01,2026-01-02T03:30:00+00:00,1.954,0.297,6.7
LOC030-U01,2026-01-02T03:45:00+00:00,2.522,0.279,9.77
LOC028-U01,2026-01-01T10:00:00+00:00,1.966,0.304,7.03
LOC028-U01,2026-01-01T10:15:00+00:00,2.444,0.231,7.7
LOC028-U01,2026-01-01T10:30:00+00:00,1.979,0.268,9.77
LOC028-U01,2026-01-01T10:45:00+00:00,2.506,0.353,11.79
LOC028-U01,2026-01-01T11:00:00+00:00,1.722,0.322,10.28
LOC028-U01,2026-01-01T11:15:00+00:00,2.154,0.307,11.58
LOC028-U01,2026-01-01T11:30:00+00:00,2.016,0.303,10.9
LOC028-U01,2026-01-01T11:45:00+00:00,2.35,0.333,8.04
LOC028-U01,2026-01-01T12:00:00+00:00,1.317,0.222,9.02
LOC028-U01,2026-01-01T12:15:00+00:00,2.635,0.317,7.6
LOC028-U01,2026-01-01T12:30:00+00:00,2.608,0.257,8.43
LOC028-U01,2026-01-01T12:45:00+00:00,1.789,0.244,7.34
LOC028-U01,2026-01-01T13:00:00+00:00,2.182,0.332,10.35
LOC028-U01,2026-01-01T13:15:00+00:00,2.23,0.28,11.33
LOC028-U01,2026-01-01T13:30:00+00:00,2.986,0.278,6.95
LOC028-U01,2026-01-01T13:45:00+00:00,2.201,0.363,11.59
LOC028-U01,2026-01-01T14:00:00+00:00,2.008,0.35,10.99
LOC028-U01,2026-01-01T14:15:00+00:00,2.723,0.287,10.67
LOC028-U01,2026-01-01T14:30:00+00:00,2.423,0.364,9.28
LOC028-U01,2026-01-01T14:45:00+00:00,1.147,0.371,6.87
LOC028-U01,2026-01-01T15:00:00+00:00,1.813,0.251,7.23
LOC028-U01,2026-01-01T15:15:00+00:00,1.095,0.275,10.9
LOC028-U01,2026-01-01T15:30:00+00:00,1.758,0.362,7.9
LOC028-U01,2026-01-01T15:45:00+00:00,1.699,0.232,6.73
LOC028-U01,2026-01-01T16:00:00+00:00,1.642,0.292,9.77
LOC028-U01,2026-01-01T16:15:00+00:00,1.599,0.305,9.41
LOC028-U01,2026-01-01T16:30:00+00:00,2.316,0.251,10.01
LOC028-U01,2026-01-01T16:45:00+00:00,2.247,0.308,9.72
LOC028-U01,2026-01-01T17:00:00+00:00,2.558,0.24,10.23
LOC028-U01,2026-01-01T17:15:00+00:00,1.771,0.324,7.54
LOC028-U01,2026-01-01T17:30:00+00:00,2.144,0.238,8.66
LOC028-U01,2026-01-01T17:45:00+00:00,2.092,0.287,10.98
LOC028-U01,2026-01-01T18:00:00+00:00,2.715,0.293,8.97
LOC028-U01,2026-01-01T18:15:00+00:00,2.762,0.359,11.09
LOC028-U01,2026-01-01T18:30:00+00:00,1.206,0.279,9.49
LOC028-U01,2026-01-01T18:45:00+00:00,3.265,0.299,7.48
LOC028-U01,2026-01-01T19:00:00+00:00,1.023,0.27,9.75
LOC028-U01,2026-01-01T19:15:00+00:00,2.019,0.372,6.86
LOC028-U01,2026-01-01T19:30:00+00:00,2.113,0.267,8.89
LOC028-U01,2026-01-01T19:45:00+00:00,1.321,0.244,6.88
LOC028-U01,2026-01-01T20:00:00+00:00,2.284,0.31,8.04
LOC028-U01,2026-01-01T20:15:00+00:00,2.097,0.242,10.93
LOC028-U01,2026-01-01T20:30:00+00:00,1.776,0.374,7.01
LOC028-U01,2026-01-01T20:45:00+00:00,2.534,0.288,11.2
LOC028-U01,2026-01-01T21:00:00+00:00,1.975,0.223,8.59
LOC028-U01,2026-01-01T21:15:00+00:00,2.731,0.378,10.17
LOC028-U01,2026-01-01T21:30:00+00:00,1.624,0.248,8.92
LOC028-U01,2026-01-01T21:45:00+00:00,2.174,0.304,9.61
LOC028-U01,2026-01-01T22:00:00+00:00,2.128,0.367,11.57
LOC028-U01,2026-01-01T22:15:00+00:00,1.855,0.254,7.9
LOC028-U01,2026-01-01T22:30:00+00:00,1.33,0.367,9.25
LOC028-U01,2026-01-01T22:45:00+00:00,2.697,0.329,11.72
LOC028-U01,2026-01-01T23:00:00+00:00,2.023,0.224,8.31
LOC028-U01,2026-01-01T23:15:00+00:00,1.607,0.365,7.01
LOC028-U01,2026-01-01T23:30:00+00:00,2.092,0.288,8.43
LOC028-U01,2026-01-01T23:45:00+00:00,2.756,0.306,10.57
LOC028-U01,2026-01-02T00:00:00+00:00,1.81,0.243,9.97
LOC028-U01,2026-01-02T00:15:00+00:00,2.501,0.275,10.61
LOC028-U01,2026-01-02T00:30:00+00:00,2.755,0.223,10.64
LOC028-U01,2026-01-02T00:45:00+00:00,2.219,0.341,10.91
LOC028-U01,2026-01-02T01:00:00+00:00,1.193,0.364,9.44
LOC028-U01,2026-01-02T01:15:00+00:00,1.751,0.322,7.71
LOC028-U01,2026-01-02T01:30:00+00:00,1.511,0.296,10.91
LOC028-U01,2026-01-02T01:45:00+00:00,2.891,0.25,11.66
LOC028-U01,2026-01-02T02:00:00+00:00,2.691,0.363,9.39
LOC028-U01,2026-01-02T02:15:00+00:00,1.206,0.304,10.09
LOC028-U01,2026-01-02T02:30:00+00:00,2.108,0.283,9.12
LOC028-U01,2026-01-02T02:45:00+00:00,2.188,0.272,8.64
LOC028-U01,2026-01-02T03:00:00+00:00,2.484,0.332,7.98
LOC028-U01,2026-01-02T03:15:00+00:00,1.738,0.332,10.47
LOC028-U01,2026-01-02T03:30:00+00:00,3.089,0.336,9.18
LOC028-U01,2026-01-02T03:45:00+00:00,1.893,0.374,6.99
LOC022-U01,2026-01-01T10:00:00+00:00,1.9,0.278,6.69
LOC022-U01,2026-01-01T10:15:00+00:00,2.321,0.343,11.73
LOC022-U01,2026-01-01T10:30:00+00:00,2.303,0.334,7.43
LOC022-U01,2026-01-01T10:45:00+00:00,2.13,0.291,10.82
LOC022-U01,2026-01-01T11:00:00+00:00,2.188,0.288,9.42
LOC022-U01,2026-01-01T11:15:00+00:00,1.582,0.28,8.23
LOC022-U01,2026-01-01T11:30:00+00:00,1.636,0.296,10.61
LOC022-U01,2026-01-01T11:45:00+00:00,2.051,0.299,8.62
LOC022-U01,2026-01-01T12:00:00+00:00,3.26,0.311,10.81
LOC022-U01,2026-01-01T12:15:00+00:00,1.39,0.366,10.38
LOC022-U01,2026-01-01T12:30:00+00:00,1.215,0.354,9.32
LOC022-U01,2026-01-01T12:45:00+00:00,1.834,0.293,9.52
LOC022-U01,2026-01-01T13:00:00+00:00,2.584,0.268,11.26
LOC022-U01,2026-01-01T13:15:00+00:00,1.761,0.281,8.03
LOC022-U01,2026-01-01T13:30:00+00:00,1.507,0.371,10.81
LOC022-U01,2026-01-01T13:45:00+00:00,1.805,0.364,9.99
LOC022-U01,2026-01-01T14:00:00+00:00,1.53,0.271,9.04
LOC022-U01,2026-01-01T14:15:00+00:00,2.579,0.303,11.37
LOC022-U01,2026-01-01T14:30:00+00:00,3.075,0.244,11.41
LOC022-U01,2026-01-01T14:45:00+00:00,1.814,0.329,10.59
LOC022-U01,2026-01-01T15:00:00+00:00,1.563,0.379,11.46
LOC022-U01,2026-01-01T15:15:00+00:00,1.97,0.294,9.12
LOC022-U01,2026-01-01T15:30:00+00:00,1.891,0.237,10.64
LOC022-U01,2026-01-01T15:45:00+00:00,1.873,0.282,8.41
LOC022-U01,2026-01-01T16:00:00+00:00,2.335,0.247,9.41
LOC022-U01,2026-01-01T16:15:00+00:00,2.094,0.255,7.89
LOC022-U01,2026-01-01T16:30:00+00:00,1.78,0.316,8.42
LOC022-U01,2026-01-01T16:45:00+00:00,2.992,0.272,9.83
LOC022-U01,2026-01-01T17:00:00+00:00,2.949,0.313,10.46
LOC022-U01,2026-01-01T17:15:00+00:00,1.551,0.301,10.44
LOC022-U01,2026-01-01T17:30:00+00:00,2.267,0.263,9.0
LOC022-U01,2026-01-01T17:45:00+00:00,1.205,0.25,10.33
LOC022-U01,2026-01-01T18:00:00+00:00,2.437,0.353,7.27
LOC022-U01,2026-01-01T18:15:00+00:00,1.701,0.248,10.85
LOC022-U01,2026-01-01T18:30:00+00:00,2.964,0.279,9.01
LOC022-U01,2026-01-01T18:45:00+00:00,2.396,0.323,8.18
LOC022-U01,2026-01-01T19:00:00+00:00,1.58,0.309,8.59
LOC022-U01,2026-01-01T19:15:00+00:00,1.937,0.22,10.34
LOC022-U01,2026-01-01T19:30:00+00:00,1.894,0.329,7.53
LOC022-U01,2026-01-01T19:45:00+00:00,2.078,0.337,10.44
LOC022-U01,2026-01-01T20:00:00+00:00,2.195,0.273,9.11
LOC022-U01,2026-01-01T20:15:00+00:00,2.375,0.331,9.11
LOC022-U01,2026-01-01T20:30:00+00:00,2.404,0.298,8.41
LOC022-U01,2026-01-01T20:45:00+00:00,1.144,0.261,6.67
LOC022-U01,2026-01-01T21:00:00+00:00,1.46,0.257,8.59
LOC022-U01,2026-01-01T21:15:00+00:00,1.958,0.294,7.74
LOC022-U01,2026-01-01T21:30:00+00:00,2.778,0.259,7.89
LOC022-U01,2026-01-01T21:45:00+00:00,2.143,0.245,10.46
LOC022-U01,2026-01-01T22:00:00+00:00,2.091,0.307,11.31
LOC022-U01,2026-01-01T22:15:00+00:00,1.177,0.23,8.11
LOC022-U01,2026-01-01T22:30:00+00:00,1.746,0.377,10.71
LOC022-U01,2026-01-01T22:45:00+00:00,1.637,0.337,7.73
LOC022-U01,2026-01-01T23:00:00+00:00,2.064,0.255,6.9
LOC022-U01,2026-01-01T23:15:00+00:00,1.207,0.334,9.97
LOC022-U01,2026-01-01T23:30:00+00:00,2.54,0.334,9.24
LOC022-U01,2026-01-01T23:45:00+00:00,1.828,0.309,9.19
LOC022-U01,2026-01-02T00:00:00+00:00,2.001,0.297,9.43
LOC022-U01,2026-01-02T00:15:00+00:00,1.866,0.244,8.94
LOC022-U01,2026-01-02T00:30:00+00:00,2.191,0.317,9.11
LOC022-U01,2026-01-02T00:45:00+00:00,0.893,0.271,9.54
LOC022-U01,2026-01-02T01:00:00+00:00,2.061,0.31,7.49
LOC022-U01,2026-01-02T01:15:00+00:00,1.777,0.36,11.15
LOC022-U01,2026-01-02T01:30:00+00:00,2.181,0.27,10.5
LOC022-U01,2026-01-02T01:45:00+00:00,3.053,0.355,9.76
LOC022-U01,2026-01-02T02:00:00+00:00,2.734,0.263,8.86
LOC022-U01,2026-01-02T02:15:00+00:00,1.719,0.368,10.52
LOC022-U01,2026-01-02T02:30:00+00:00,1.905,0.351,9.87
LOC022-U01,2026-01-02T02:45:00+00:00,1.493,0.267,9.33
LOC022-U01,2026-01-02T03:00:00+00:00,1.347,0.337,8.46
LOC022-U01,2026-01-02T03:15:00+00:00,1.827,0.285,8.33
LOC022-U01,2026-01-02T03:30:00+00:00,2.576,0.376,7.3
LOC022-U01,2026-01-02T03:45:00+00:00,2.067,0.252,10.02
LOC034-U01,2026-01-01T10:00:00+00:00,2.456,0.275,7.75
LOC034-U01,2026-01-01T10:15:00+00:00,2.208,0.263,7.53
LOC034-U01,2026-01-01T10:30:00+00:00,2.925,0.278,7.53
LOC034-U01,2026-01-01T10:45:00+00:00,2.101,0.24,11.29
LOC034-U01,2026-01-01T11:00:00+00:00,2.405,0.257,8.52
LOC034-U01,2026-01-01T11:15:00+00:00,2.358,0.237,8.08
LOC034-U01,2026-01-01T11:30:00+00:00,2.302,0.251,7.37
LOC034-U01,2026-01-01T11:45:00+00:00,2.5,0.243,10.61
LOC034-U01,2026-01-01T12:00:00+00:00,2.218,0.325,11.02
LOC034-U01,2026-01-01T12:15:00+00:00,2.849,0.265,9.72
LOC034-U01,2026-01-01T12:30:00+00:00,2.687,0.281,7.8
LOC034-U01,2026-01-01T12:45:00+00:00,1.83,0.286,9.03
LOC034-U01,2026-01-01T13:00:00+00:00,1.513,0.259,10.8
LOC034-U01,2026-01-01T13:15:00+00:00,2.826,0.311,7.58
LOC034-U01,2026-01-01T13:30:00+00:00,1.644,0.245,8.85
LOC034-U01,2026-01-01T13:45:00+00:00,1.59,0.355,7.23
LOC034-U01,2026-01-01T14:00:00+00:00,1.783,0.246,10.27
LOC034-U01,2026-01-01T14:15:00+00:00,2.275,0.264,8.08
LOC034-U01,2026-01-01T14:30:00+00:00,2.271,0.29,7.3
LOC034-U01,2026-01-01T14:45:00+00:00,1.984,0.283,7.99
LOC034-U01,2026-01-01T15:00:00+00:00,1.785,0.33,10.32
LOC034-U01,2026-01-01T15:15:00+00:00,2.887,0.241,11.37
LOC034-U01,2026-01-01T15:30:00+00:00,1.987,0.368,11.69
LOC034-U01,2026-01-01T15:45:00+00:00,2.694,0.301,7.63
LOC034-U01,2026-01-01T16:00:00+00:00,1.158,0.321,10.24
LOC034-U01,2026-01-01T16:15:00+00:00,2.613,0.307,8.52
LOC034-U01,2026-01-01T16:30:00+00:00,2.162,0.294,8.17
LOC034-U01,2026-01-01T16:45:00+00:00,2.971,0.315,9.94
LOC034-U01,2026-01-01T17:00:00+00:00,2.519,0.3,11.09
LOC034-U01,2026-01-01T17:15:00+00:00,1.603,0.221,6.6
LOC034-U01,2026-01-01T17:30:00+00:00,2.588,0.273,8.06
LOC034-U01,2026-01-01T17:45:00+00:00,2.187,0.22,7.06
LOC034-U01,2026-01-01T18:00:00+00:00,1.857,0.37,10.96
LOC034-U01,2026-01-01T18:15:00+00:00,1.628,0.363,7.25
LOC034-U01,2026-01-01T18:30:00+00:00,2.285,0.37,10.7
LOC034-U01,2026-01-01T18:45:00+00:00,1.199,0.276,10.43
LOC034-U01,2026-01-01T19:00:00+00:00,1.086,0.347,10.34
LOC034-U01,2026-01-01T19:15:00+00:00,2.699,0.282,9.43
LOC034-U01,2026-01-01T19:30:00+00:00,1.704,0.378,7.49
LOC034-U01,2026-01-01T19:45:00+00:00,2.005,0.237,6.96
LOC034-U01,2026-01-01T20:00:00+00:00,2.618,0.311,10.29
LOC034-U01,2026-01-01T20:15:00+00:00,2.796,0.322,10.19
LOC034-U01,2026-01-01T20:30:00+00:00,1.77,0.361,7.09
LOC034-U01,2026-01-01T20:45:00+00:00,3.727,0.252,10.85
LOC034-U01,2026-01-01T21:00:00+00:00,1.828,0.317,8.61
LOC034-U01,2026-01-01T21:15:00+00:00,2.129,0.304,10.34
LOC034-U01,2026-01-01T21:30:00+00:00,1.854,0.288,7.37
LOC034-U01,2026-01-01T21:45:00+00:00,2.043,0.259,8.64
LOC034-U01,2026-01-01T22:00:00+00:00,1.713,0.36,10.45
LOC034-U01,2026-01-01T22:15:00+00:00,1.564,0.339,11.3
LOC034-U01,2026-01-01T22:30:00+00:00,0.792,0.294,8.93
LOC034-U01,2026-01-01T22:45:00+00:00,2.616,0.238,9.67
LOC034-U01,2026-01-01T23:00:00+00:00,1.58,0.261,7.46
LOC034-U01,2026-01-01T23:15:00+00:00,1.94,0.27,8.14
LOC034-U01,2026-01-01T23:30:00+00:00,1.781,0.306,7.99
LOC034-U01,2026-01-01T23:45:00+00:00,1.777,0.285,9.19
LOC034-U01,2026-01-02T00:00:00+00:00,2.061,0.363,7.96
LOC034-U01,2026-01-02T00:15:00+00:00,1.94,0.332,9.27
LOC034-U01,2026-01-02T00:30:00+00:00,1.914,0.327,8.33
LOC034-U01,2026-01-02T00:45:00+00:00,0.536,0.299,10.81
LOC034-U01,2026-01-02T01:00:00+00:00,2.569,0.34,11.67
LOC034-U01,2026-01-02T01:15:00+00:00,2.771,0.319,9.51
LOC034-U01,2026-01-02T01:30:00+00:00,2.521,0.268,8.34
LOC034-U01,2026-01-02T01:45:00+00:00,3.009,0.347,7.71
LOC034-U01,2026-01-02T02:00:00+00:00,1.793,0.354,10.35
LOC034-U01,2026-01-02T02:15:00+00:00,1.629,0.274,8.39
LOC034-U01,2026-01-02T02:30:00+00:00,2.028,0.32,9.3
LOC034-U01,2026-01-02T02:45:00+00:00,2.453,0.293,10.61
LOC034-U01,2026-01-02T03:00:00+00:00,2.518,0.257,8.14
LOC034-U01,2026-01-02T03:15:00+00:00,1.037,0.222,9.49
LOC034-U01,2026-01-02T03:30:00+00:00,2.02,0.308,9.72
LOC034-U01,2026-01-02T03:45:00+00:00,2.013,0.37,8.21
LOC003-U01,2026-01-01T10:00:00+00:00,2.213,0.279,7.49
LOC003-U01,2026-01-01T10:15:00+00:00,1.883,0.312,8.7
LOC003-U01,2026-01-01T10:30:00+00:00,1.94,0.255,9.86
LOC003-U01,2026-01-01T10:45:00+00:00,2.132,0.302,9.46
LOC003-U01,2026-01-01T11:00:00+00:00,2.644,0.281,11.29
LOC003-U01,2026-01-01T11:15:00+00:00,2.667,0.356,10.14
LOC003-U01,2026-01-01T11:30:00+00:00,1.583,0.294,9.08
LOC003-U01,2026-01-01T11:45:00+00:00,2.761,0.232,9.96
LOC003-U01,2026-01-01T12:00:00+00:00,2.368,0.324,8.71
LOC003-U01,2026-01-01T12:15:00+00:00,2.06,0.293,9.63
LOC003-U01,2026-01-01T12:30:00+00:00,1.729,0.271,7.14
LOC003-U01,2026-01-01T12:45:00+00:00,1.674,0.238,10.59
LOC003-U01,2026-01-01T13:00:00+00:00,2.098,0.237,8.3
LOC003-U01,2026-01-01T13:15:00+00:00,2.229,0.363,11.2
LOC003-U01,2026-01-01T13:30:00+00:00,1.973,0.312,8.62
LOC003-U01,2026-01-01T13:45:00+00:00,2.135,0.319,7.64
LOC003-U01,2026-01-01T14:00:00+00:00,2.611,0.309,10.38
LOC003-U01,2026-01-01T14:15:00+00:00,2.449,0.304,10.97
LOC003-U01,2026-01-01T14:30:00+00:00,2.127,0.266,10.77
LOC003-U01,2026-01-01T14:45:00+00:00,2.415,0.242,9.29
LOC003-U01,2026-01-01T15:00:00+00:00,2.429,0.308,7.22
LOC003-U01,2026-01-01T15:15:00+00:00,1.143,0.264,7.6
LOC003-U01,2026-01-01T15:30:00+00:00,1.346,0.288,8.18
LOC003-U01,2026-01-01T15:45:00+00:00,1.339,0.353,7.62
LOC003-U01,2026-01-01T16:00:00+00:00,2.768,0.283,10.88
LOC003-U01,2026-01-01T16:15:00+00:00,3.633,0.329,9.91
LOC003-U01,2026-01-01T16:30:00+00:00,1.553,0.26,11.19
LOC003-U01,2026-01-01T16:45:00+00:00,1.79,0.34,7.36
LOC003-U01,2026-01-01T17:00:00+00:00,2.043,0.327,8.27
LOC003-U01,2026-01-01T17:15:00+00:00,1.224,0.327,8.08
LOC003-U01,2026-01-01T17:30:00+00:00,2.678,0.237,11.03
LOC003-U01,2026-01-01T17:45:00+00:00,2.3,0.308,9.01
LOC003-U01,2026-01-01T18:00:00+00:00,3.128,0.267,8.85
LOC003-U01,2026-01-01T18:15:00+00:00,2.749,0.291,9.98
LOC003-U01,2026-01-01T18:30:00+00:00,1.594,0.32,7.37
LOC003-U01,2026-01-01T18:45:00+00:00,2.742,0.328,10.02
LOC003-U01,2026-01-01T19:00:00+00:00,2.222,0.349,11.23
LOC003-U01,2026-01-01T19:15:00+00:00,2.366,0.344,6.94
LOC003-U01,2026-01-01T19:30:00+00:00,2.326,0.35,9.06
LOC003-U01,2026-01-01T19:45:00+00:00,1.466,0.234,10.79
LOC003-U01,2026-01-01T20:00:00+00:00,2.458,0.328,6.97
LOC003-U01,2026-01-01T20:15:00+00:00,2.679,0.329,8.13
LOC003-U01,2026-01-01T20:30:00+00:00,2.296,0.359,11.35
LOC003-U01,2026-01-01T20:45:00+00:00,2.297,0.285,7.72
LOC003-U01,2026-01-01T21:00:00+00:00,1.929,0.256,9.0
LOC003-U01,2026-01-01T21:15:00+00:00,1.962,0.249,11.32
LOC003-U01,2026-01-01T21:30:00+00:00,1.907,0.235,10.11
LOC003-U01,2026-01-01T21:45:00+00:00,2.688,0.287,9.67
LOC003-U01,2026-01-01T22:00:00+00:00,1.87,0.259,7.1
LOC003-U01,2026-01-01T22:15:00+00:00,2.165,0.365,8.11
LOC003-U01,2026-01-01T22:30:00+00:00,2.345,0.286,10.15
LOC003-U01,2026-01-01T22:45:00+00:00,1.399,0.26,6.88
LOC003-U01,2026-01-01T23:00:00+00:00,2.479,0.372,11.42
LOC003-U01,2026-01-01T23:15:00+00:00,1.958,0.283,8.69
LOC003-U01,2026-01-01T23:30:00+00:00,1.749,0.26,10.5
LOC003-U01,2026-01-01T23:45:00+00:00,1.45,0.368,6.8
LOC003-U01,2026-01-02T00:00:00+00:00,2.266,0.251,11.52
LOC003-U01,2026-01-02T00:15:00+00:00,1.78,0.319,9.56
LOC003-U01,2026-01-02T00:30:00+00:00,2.352,0.274,10.09
LOC003-U01,2026-01-02T00:45:00+00:00,1.814,0.261,7.42
LOC003-U01,2026-01-02T01:00:00+00:00,2.394,0.349,9.0
LOC003-U01,2026-01-02T01:15:00+00:00,2.135,0.374,11.35
LOC003-U01,2026-01-02T01:30:00+00:00,1.137,0.261,10.26
LOC003-U01,2026-01-02T01:45:00+00:00,2.357,0.233,8.24
LOC003-U01,2026-01-02T02:00:00+00:00,2.712,0.221,6.94
LOC003-U01,2026-01-02T02:15:00+00:00,2.561,0.352,10.3
LOC003-U01,2026-01-02T02:30:00+00:00,2.042,0.224,9.46
LOC003-U01,2026-01-02T02:45:00+00:00,2.387,0.378,11.49
LOC003-U01,2026-01-02T03:00:00+00:00,2.413,0.277,8.46
LOC003-U01,2026-01-02T03:15:00+00:00,1.11,0.239,10.7
LOC003-U01,2026-01-02T03:30:00+00:00,2.987,0.36,8.54
LOC003-U01,2026-01-02T03:45:00+00:00,2.599,0.308,11.01
LOC004-U02,2026-01-01T10:00:00+00:00,2.295,0.242,9.07
LOC004-U02,2026-01-01T10:15:00+00:00,2.456,0.301,8.7
LOC004-U02,2026-01-01T10:30:00+00:00,1.905,0.255,8.55
LOC004-U02,2026-01-01T10:45:00+00:00,2.855,0.308,9.96
LOC004-U02,2026-01-01T11:00:00+00:00,1.988,0.376,7.85
LOC004-U02,2026-01-01T11:15:00+00:00,2.134,0.225,7.96
LOC004-U02,2026-01-01T11:30:00+00:00,2.46,0.243,7.16
LOC004-U02,2026-01-01T11:45:00+00:00,2.94,0.29,10.54
LOC004-U02,2026-01-01T12:00:00+00:00,2.64,0.377,8.17
LOC004-U02,2026-01-01T12:15:00+00:00,1.964,0.262,6.66
LOC004-U02,2026-01-01T12:30:00+00:00,3.321,0.378,10.97
LOC004-U02,2026-01-01T12:45:00+00:00,2.289,0.229,10.23
LOC004-U02,2026-01-01T13:00:00+00:00,1.868,0.341,10.27
LOC004-U02,2026-01-01T13:15:00+00:00,2.286,0.363,10.39
LOC004-U02,2026-01-01T13:30:00+00:00,2.659,0.22,9.23
LOC004-U02,2026-01-01T13:45:00+00:00,1.753,0.31,7.08
LOC004-U02,2026-01-01T14:00:00+00:00,1.734,0.25,6.79
LOC004-U02,2026-01-01T14:15:00+00:00,2.375,0.36,7.86
LOC004-U02,2026-01-01T14:30:00+00:00,1.054,0.285,8.52
LOC004-U02,2026-01-01T14:45:00+00:00,1.496,0.262,11.23
LOC004-U02,2026-01-01T15:00:00+00:00,2.419,0.306,10.53
LOC004-U02,2026-01-01T15:15:00+00:00,1.899,0.285,8.35
LOC004-U02,2026-01-01T15:30:00+00:00,2.492,0.239,9.52
LOC004-U02,2026-01-01T15:45:00+00:00,2.961,0.332,9.35
LOC004-U02,2026-01-01T16:00:00+00:00,2.291,0.235,8.93
LOC004-U02,2026-01-01T16:15:00+00:00,1.909,0.373,9.03
LOC004-U02,2026-01-01T16:30:00+00:00,2.463,0.341,11.81
LOC004-U02,2026-01-01T16:45:00+00:00,2.772,0.371,10.35
LOC004-U02,2026-01-01T17:00:00+00:00,2.281,0.299,11.35
LOC004-U02,2026-01-01T17:15:00+00:00,1.811,0.259,11.21
LOC004-U02,2026-01-01T17:30:00+00:00,2.138,0.265,11.33
LOC004-U02,2026-01-01T17:45:00+00:00,1.438,0.352,7.16
LOC004-U02,2026-01-01T18:00:00+00:00,1.849,0.222,8.11
LOC004-U02,2026-01-01T18:15:00+00:00,2.58,0.223,8.78
LOC004-U02,2026-01-01T18:30:00+00:00,1.01,0.24,8.22
LOC004-U02,2026-01-01T18:45:00+00:00,2.396,0.35,9.16
LOC004-U02,2026-01-01T19:00:00+00:00,1.534,0.358,7.1
LOC004-U02,2026-01-01T19:15:00+00:00,3.217,0.369,10.86
LOC004-U02,2026-01-01T19:30:00+00:00,2.464,0.285,8.4
LOC004-U02,2026-01-01T19:45:00+00:00,2.988,0.242,7.17
LOC004-U02,2026-01-01T20:00:00+00:00,1.562,0.268,11.11
LOC004-U02,2026-01-01T20:15:00+00:00,1.87,0.356,11.56
LOC004-U02,2026-01-01T20:30:00+00:00,1.978,0.294,11.51
LOC004-U02,2026-01-01T20:45:00+00:00,2.244,0.347,8.2
LOC004-U02,2026-01-01T21:00:00+00:00,2.12,0.378,8.89
LOC004-U02,2026-01-01T21:15:00+00:00,1.924,0.292,9.0
LOC004-U02,2026-01-01T21:30:00+00:00,2.581,0.308,8.59
LOC004-U02,2026-01-01T21:45:00+00:00,1.797,0.221,10.57
LOC004-U02,2026-01-01T22:00:00+00:00,2.635,0.278,7.95
LOC004-U02,2026-01-01T22:15:00+00:00,2.956,0.267,8.66
LOC004-U02,2026-01-01T22:30:00+00:00,2.804,0.228,11.26
LOC004-U02,2026-01-01T22:45:00+00:00,2.052,0.316,10.02
LOC004-U02,2026-01-01T23:00:00+00:00,1.006,0.366,7.86
LOC004-U02,2026-01-01T23:15:00+00:00,1.956,0.256,9.14
LOC004-U02,2026-01-01T23:30:00+00:00,1.717,0.256,10.11
LOC004-U02,2026-01-01T23:45:00+00:00,2.312,0.368,9.94
LOC004-U02,2026-01-02T00:00:00+00:00,1.058,0.262,8.11
LOC004-U02,2026-01-02T00:15:00+00:00,1.791,0.366,7.16
LOC004-U02,2026-01-02T00:30:00+00:00,2.479,0.36,10.4
LOC004-U02,2026-01-02T00:45:00+00:00,2.528,0.247,7.05
LOC004-U02,2026-01-02T01:00:00+00:00,1.377,0.29,7.41
LOC004-U02,2026-01-02T01:15:00+00:00,2.1,0.275,9.09
LOC004-U02,2026-01-02T01:30:00+00:00,1.698,0.309,9.02
LOC004-U02,2026-01-02T01:45:00+00:00,1.525,0.375,10.72
LOC004-U02,2026-01-02T02:00:00+00:00,1.96,0.266,10.43
LOC004-U02,2026-01-02T02:15:00+00:00,1.369,0.295,7.16
LOC004-U02,2026-01-02T02:30:00+00:00,2.251,0.288,11.51
LOC004-U02,2026-01-02T02:45:00+00:00,2.264,0.308,11.6
LOC004-U02,2026-01-02T03:00:00+00:00,1.688,0.307,11.45
LOC004-U02,2026-01-02T03:15:00+00:00,2.846,0.244,7.18
LOC004-U02,2026-01-02T03:30:00+00:00,2.641,0.261,10.73
LOC004-U02,2026-01-02T03:45:00+00:00,2.074,0.325,9.59
LOC019-U02,2026-01-01T10:00:00+00:00,3.253,0.289,11.2
LOC019-U02,2026-01-01T10:15:00+00:00,2.725,0.297,8.0
LOC019-U02,2026-01-01T10:30:00+00:00,2.386,0.344,7.62
LOC019-U02,2026-01-01T10:45:00+00:00,1.446,0.327,8.3
LOC019-U02,2026-01-01T11:00:00+00:00,3.201,0.331,9.1
LOC019-U02,2026-01-01T11:15:00+00:00,2.8,0.311,6.97
LOC019-U02,2026-01-01T11:30:00+00:00,2.828,0.378,9.66
LOC019-U02,2026-01-01T11:45:00+00:00,1.848,0.243,9.85
LOC019-U02,2026-01-01T12:00:00+00:00,2.126,0.343,8.45
LOC019-U02,2026-01-01T12:15:00+00:00,1.891,0.331,7.68
LOC019-U02,2026-01-01T12:30:00+00:00,2.298,0.303,7.32
LOC019-U02,2026-01-01T12:45:00+00:00,2.041,0.377,11.06
LOC019-U02,2026-01-01T13:00:00+00:00,1.537,0.34,7.98
LOC019-U02,2026-01-01T13:15:00+00:00,2.902,0.279,10.18
LOC019-U02,2026-01-01T13:30:00+00:00,1.836,0.308,8.13
LOC019-U02,2026-01-01T13:45:00+00:00,1.823,0.266,8.06
LOC019-U02,2026-01-01T14:00:00+00:00,1.902,0.372,8.24
LOC019-U02,2026-01-01T14:15:00+00:00,2.579,0.237,9.42
LOC019-U02,2026-01-01T14:30:00+00:00,2.501,0.342,11.81
LOC019-U02,2026-01-01T14:45:00+00:00,2.663,0.374,9.28
LOC019-U02,2026-01-01T15:00:00+00:00,1.59,0.298,10.71
LOC019-U02,2026-01-01T15:15:00+00:00,2.818,0.357,9.08
LOC019-U02,2026-01-01T15:30:00+00:00,2.127,0.305,10.75
LOC019-U02,2026-01-01T15:45:00+00:00,0.981,0.339,11.1
LOC019-U02,2026-01-01T16:00:00+00:00,2.624,0.318,11.52
LOC019-U02,2026-01-01T16:15:00+00:00,2.278,0.331,11.07
LOC019-U02,2026-01-01T16:30:00+00:00,2.267,0.305,11.18
LOC019-U02,2026-01-01T16:45:00+00:00,2.6,0.231,9.67
LOC019-U02,2026-01-01T17:00:00+00:00,1.617,0.259,9.09
LOC019-U02,2026-01-01T17:15:00+00:00,1.664,0.312,11.47
LOC019-U02,2026-01-01T17:30:00+00:00,2.18,0.255,11.25
LOC019-U02,2026-01-01T17:45:00+00:00,1.959,0.343,10.2
LOC019-U02,2026-01-01T18:00:00+00:00,1.346,0.283,8.67
LOC019-U02,2026-01-01T18:15:00+00:00,2.797,0.243,6.89
LOC019-U02,2026-01-01T18:30:00+00:00,2.391,0.224,8.01
LOC019-U02,2026-01-01T18:45:00+00:00,1.82,0.36,8.58
LOC019-U02,2026-01-01T19:00:00+00:00,2.234,0.374,10.92
LOC019-U02,2026-01-01T19:15:00+00:00,2.833,0.361,10.12
LOC019-U02,2026-01-01T19:30:00+00:00,1.859,0.26,10.73
LOC019-U02,2026-01-01T19:45:00+00:00,2.732,0.31,9.5
LOC019-U02,2026-01-01T20:00:00+00:00,2.541,0.363,11.53
LOC019-U02,2026-01-01T20:15:00+00:00,2.17,0.373,8.76
LOC019-U02,2026-01-01T20:30:00+00:00,2.872,0.347,7.72
LOC019-U02,2026-01-01T20:45:00+00:00,2.929,0.313,11.71
LOC019-U02,2026-01-01T21:00:00+00:00,1.785,0.284,9.26
LOC019-U02,2026-01-01T21:15:00+00:00,1.63,0.349,10.45
LOC019-U02,2026-01-01T21:30:00+00:00,1.974,0.281,10.54
LOC019-U02,2026-01-01T21:45:00+00:00,2.365,0.334,8.01
LOC019-U02,2026-01-01T22:00:00+00:00,1.964,0.308,11.43
LOC019-U02,2026-01-01T22:15:00+00:00,2.316,0.36,7.98
LOC019-U02,2026-01-01T22:30:00+00:00,3.241,0.325,8.74
LOC019-U02,2026-01-01T22:45:00+00:00,3.121,0.299,7.53
LOC019-U02,2026-01-01T23:00:00+00:00,2.074,0.341,7.56
LOC019-U02,2026-01-01T23:15:00+00:00,2.237,0.316,11.44
LOC019-U02,2026-01-01T23:30:00+00:00,1.837,0.271,9.57
LOC019-U02,2026-01-01T23:45:00+00:00,0.72,0.34,10.09
LOC019-U02,2026-01-02T00:00:00+00:00,2.063,0.245,10.81
LOC019-U02,2026-01-02T00:15:00+00:00,1.234,0.358,9.2
LOC019-U02,2026-01-02T00:30:00+00:00,2.102,0.24,7.9
LOC019-U02,2026-01-02T00:45:00+00:00,1.856,0.297,9.3
LOC019-U02,2026-01-02T01:00:00+00:00,2.049,0.245,10.41
LOC019-U02,2026-01-02T01:15:00+00:00,1.537,0.33,8.32
LOC019-U02,2026-01-02T01:30:00+00:00,1.444,0.372,10.37
LOC019-U02,2026-01-02T01:45:00+00:00,2.067,0.251,9.34
LOC019-U02,2026-01-02T02:00:00+00:00,2.409,0.276,7.1
LOC019-U02,2026-01-02T02:15:00+00:00,2.573,0.366,9.9
LOC019-U02,2026-01-02T02:30:00+00:00,2.319,0.374,9.23
LOC019-U02,2026-01-02T02:45:00+00:00,1.98,0.38,7.08
LOC019-U02,2026-01-02T03:00:00+00:00,2.07,0.357,10.51
LOC019-U02,2026-01-02T03:15:00+00:00,2.647,0.245,9.77
LOC019-U02,2026-01-02T03:30:00+00:00,2.206,0.292,10.53
LOC019-U02,2026-01-02T03:45:00+00:00,2.817,0.363,8.5
LOC024-U01,2026-01-01T10:00:00+00:00,2.522,0.237,7.92
LOC024-U01,2026-01-01T10:15:00+00:00,2.503,0.35,9.78
LOC024-U01,2026-01-01T10:30:00+00:00,3.177,0.249,8.81
LOC024-U01,2026-01-01T10:45:00+00:00,3.42,0.369,10.09
LOC024-U01,2026-01-01T11:00:00+00:00,2.542,0.371,7.41
LOC024-U01,2026-01-01T11:15:00+00:00,2.289,0.329,11.25
LOC024-U01,2026-01-01T11:30:00+00:00,1.55,0.361,11.36
LOC024-U01,2026-01-01T11:45:00+00:00,2.082,0.224,7.98
LOC024-U01,2026-01-01T12:00:00+00:00,2.509,0.333,10.47
LOC024-U01,2026-01-01T12:15:00+00:00,2.407,0.264,9.36
LOC024-U01,2026-01-01T12:30:00+00:00,2.448,0.263,8.26
LOC024-U01,2026-01-01T12:45:00+00:00,2.323,0.339,11.26
LOC024-U01,2026-01-01T13:00:00+00:00,2.528,0.324,11.15
LOC024-U01,2026-01-01T13:15:00+00:00,1.773,0.366,11.34
LOC024-U01,2026-01-01T13:30:00+00:00,1.945,0.327,6.87
LOC024-U01,2026-01-01T13:45:00+00:00,2.421,0.293,11.61
LOC024-U01,2026-01-01T14:00:00+00:00,2.2,0.326,8.09
LOC024-U01,2026-01-01T14:15:00+00:00,1.915,0.287,8.29
LOC024-U01,2026-01-01T14:30:00+00:00,1.281,0.268,7.73
LOC024-U01,2026-01-01T14:45:00+00:00,2.665,0.265,8.08
LOC024-U01,2026-01-01T15:00:00+00:00,2.212,0.255,11.41
LOC024-U01,2026-01-01T15:15:00+00:00,1.761,0.379,8.87
LOC024-U01,2026-01-01T15:30:00+00:00,1.876,0.247,9.48
LOC024-U01,2026-01-01T15:45:00+00:00,2.206,0.307,10.79
LOC024-U01,2026-01-01T16:00:00+00:00,2.63,0.323,9.76
LOC024-U01,2026-01-01T16:15:00+00:00,2.554,0.285,8.39
LOC024-U01,2026-01-01T16:30:00+00:00,2.935,0.368,11.16
LOC024-U01,2026-01-01T16:45:00+00:00,1.742,0.34,11.49
LOC024-U01,2026-01-01T17:00:00+00:00,2.563,0.38,9.29
LOC024-U01,2026-01-01T17:15:00+00:00,2.752,0.276,11.53
LOC024-U01,2026-01-01T17:30:00+00:00,2.422,0.266,7.51
LOC024-U01,2026-01-01T17:45:00+00:00,2.208,0.366,8.19
LOC024-U01,2026-01-01T18:00:00+00:00,1.235,0.379,7.96
LOC024-U01,2026-01-01T18:15:00+00:00,2.369,0.286,10.65
LOC024-U01,2026-01-01T18:30:00+00:00,1.459,0.269,10.54
LOC024-U01,2026-01-01T18:45:00+00:00,2.666,0.279,7.26
LOC024-U01,2026-01-01T19:00:00+00:00,2.45,0.37,9.28
LOC024-U01,2026-01-01T19:15:00+00:00,2.489,0.324,10.03
LOC024-U01,2026-01-01T19:30:00+00:00,2.312,0.23,11.41
LOC024-U01,2026-01-01T19:45:00+00:00,2.51,0.359,7.57
LOC024-U01,2026-01-01T20:00:00+00:00,2.585,0.304,7.12
LOC024-U01,2026-01-01T20:15:00+00:00,1.883,0.32,7.98
LOC024-U01,2026-01-01T20:30:00+00:00,2.859,0.277,9.11
LOC024-U01,2026-01-01T20:45:00+00:00,1.815,0.298,7.44
LOC024-U01,2026-01-01T21:00:00+00:00,2.322,0.374,7.26
LOC024-U01,2026-01-01T21:15:00+00:00,1.647,0.232,9.63
LOC024-U01,2026-01-01T21:30:00+00:00,2.228,0.315,10.49
LOC024-U01,2026-01-01T21:45:00+00:00,1.772,0.242,7.27
LOC024-U01,2026-01-01T22:00:00+00:00,2.472,0.227,8.53
LOC024-U01,2026-01-01T22:15:00+00:00,2.419,0.334,11.03
LOC024-U01,2026-01-01T22:30:00+00:00,1.973,0.266,10.71
LOC024-U01,2026-01-01T22:45:00+00:00,1.527,0.279,10.21
LOC024-U01,2026-01-01T23:00:00+00:00,2.095,0.254,7.11
LOC024-U01,2026-01-01T23:15:00+00:00,2.152,0.22,9.3
LOC024-U01,2026-01-01T23:30:00+00:00,1.981,0.339,9.89
LOC024-U01,2026-01-01T23:45:00+00:00,2.033,0.22,8.23
LOC024-U01,2026-01-02T00:00:00+00:00,2.744,0.264,10.8
LOC024-U01,2026-01-02T00:15:00+00:00,1.761,0.344,10.91
LOC024-U01,2026-01-02T00:30:00+00:00,2.414,0.33,8.71
LOC024-U01,2026-01-02T00:45:00+00:00,1.627,0.266,10.66
LOC024-U01,2026-01-02T01:00:00+00:00,1.549,0.244,8.33
LOC024-U01,2026-01-02T01:15:00+00:00,2.207,0.303,11.6
LOC024-U01,2026-01-02T01:30:00+00:00,0.943,0.377,9.06
LOC024-U01,2026-01-02T01:45:00+00:00,2.482,0.329,10.19
LOC024-U01,2026-01-02T02:00:00+00:00,2.537,0.323,8.09
LOC024-U01,2026-01-02T02:15:00+00:00,2.253,0.28,8.27
LOC024-U01,2026-01-02T02:30:00+00:00,1.834,0.367,9.61
LOC024-U01,2026-01-02T02:45:00+00:00,2.307,0.238,7.98
LOC024-U01,2026-01-02T03:00:00+00:00,3.28,0.226,11.54
LOC024-U01,2026-01-02T03:15:00+00:00,2.323,0.28,8.18
LOC024-U01,2026-01-02T03:30:00+00:00,1.335,0.252,11.32
LOC024-U01,2026-01-02T03:45:00+00:00,1.342,0.361,9.15
LOC033-U01,2026-01-01T10:00:00+00:00,2.268,0.301,10.61
LOC033-U01,2026-01-01T10:15:00+00:00,1.73,0.347,9.87
LOC033-U01,2026-01-01T10:30:00+00:00,1.671,0.302,11.3
LOC033-U01,2026-01-01T10:45:00+00:00,2.005,0.239,7.32
LOC033-U01,2026-01-01T11:00:00+00:00,2.954,0.23,7.22
LOC033-U01,2026-01-01T11:15:00+00:00,1.621,0.263,10.77
LOC033-U01,2026-01-01T11:30:00+00:00,1.739,0.354,10.35
LOC033-U01,2026-01-01T11:45:00+00:00,1.893,0.371,10.43
LOC033-U01,2026-01-01T12:00:00+00:00,2.668,0.335,9.57
LOC033-U01,2026-01-01T12:15:00+00:00,2.147,0.243,9.03
LOC033-U01,2026-01-01T12:30:00+00:00,1.37,0.24,10.01
LOC033-U01,2026-01-01T12:45:00+00:00,1.709,0.346,8.65
LOC033-U01,2026-01-01T13:00:00+00:00,2.677,0.285,10.41
LOC033-U01,2026-01-01T13:15:00+00:00,1.246,0.302,11.34
LOC033-U01,2026-01-01T13:30:00+00:00,2.069,0.338,11.02
LOC033-U01,2026-01-01T13:45:00+00:00,3.306,0.273,7.34
LOC033-U01,2026-01-01T14:00:00+00:00,2.861,0.328,10.21
LOC033-U01,2026-01-01T14:15:00+00:00,1.976,0.306,11.14
LOC033-U01,2026-01-01T14:30:00+00:00,1.873,0.352,8.05
LOC033-U01,2026-01-01T14:45:00+00:00,2.043,0.256,8.69
LOC033-U01,2026-01-01T15:00:00+00:00,2.139,0.367,9.3
LOC033-U01,2026-01-01T15:15:00+00:00,1.759,0.366,10.49
LOC033-U01,2026-01-01T15:30:00+00:00,2.314,0.229,9.88
LOC033-U01,2026-01-01T15:45:00+00:00,1.916,0.352,8.38
LOC033-U01,2026-01-01T16:00:00+00:00,2.375,0.221,6.55
LOC033-U01,2026-01-01T16:15:00+00:00,1.811,0.369,9.34
LOC033-U01,2026-01-01T16:30:00+00:00,1.762,0.304,8.0
LOC033-U01,2026-01-01T16:45:00+00:00,2.02,0.254,10.9
LOC033-U01,2026-01-01T17:00:00+00:00,2.059,0.241,11.37
LOC033-U01,2026-01-01T17:15:00+00:00,2.399,0.378,7.62
LOC033-U01,2026-01-01T17:30:00+00:00,2.897,0.335,10.01
LOC033-U01,2026-01-01T17:45:00+00:00,2.047,0.277,7.48
LOC033-U01,2026-01-01T18:00:00+00:00,2.82,0.375,9.54
LOC033-U01,2026-01-01T18:15:00+00:00,2.059,0.369,8.49
LOC033-U01,2026-01-01T18:30:00+00:00,2.414,0.262,9.72
LOC033-U01,2026-01-01T18:45:00+00:00,1.621,0.237,7.55
LOC033-U01,2026-01-01T19:00:00+00:00,2.396,0.361,10.07
LOC033-U01,2026-01-01T19:15:00+00:00,1.984,0.221,11.0
LOC033-U01,2026-01-01T19:30:00+00:00,2.257,0.233,6.55
LOC033-U01,2026-01-01T19:45:00+00:00,2.038,0.271,8.18
LOC033-U01,2026-01-01T20:00:00+00:00,1.224,0.338,6.7
LOC033-U01,2026-01-01T20:15:00+00:00,1.818,0.22,9.82
LOC033-U01,2026-01-01T20:30:00+00:00,2.046,0.283,9.04
LOC033-U01,2026-01-01T20:45:00+00:00,2.522,0.356,11.12
LOC033-U01,2026-01-01T21:00:00+00:00,2.287,0.374,8.18
LOC033-U01,2026-01-01T21:15:00+00:00,2.454,0.286,11.6
LOC033-U01,2026-01-01T21:30:00+00:00,3.118,0.305,10.28
LOC033-U01,2026-01-01T21:45:00+00:00,1.605,0.234,11.05
LOC033-U01,2026-01-01T22:00:00+00:00,2.804,0.327,11.16
LOC033-U01,2026-01-01T22:15:00+00:00,1.141,0.352,8.09
LOC033-U01,2026-01-01T22:30:00+00:00,2.244,0.3,7.28
LOC033-U01,2026-01-01T22:45:00+00:00,3.006,0.278,8.41
LOC033-U01,2026-01-01T23:00:00+00:00,2.119,0.323,10.61
LOC033-U01,2026-01-01T23:15:00+00:00,2.946,0.365,11.3
LOC033-U01,2026-01-01T23:30:00+00:00,1.856,0.363,7.03
LOC033-U01,2026-01-01T23:45:00+00:00,1.862,0.281,10.89
LOC033-U01,2026-01-02T00:00:00+00:00,2.243,0.266,10.57
LOC033-U01,2026-01-02T00:15:00+00:00,1.372,0.255,9.48
LOC033-U01,2026-01-02T00:30:00+00:00,1.785,0.286,10.65
LOC033-U01,2026-01-02T00:45:00+00:00,1.867,0.248,11.06
LOC033-U01,2026-01-02T01:00:00+00:00,1.536,0.231,9.38
LOC033-U01,2026-01-02T01:15:00+00:00,2.287,0.342,11.32
LOC033-U01,2026-01-02T01:30:00+00:00,1.67,0.364,8.71
LOC033-U01,2026-01-02T01:45:00+00:00,1.302,0.307,9.01
LOC033-U01,2026-01-02T02:00:00+00:00,2.34,0.353,9.01
LOC033-U01,2026-01-02T02:15:00+00:00,2.104,0.302,8.41
LOC033-U01,2026-01-02T02:30:00+00:00,2.397,0.305,11.18
LOC033-U01,2026-01-02T02:45:00+00:00,2.573,0.377,11.52
LOC033-U01,2026-01-02T03:00:00+00:00,1.941,0.246,10.75
LOC033-U01,2026-01-02T03:15:00+00:00,1.665,0.221,8.93
LOC033-U01,2026-01-02T03:30:00+00:00,1.93,0.291,8.1
LOC033-U01,2026-01-02T03:45:00+00:00,1.141,0.354,8.37
LOC038-U02,2026-01-01T10:00:00+00:00,2.734,0.37,11.32
LOC038-U02,2026-01-01T10:15:00+00:00,2.277,0.373,10.78
LOC038-U02,2026-01-01T10:30:00+00:00,0.848,0.244,6.47
LOC038-U02,2026-01-01T10:45:00+00:00,1.588,0.281,6.46
LOC038-U02,2026-01-01T11:00:00+00:00,3.377,0.28,6.97
LOC038-U02,2026-01-01T11:15:00+00:00,1.521,0.329,8.51
LOC038-U02,2026-01-01T11:30:00+00:00,1.96,0.283,10.79
LOC038-U02,2026-01-01T11:45:00+00:00,2.241,0.225,11.41
LOC038-U02,2026-01-01T12:00:00+00:00,3.241,0.317,7.18
LOC038-U02,2026-01-01T12:15:00+00:00,1.526,0.281,7.05
LOC038-U02,2026-01-01T12:30:00+00:00,1.905,0.321,11.43
LOC038-U02,2026-01-01T12:45:00+00:00,2.399,0.297,10.82
LOC038-U02,2026-01-01T13:00:00+00:00,2.386,0.346,8.7
LOC038-U02,2026-01-01T13:15:00+00:00,1.442,0.371,7.47
LOC038-U02,2026-01-01T13:30:00+00:00,1.313,0.308,9.07
LOC038-U02,2026-01-01T13:45:00+00:00,2.154,0.378,10.88
LOC038-U02,2026-01-01T14:00:00+00:00,2.521,0.366,8.64
LOC038-U02,2026-01-01T14:15:00+00:00,2.634,0.367,11.71
LOC038-U02,2026-01-01T14:30:00+00:00,2.093,0.364,7.36
LOC038-U02,2026-01-01T14:45:00+00:00,3.179,0.285,8.33
LOC038-U02,2026-01-01T15:00:00+00:00,1.96,0.379,8.62
LOC038-U02,2026-01-01T15:15:00+00:00,2.095,0.249,10.74
LOC038-U02,2026-01-01T15:30:00+00:00,2.91,0.286,11.69
LOC038-U02,2026-01-01T15:45:00+00:00,1.894,0.377,10.57
LOC038-U02,2026-01-01T16:00:00+00:00,2.047,0.335,10.07
LOC038-U02,2026-01-01T16:15:00+00:00,2.936,0.302,7.88
LOC038-U02,2026-01-01T16:30:00+00:00,2.321,0.333,7.39
LOC038-U02,2026-01-01T16:45:00+00:00,2.273,0.322,7.65
LOC038-U02,2026-01-01T17:00:00+00:00,2.633,0.315,10.74
LOC038-U02,2026-01-01T17:15:00+00:00,2.262,0.324,8.56
LOC038-U02,2026-01-01T17:30:00+00:00,1.715,0.223,9.02
LOC038-U02,2026-01-01T17:45:00+00:00,1.426,0.283,7.88
LOC038-U02,2026-01-01T18:00:00+00:00,2.399,0.285,9.5
LOC038-U02,2026-01-01T18:15:00+00:00,1.923,0.312,10.48
LOC038-U02,2026-01-01T18:30:00+00:00,2.142,0.379,9.48
LOC038-U02,2026-01-01T18:45:00+00:00,2.446,0.317,7.75
LOC038-U02,2026-01-01T19:00:00+00:00,3.272,0.303,8.09
LOC038-U02,2026-01-01T19:15:00+00:00,1.664,0.248,6.87
LOC038-U02,2026-01-01T19:30:00+00:00,2.115,0.228,9.89
LOC038-U02,2026-01-01T19:45:00+00:00,2.602,0.374,11.16
LOC038-U02,2026-01-01T20:00:00+00:00,2.937,0.271,11.78
LOC038-U02,2026-01-01T20:15:00+00:00,2.232,0.315,9.74
LOC038-U02,2026-01-01T20:30:00+00:00,2.423,0.24,9.48
LOC038-U02,2026-01-01T20:45:00+00:00,3.227,0.353,11.57
LOC038-U02,2026-01-01T21:00:00+00:00,2.024,0.305,10.07
LOC038-U02,2026-01-01T21:15:00+00:00,1.915,0.314,7.15
LOC038-U02,2026-01-01T21:30:00+00:00,2.67,0.324,11.85
LOC038-U02,2026-01-01T21:45:00+00:00,1.674,0.364,9.21
LOC038-U02,2026-01-01T22:00:00+00:00,2.528,0.259,7.51
LOC038-U02,2026-01-01T22:15:00+00:00,1.767,0.224,10.32
LOC038-U02,2026-01-01T22:30:00+00:00,1.99,0.361,11.64
LOC038-U02,2026-01-01T22:45:00+00:00,1.764,0.328,8.38
LOC038-U02,2026-01-01T23:00:00+00:00,1.949,0.264,7.18
LOC038-U02,2026-01-01T23:15:00+00:00,2.141,0.27,8.25
LOC038-U02,2026-01-01T23:30:00+00:00,2.445,0.362,8.19
LOC038-U02,2026-01-01T23:45:00+00:00,1.393,0.269,7.19
LOC038-U02,2026-01-02T00:00:00+00:00,3.039,0.284,11.49
LOC038-U02,2026-01-02T00:15:00+00:00,1.673,0.236,10.84
LOC038-U02,2026-01-02T00:30:00+00:00,1.922,0.264,8.62
LOC038-U02,2026-01-02T00:45:00+00:00,2.238,0.293,9.28
LOC038-U02,2026-01-02T01:00:00+00:00,2.202,0.306,10.19
LOC038-U02,2026-01-02T01:15:00+00:00,1.913,0.338,9.92
LOC038-U02,2026-01-02T01:30:00+00:00,2.681,0.23,7.99
LOC038-U02,2026-01-02T01:45:00+00:00,1.952,0.279,8.93
LOC038-U02,2026-01-02T02:00:00+00:00,2.034,0.263,9.67
LOC038-U02,2026-01-02T02:15:00+00:00,1.59,0.256,8.02
LOC038-U02,2026-01-02T02:30:00+00:00,2.104,0.343,7.64
LOC038-U02,2026-01-02T02:45:00+00:00,1.793,0.357,7.93
LOC038-U02,2026-01-02T03:00:00+00:00,2.926,0.267,10.91
LOC038-U02,2026-01-02T03:15:00+00:00,1.818,0.313,10.7
LOC038-U02,2026-01-02T03:30:00+00:00,1.686,0.346,11.11
LOC038-U02,2026-01-02T03:45:00+00:00,1.936,0.242,8.4
LOC027-U02,2026-01-01T10:00:00+00:00,2.037,0.374,9.7
LOC027-U02,2026-01-01T10:15:00+00:00,1.833,0.306,10.76
LOC027-U02,2026-01-01T10:30:00+00:00,2.664,0.297,9.55
LOC027-U02,2026-01-01T10:45:00+00:00,2.254,0.267,9.71
LOC027-U02,2026-01-01T11:00:00+00:00,0.996,0.222,8.53
LOC027-U02,2026-01-01T11:15:00+00:00,2.315,0.225,10.91
LOC027-U02,2026-01-01T11:30:00+00:00,2.07,0.326,10.96
LOC027-U02,2026-01-01T11:45:00+00:00,2.498,0.338,11.37
LOC027-U02,2026-01-01T12:00:00+00:00,1.704,0.307,7.73
LOC027-U02,2026-01-01T12:15:00+00:00,1.476,0.373,8.08
LOC027-U02,2026-01-01T12:30:00+00:00,2.396,0.255,10.3
LOC027-U02,2026-01-01T12:45:00+00:00,1.216,0.262,9.11
LOC027-U02,2026-01-01T13:00:00+00:00,2.645,0.28,7.22
LOC027-U02,2026-01-01T13:15:00+00:00,2.093,0.338,9.06
LOC027-U02,2026-01-01T13:30:00+00:00,1.944,0.252,7.57
LOC027-U02,2026-01-01T13:45:00+00:00,2.161,0.254,11.31
LOC027-U02,2026-01-01T14:00:00+00:00,1.958,0.271,8.45
LOC027-U02,2026-01-01T14:15:00+00:00,1.741,0.357,8.44
LOC027-U02,2026-01-01T14:30:00+00:00,2.55,0.266,7.51
LOC027-U02,2026-01-01T14:45:00+00:00,2.248,0.379,7.64
LOC027-U02,2026-01-01T15:00:00+00:00,1.546,0.319,8.08
LOC027-U02,2026-01-01T15:15:00+00:00,2.265,0.362,7.93
LOC027-U02,2026-01-01T15:30:00+00:00,1.508,0.262,7.06
LOC027-U02,2026-01-01T15:45:00+00:00,1.818,0.281,9.06
LOC027-U02,2026-01-01T16:00:00+00:00,2.141,0.229,10.55
LOC027-U02,2026-01-01T16:15:00+00:00,2.294,0.357,11.65
LOC027-U02,2026-01-01T16:30:00+00:00,1.654,0.379,8.3
LOC027-U02,2026-01-01T16:45:00+00:00,1.479,0.28,8.06
LOC027-U02,2026-01-01T17:00:00+00:00,1.84,0.249,6.7
LOC027-U02,2026-01-01T17:15:00+00:00,2.178,0.247,8.07
LOC027-U02,2026-01-01T17:30:00+00:00,1.808,0.286,8.41
LOC027-U02,2026-01-01T17:45:00+00:00,2.675,0.325,8.48
LOC027-U02,2026-01-01T18:00:00+00:00,0.432,0.246,9.56
LOC027-U02,2026-01-01T18:15:00+00:00,1.295,0.369,6.83
LOC027-U02,2026-01-01T18:30:00+00:00,1.844,0.362,11.26
LOC027-U02,2026-01-01T18:45:00+00:00,1.086,0.353,6.74
LOC027-U02,2026-01-01T19:00:00+00:00,2.309,0.35,9.89
LOC027-U02,2026-01-01T19:15:00+00:00,1.747,0.375,7.01
LOC027-U02,2026-01-01T19:30:00+00:00,1.579,0.313,7.19
LOC027-U02,2026-01-01T19:45:00+00:00,2.086,0.24,9.42
LOC027-U02,2026-01-01T20:00:00+00:00,1.838,0.23,9.33
LOC027-U02,2026-01-01T20:15:00+00:00,2.019,0.275,11.54
LOC027-U02,2026-01-01T20:30:00+00:00,2.413,0.297,11.06
LOC027-U02,2026-01-01T20:45:00+00:00,1.643,0.356,9.38
LOC027-U02,2026-01-01T21:00:00+00:00,1.872,0.242,10.77
LOC027-U02,2026-01-01T21:15:00+00:00,2.32,0.36,7.4
LOC027-U02,2026-01-01T21:30:00+00:00,1.525,0.351,7.39
LOC027-U02,2026-01-01T21:45:00+00:00,2.256,0.246,8.01
LOC027-U02,2026-01-01T22:00:00+00:00,2.222,0.352,6.97
LOC027-U02,2026-01-01T22:15:00+00:00,1.775,0.29,7.36
LOC027-U02,2026-01-01T22:30:00+00:00,1.198,0.225,9.34
LOC027-U02,2026-01-01T22:45:00+00:00,2.799,0.275,7.83
LOC027-U02,2026-01-01T23:00:00+00:00,1.849,0.29,9.53
LOC027-U02,2026-01-01T23:15:00+00:00,1.986,0.288,9.96
LOC027-U02,2026-01-01T23:30:00+00:00,1.85,0.33,6.97
LOC027-U02,2026-01-01T23:45:00+00:00,2.873,0.325,8.57
LOC027-U02,2026-01-02T00:00:00+00:00,2.749,0.251,8.35
LOC027-U02,2026-01-02T00:15:00+00:00,1.69,0.256,10.61
LOC027-U02,2026-01-02T00:30:00+00:00,2.531,0.32,7.34
LOC027-U02,2026-01-02T00:45:00+00:00,2.362,0.358,10.95
LOC027-U02,2026-01-02T01:00:00+00:00,1.9,0.236,7.87
LOC027-U02,2026-01-02T01:15:00+00:00,1.951,0.358,8.64
LOC027-U02,2026-01-02T01:30:00+00:00,3.101,0.253,7.37
LOC027-U02,2026-01-02T01:45:00+00:00,2.392,0.244,8.78
LOC027-U02,2026-01-02T02:00:00+00:00,2.622,0.37,8.81
LOC027-U02,2026-01-02T02:15:00+00:00,1.853,0.284,8.37
LOC027-U02,2026-01-02T02:30:00+00:00,2.157,0.278,9.54
LOC027-U02,2026-01-02T02:45:00+00:00,1.533,0.227,6.64
LOC027-U02,2026-01-02T03:00:00+00:00,1.49,0.245,11.3
LOC027-U02,2026-01-02T03:15:00+00:00,1.551,0.342,8.01
LOC027-U02,2026-01-02T03:30:00+00:00,1.697,0.334,6.84
LOC027-U02,2026-01-02T03:45:00+00:00,2.514,0.358,11.36
LOC003-U02,2026-01-01T10:00:00+00:00,2.208,0.274,7.04
LOC003-U02,2026-01-01T10:15:00+00:00,1.797,0.334,9.63
LOC003-U02,2026-01-01T10:30:00+00:00,2.536,0.254,6.86
LOC003-U02,2026-01-01T10:45:00+00:00,1.634,0.23,6.5
LOC003-U02,2026-01-01T11:00:00+00:00,1.69,0.342,7.11
LOC003-U02,2026-01-01T11:15:00+00:00,1.642,0.243,6.58
LOC003-U02,2026-01-01T11:30:00+00:00,2.119,0.273,7.39
LOC003-U02,2026-01-01T11:45:00+00:00,1.586,0.254,11.3
LOC003-U02,2026-01-01T12:00:00+00:00,1.468,0.318,10.54
LOC003-U02,2026-01-01T12:15:00+00:00,2.137,0.326,9.34
LOC003-U02,2026-01-01T12:30:00+00:00,2.065,0.247,9.63
LOC003-U02,2026-01-01T12:45:00+00:00,2.186,0.353,9.22
LOC003-U02,2026-01-01T13:00:00+00:00,3.64,0.311,7.37
LOC003-U02,2026-01-01T13:15:00+00:00,2.997,0.316,7.59
LOC003-U02,2026-01-01T13:30:00+00:00,1.253,0.236,9.23
LOC003-U02,2026-01-01T13:45:00+00:00,2.32,0.233,8.83
LOC003-U02,2026-01-01T14:00:00+00:00,2.663,0.328,6.89
LOC003-U02,2026-01-01T14:15:00+00:00,2.03,0.297,9.57
LOC003-U02,2026-01-01T14:30:00+00:00,2.736,0.267,7.13
LOC003-U02,2026-01-01T14:45:00+00:00,1.575,0.324,11.09
LOC003-U02,2026-01-01T15:00:00+00:00,2.434,0.33,8.95
LOC003-U02,2026-01-01T15:15:00+00:00,2.325,0.269,8.97
LOC003-U02,2026-01-01T15:30:00+00:00,2.847,0.322,9.35
LOC003-U02,2026-01-01T15:45:00+00:00,1.368,0.281,7.98
LOC003-U02,2026-01-01T16:00:00+00:00,2.342,0.344,7.29
LOC003-U02,2026-01-01T16:15:00+00:00,1.588,0.291,7.17
LOC003-U02,2026-01-01T16:30:00+00:00,1.526,0.255,8.4
LOC003-U02,2026-01-01T16:45:00+00:00,1.719,0.25,6.9
LOC003-U02,2026-01-01T17:00:00+00:00,1.89,0.255,7.35
LOC003-U02,2026-01-01T17:15:00+00:00,1.854,0.298,10.33
LOC003-U02,2026-01-01T17:30:00+00:00,2.246,0.323,11.05
LOC003-U02,2026-01-01T17:45:00+00:00,1.237,0.366,9.68
LOC003-U02,2026-01-01T18:00:00+00:00,2.396,0.284,7.71
LOC003-U02,2026-01-01T18:15:00+00:00,2.187,0.307,7.64
LOC003-U02,2026-01-01T18:30:00+00:00,2.076,0.279,7.33
LOC003-U02,2026-01-01T18:45:00+00:00,1.633,0.237,10.91
LOC003-U02,2026-01-01T19:00:00+00:00,2.35,0.274,9.85
LOC003-U02,2026-01-01T19:15:00+00:00,1.853,0.31,11.22
LOC003-U02,2026-01-01T19:30:00+00:00,2.479,0.274,8.95
LOC003-U02,2026-01-01T19:45:00+00:00,2.308,0.295,11.3
LOC003-U02,2026-01-01T20:00:00+00:00,1.332,0.368,10.01
LOC003-U02,2026-01-01T20:15:00+00:00,2.402,0.255,10.46
LOC003-U02,2026-01-01T20:30:00+00:00,1.228,0.318,8.08
LOC003-U02,2026-01-01T20:45:00+00:00,2.402,0.309,10.77
LOC003-U02,2026-01-01T21:00:00+00:00,2.178,0.368,7.23
LOC003-U02,2026-01-01T21:15:00+00:00,2.587,0.375,11.82
LOC003-U02,2026-01-01T21:30:00+00:00,2.244,0.325,10.59
LOC003-U02,2026-01-01T21:45:00+00:00,2.636,0.222,10.47
LOC003-U02,2026-01-01T22:00:00+00:00,2.32,0.322,11.37
LOC003-U02,2026-01-01T22:15:00+00:00,2.564,0.32,10.9
LOC003-U02,2026-01-01T22:30:00+00:00,1.126,0.255,8.24
LOC003-U02,2026-01-01T22:45:00+00:00,1.164,0.338,6.86
LOC003-U02,2026-01-01T23:00:00+00:00,1.591,0.315,10.89
LOC003-U02,2026-01-01T23:15:00+00:00,1.921,0.329,6.75
LOC003-U02,2026-01-01T23:30:00+00:00,2.25,0.376,7.29
LOC003-U02,2026-01-01T23:45:00+00:00,1.55,0.314,6.71
LOC003-U02,2026-01-02T00:00:00+00:00,3.192,0.368,10.83
LOC003-U02,2026-01-02T00:15:00+00:00,1.644,0.257,9.5
LOC003-U02,2026-01-02T00:30:00+00:00,2.179,0.347,7.81
LOC003-U02,2026-01-02T00:45:00+00:00,2.513,0.345,9.54
LOC003-U02,2026-01-02T01:00:00+00:00,1.785,0.378,7.35
LOC003-U02,2026-01-02T01:15:00+00:00,1.987,0.259,7.88
LOC003-U02,2026-01-02T01:30:00+00:00,1.62,0.24,8.47
LOC003-U02,2026-01-02T01:45:00+00:00,1.728,0.233,8.62
LOC003-U02,2026-01-02T02:00:00+00:00,1.962,0.307,7.8
LOC003-U02,2026-01-02T02:15:00+00:00,2.494,0.25,9.18
LOC003-U02,2026-01-02T02:30:00+00:00,1.818,0.235,10.86
LOC003-U02,2026-01-02T02:45:00+00:00,1.517,0.369,9.36
LOC003-U02,2026-01-02T03:00:00+00:00,2.37,0.273,10.43
LOC003-U02,2026-01-02T03:15:00+00:00,2.177,0.225,6.72
LOC003-U02,2026-01-02T03:30:00+00:00,1.405,0.311,9.74
LOC003-U02,2026-01-02T03:45:00+00:00,2.45,0.362,10.16
LOC036-U01,2026-01-01T10:00:00+00:00,2.612,0.281,11.52
LOC036-U01,2026-01-01T10:15:00+00:00,1.446,0.253,10.02
LOC036-U01,2026-01-01T10:30:00+00:00,2.265,0.251,8.47
LOC036-U01,2026-01-01T10:45:00+00:00,1.364,0.291,11.04
LOC036-U01,2026-01-01T11:00:00+00:00,1.673,0.287,8.03
LOC036-U01,2026-01-01T11:15:00+00:00,1.245,0.292,9.7
LOC036-U01,2026-01-01T11:30:00+00:00,1.615,0.314,10.53
LOC036-U01,2026-01-01T11:45:00+00:00,2.412,0.371,10.46
LOC036-U01,2026-01-01T12:00:00+00:00,3.004,0.374,10.51
LOC036-U01,2026-01-01T12:15:00+00:00,2.462,0.282,10.61
LOC036-U01,2026-01-01T12:30:00+00:00,1.359,0.324,9.81
LOC036-U01,2026-01-01T12:45:00+00:00,2.499,0.29,8.6
LOC036-U01,2026-01-01T13:00:00+00:00,2.096,0.356,8.66
LOC036-U01,2026-01-01T13:15:00+00:00,1.474,0.368,7.36
LOC036-U01,2026-01-01T13:30:00+00:00,2.282,0.36,10.55
LOC036-U01,2026-01-01T13:45:00+00:00,2.512,0.333,9.04
LOC036-U01,2026-01-01T14:00:00+00:00,0.984,0.342,8.03
LOC036-U01,2026-01-01T14:15:00+00:00,1.85,0.347,11.64
LOC036-U01,2026-01-01T14:30:00+00:00,1.656,0.328,10.77
LOC036-U01,2026-01-01T14:45:00+00:00,2.928,0.303,7.89
LOC036-U01,2026-01-01T15:00:00+00:00,1.699,0.297,11.46
LOC036-U01,2026-01-01T15:15:00+00:00,1.639,0.277,10.74
LOC036-U01,2026-01-01T15:30:00+00:00,2.113,0.284,6.62
LOC036-U01,2026-01-01T15:45:00+00:00,2.1,0.232,10.58
LOC036-U01,2026-01-01T16:00:00+00:00,1.908,0.22,9.02
LOC036-U01,2026-01-01T16:15:00+00:00,2.049,0.294,11.24
LOC036-U01,2026-01-01T16:30:00+00:00,2.948,0.245,10.39
LOC036-U01,2026-01-01T16:45:00+00:00,2.301,0.27,8.74
LOC036-U01,2026-01-01T17:00:00+00:00,1.595,0.321,7.8
LOC036-U01,2026-01-01T17:15:00+00:00,1.39,0.365,11.07
LOC036-U01,2026-01-01T17:30:00+00:00,2.351,0.236,8.05
LOC036-U01,2026-01-01T17:45:00+00:00,2.371,0.257,6.88
LOC036-U01,2026-01-01T18:00:00+00:00,2.21,0.266,8.83
LOC036-U01,2026-01-01T18:15:00+00:00,2.088,0.242,8.56
LOC036-U01,2026-01-01T18:30:00+00:00,2.105,0.268,10.73
LOC036-U01,2026-01-01T18:45:00+00:00,1.864,0.255,11.45
LOC036-U01,2026-01-01T19:00:00+00:00,2.631,0.283,10.77
LOC036-U01,2026-01-01T19:15:00+00:00,2.183,0.269,11.43
LOC036-U01,2026-01-01T19:30:00+00:00,2.246,0.34,10.15
LOC036-U01,2026-01-01T19:45:00+00:00,2.581,0.332,8.9
LOC036-U01,2026-01-01T20:00:00+00:00,2.875,0.233,10.82
LOC036-U01,2026-01-01T20:15:00+00:00,1.377,0.231,7.72
LOC036-U01,2026-01-01T20:30:00+00:00,2.371,0.3,11.67
LOC036-U01,2026-01-01T20:45:00+00:00,2.171,0.334,10.6
LOC036-U01,2026-01-01T21:00:00+00:00,2.913,0.377,8.15
LOC036-U01,2026-01-01T21:15:00+00:00,1.957,0.253,8.56
LOC036-U01,2026-01-01T21:30:00+00:00,2.648,0.256,10.61
LOC036-U01,2026-01-01T21:45:00+00:00,1.341,0.314,9.74
LOC036-U01,2026-01-01T22:00:00+00:00,2.352,0.339,11.78
LOC036-U01,2026-01-01T22:15:00+00:00,2.491,0.252,10.54
LOC036-U01,2026-01-01T22:30:00+00:00,2.172,0.361,8.14
LOC036-U01,2026-01-01T22:45:00+00:00,2.409,0.346,8.78
LOC036-U01,2026-01-01T23:00:00+00:00,1.341,0.299,8.12
LOC036-U01,2026-01-01T23:15:00+00:00,1.59,0.257,10.04
LOC036-U01,2026-01-01T23:30:00+00:00,2.928,0.251,7.47
LOC036-U01,2026-01-01T23:45:00+00:00,2.48,0.3,8.15
LOC036-U01,2026-01-02T00:00:00+00:00,2.226,0.327,10.03
LOC036-U01,2026-01-02T00:15:00+00:00,2.166,0.245,11.38
LOC036-U01,2026-01-02T00:30:00+00:00,2.014,0.327,10.91
LOC036-U01,2026-01-02T00:45:00+00:00,2.815,0.233,8.43
LOC036-U01,2026-01-02T01:00:00+00:00,1.773,0.242,6.82
LOC036-U01,2026-01-02T01:15:00+00:00,2.089,0.365,7.12
LOC036-U01,2026-01-02T01:30:00+00:00,1.695,0.354,11.33
LOC036-U01,2026-01-02T01:45:00+00:00,2.319,0.325,10.04
LOC036-U01,2026-01-02T02:00:00+00:00,1.77,0.298,10.11
LOC036-U01,2026-01-02T02:15:00+00:00,1.152,0.248,7.18
LOC036-U01,2026-01-02T02:30:00+00:00,2.49,0.274,9.02
LOC036-U01,2026-01-02T02:45:00+00:00,1.779,0.226,10.86
LOC036-U01,2026-01-02T03:00:00+00:00,2.726,0.252,7.53
LOC036-U01,2026-01-02T03:15:00+00:00,3.023,0.369,11.41
LOC036-U01,2026-01-02T03:30:00+00:00,1.533,0.292,6.81
LOC036-U01,2026-01-02T03:45:00+00:00,1.748,0.256,9.55
LOC035-U01,2026-01-01T10:00:00+00:00,2.563,0.268,9.64
LOC035-U01,2026-01-01T10:15:00+00:00,2.28,0.379,9.45
LOC035-U01,2026-01-01T10:30:00+00:00,1.417,0.348,10.86
LOC035-U01,2026-01-01T10:45:00+00:00,1.7,0.354,11.34
LOC035-U01,2026-01-01T11:00:00+00:00,1.818,0.282,6.68
LOC035-U01,2026-01-01T11:15:00+00:00,2.149,0.258,9.95
LOC035-U01,2026-01-01T11:30:00+00:00,2.312,0.255,11.3
LOC035-U01,2026-01-01T11:45:00+00:00,2.669,0.258,11.42
LOC035-U01,2026-01-01T12:00:00+00:00,2.054,0.334,11.04
LOC035-U01,2026-01-01T12:15:00+00:00,2.774,0.297,9.06
LOC035-U01,2026-01-01T12:30:00+00:00,2.794,0.273,7.87
LOC035-U01,2026-01-01T12:45:00+00:00,2.575,0.375,10.13
LOC035-U01,2026-01-01T13:00:00+00:00,2.35,0.289,11.45
LOC035-U01,2026-01-01T13:15:00+00:00,1.831,0.327,9.91
LOC035-U01,2026-01-01T13:30:00+00:00,1.323,0.375,7.02
LOC035-U01,2026-01-01T13:45:00+00:00,1.64,0.345,8.23
LOC035-U01,2026-01-01T14:00:00+00:00,1.738,0.379,8.51
LOC035-U01,2026-01-01T14:15:00+00:00,2.089,0.274,9.23
LOC035-U01,2026-01-01T14:30:00+00:00,2.356,0.236,8.27
LOC035-U01,2026-01-01T14:45:00+00:00,1.883,0.296,8.36
LOC035-U01,2026-01-01T15:00:00+00:00,1.813,0.234,7.23
LOC035-U01,2026-01-01T15:15:00+00:00,1.54,0.301,9.38
LOC035-U01,2026-01-01T15:30:00+00:00,2.492,0.286,11.1
LOC035-U01,2026-01-01T15:45:00+00:00,2.354,0.375,7.58
LOC035-U01,2026-01-01T16:00:00+00:00,3.068,0.266,9.24
LOC035-U01,2026-01-01T16:15:00+00:00,1.858,0.296,7.43
LOC035-U01,2026-01-01T16:30:00+00:00,2.186,0.258,7.09
LOC035-U01,2026-01-01T16:45:00+00:00,1.638,0.264,9.58
LOC035-U01,2026-01-01T17:00:00+00:00,1.981,0.324,9.2
LOC035-U01,2026-01-01T17:15:00+00:00,2.952,0.361,10.61
LOC035-U01,2026-01-01T17:30:00+00:00,2.172,0.258,10.56
LOC035-U01,2026-01-01T17:45:00+00:00,2.277,0.38,6.88
LOC035-U01,2026-01-01T18:00:00+00:00,2.272,0.259,10.38
LOC035-U01,2026-01-01T18:15:00+00:00,1.99,0.3,9.14
LOC035-U01,2026-01-01T18:30:00+00:00,1.987,0.363,9.05
LOC035-U01,2026-01-01T18:45:00+00:00,2.547,0.227,7.36
LOC035-U01,2026-01-01T19:00:00+00:00,2.338,0.28,8.87
LOC035-U01,2026-01-01T19:15:00+00:00,1.77,0.328,8.47
LOC035-U01,2026-01-01T19:30:00+00:00,2.846,0.256,11.3
LOC035-U01,2026-01-01T19:45:00+00:00,2.3,0.263,9.22
LOC035-U01,2026-01-01T20:00:00+00:00,1.454,0.282,10.64
LOC035-U01,2026-01-01T20:15:00+00:00,1.716,0.326,7.86
LOC035-U01,2026-01-01T20:30:00+00:00,2.727,0.312,11.3
LOC035-U01,2026-01-01T20:45:00+00:00,2.247,0.31,8.49
LOC035-U01,2026-01-01T21:00:00+00:00,3.552,0.268,10.49
LOC035-U01,2026-01-01T21:15:00+00:00,1.305,0.377,8.37
LOC035-U01,2026-01-01T21:30:00+00:00,1.452,0.347,10.88
LOC035-U01,2026-01-01T21:45:00+00:00,2.491,0.252,10.2
LOC035-U01,2026-01-01T22:00:00+00:00,1.822,0.301,9.07
LOC035-U01,2026-01-01T22:15:00+00:00,2.392,0.23,9.06
LOC035-U01,2026-01-01T22:30:00+00:00,2.441,0.308,8.42
LOC035-U01,2026-01-01T22:45:00+00:00,3.031,0.345,9.02
LOC035-U01,2026-01-01T23:00:00+00:00,2.107,0.287,11.25
LOC035-U01,2026-01-01T23:15:00+00:00,2.399,0.364,9.27
LOC035-U01,2026-01-01T23:30:00+00:00,2.406,0.355,10.59
LOC035-U01,2026-01-01T23:45:00+00:00,1.214,0.328,6.59
LOC035-U01,2026-01-02T00:00:00+00:00,2.169,0.259,10.78
LOC035-U01,2026-01-02T00:15:00+00:00,2.586,0.297,8.0
LOC035-U01,2026-01-02T00:30:00+00:00,2.354,0.333,8.4
LOC035-U01,2026-01-02T00:45:00+00:00,2.1,0.372,10.45
LOC035-U01,2026-01-02T01:00:00+00:00,2.302,0.269,10.99
LOC035-U01,2026-01-02T01:15:00+00:00,1.807,0.235,11.04
LOC035-U01,2026-01-02T01:30:00+00:00,1.067,0.379,7.68
LOC035-U01,2026-01-02T01:45:00+00:00,2.669,0.316,11.3
LOC035-U01,2026-01-02T02:00:00+00:00,2.163,0.331,9.77
LOC035-U01,2026-01-02T02:15:00+00:00,2.382,0.344,11.21
LOC035-U01,2026-01-02T02:30:00+00:00,2.502,0.312,11.14
LOC035-U01,2026-01-02T02:45:00+00:00,1.493,0.238,10.44
LOC035-U01,2026-01-02T03:00:00+00:00,2.307,0.339,10.24
LOC035-U01,2026-01-02T03:15:00+00:00,2.122,0.292,10.53
LOC035-U01,2026-01-02T03:30:00+00:00,2.019,0.25,10.37
LOC035-U01,2026-01-02T03:45:00+00:00,2.712,0.237,10.33
LOC001-U01,2026-01-01T10:00:00+00:00,2.933,0.276,7.41
LOC001-U01,2026-01-01T10:15:00+00:00,1.611,0.312,9.97
LOC001-U01,2026-01-01T10:30:00+00:00,1.991,0.342,7.91
LOC001-U01,2026-01-01T10:45:00+00:00,1.893,0.312,9.53
LOC001-U01,2026-01-01T11:00:00+00:00,1.776,0.25,7.65
LOC001-U01,2026-01-01T11:15:00+00:00,2.946,0.311,9.29
LOC001-U01,2026-01-01T11:30:00+00:00,2.526,0.345,10.36
LOC001-U01,2026-01-01T11:45:00+00:00,2.115,0.307,7.55
LOC001-U01,2026-01-01T12:00:00+00:00,2.651,0.339,9.38
LOC001-U01,2026-01-01T12:15:00+00:00,2.59,0.274,7.61
LOC001-U01,2026-01-01T12:30:00+00:00,1.754,0.281,8.45
LOC001-U01,2026-01-01T12:45:00+00:00,2.732,0.247,10.48
LOC001-U01,2026-01-01T13:00:00+00:00,1.694,0.339,7.02
LOC001-U01,2026-01-01T13:15:00+00:00,2.826,0.361,9.17
LOC001-U01,2026-01-01T13:30:00+00:00,2.141,0.249,6.63
LOC001-U01,2026-01-01T13:45:00+00:00,1.728,0.261,8.43
LOC001-U01,2026-01-01T14:00:00+00:00,3.013,0.235,11.0
LOC001-U01,2026-01-01T14:15:00+00:00,2.876,0.246,6.74
LOC001-U01,2026-01-01T14:30:00+00:00,2.483,0.275,6.88
LOC001-U01,2026-01-01T14:45:00+00:00,2.869,0.269,7.4
LOC001-U01,2026-01-01T15:00:00+00:00,2.073,0.284,11.23
LOC001-U01,2026-01-01T15:15:00+00:00,2.106,0.289,9.57
LOC001-U01,2026-01-01T15:30:00+00:00,1.832,0.247,10.79
LOC001-U01,2026-01-01T15:45:00+00:00,1.812,0.254,9.63
LOC001-U01,2026-01-01T16:00:00+00:00,2.875,0.23,7.8
LOC001-U01,2026-01-01T16:15:00+00:00,1.496,0.329,8.63
LOC001-U01,2026-01-01T16:30:00+00:00,2.555,0.23,9.99
LOC001-U01,2026-01-01T16:45:00+00:00,1.928,0.375,9.7
LOC001-U01,2026-01-01T17:00:00+00:00,2.734,0.237,9.65
LOC001-U01,2026-01-01T17:15:00+00:00,2.111,0.364,9.9
LOC001-U01,2026-01-01T17:30:00+00:00,1.208,0.321,10.19
LOC001-U01,2026-01-01T17:45:00+00:00,1.92,0.268,10.29
LOC001-U01,2026-01-01T18:00:00+00:00,2.537,0.365,10.66
LOC001-U01,2026-01-01T18:15:00+00:00,1.252,0.343,8.47
LOC001-U01,2026-01-01T18:30:00+00:00,2.09,0.306,10.39
LOC001-U01,2026-01-01T18:45:00+00:00,1.25,0.306,10.35
LOC001-U01,2026-01-01T19:00:00+00:00,2.797,0.322,10.91
LOC001-U01,2026-01-01T19:15:00+00:00,3.044,0.365,7.85
LOC001-U01,2026-01-01T19:30:00+00:00,3.13,0.278,11.01
LOC001-U01,2026-01-01T19:45:00+00:00,0.992,0.241,7.99
LOC001-U01,2026-01-01T20:00:00+00:00,1.638,0.337,6.99
LOC001-U01,2026-01-01T20:15:00+00:00,1.828,0.222,9.3
LOC001-U01,2026-01-01T20:30:00+00:00,2.89,0.246,6.92
LOC001-U01,2026-01-01T20:45:00+00:00,1.167,0.289,11.01
LOC001-U01,2026-01-01T21:00:00+00:00,2.525,0.312,10.57
LOC001-U01,2026-01-01T21:15:00+00:00,1.924,0.286,10.37
LOC001-U01,2026-01-01T21:30:00+00:00,1.211,0.26,8.75
LOC001-U01,2026-01-01T21:45:00+00:00,1.251,0.255,10.4
LOC001-U01,2026-01-01T22:00:00+00:00,1.912,0.261,8.57
LOC001-U01,2026-01-01T22:15:00+00:00,1.342,0.225,11.09
LOC001-U01,2026-01-01T22:30:00+00:00,2.197,0.24,8.19
LOC001-U01,2026-01-01T22:45:00+00:00,1.969,0.374,9.62
LOC001-U01,2026-01-01T23:00:00+00:00,3.119,0.27,9.32
LOC001-U01,2026-01-01T23:15:00+00:00,1.896,0.266,8.51
LOC001-U01,2026-01-01T23:30:00+00:00,1.118,0.318,7.44
LOC001-U01,2026-01-01T23:45:00+00:00,2.104,0.375,6.89
LOC001-U01,2026-01-02T00:00:00+00:00,3.146,0.38,8.84
LOC001-U01,2026-01-02T00:15:00+00:00,2.079,0.324,10.36
LOC001-U01,2026-01-02T00:30:00+00:00,2.092,0.289,9.19
LOC001-U01,2026-01-02T00:45:00+00:00,1.391,0.279,9.02
LOC001-U01,2026-01-02T01:00:00+00:00,2.316,0.32,6.93
LOC001-U01,2026-01-02T01:15:00+00:00,2.016,0.252,8.13
LOC001-U01,2026-01-02T01:30:00+00:00,2.418,0.366,9.43
LOC001-U01,2026-01-02T01:45:00+00:00,2.198,0.271,8.06
LOC001-U01,2026-01-02T02:00:00+00:00,1.955,0.278,8.16
LOC001-U01,2026-01-02T02:15:00+00:00,2.692,0.23,8.46
LOC001-U01,2026-01-02T02:30:00+00:00,2.876,0.349,7.93
LOC001-U01,2026-01-02T02:45:00+00:00,2.595,0.31,7.7
LOC001-U01,2026-01-02T03:00:00+00:00,2.344,0.316,9.79
LOC001-U01,2026-01-02T03:15:00+00:00,2.468,0.261,11.09
LOC001-U01,2026-01-02T03:30:00+00:00,1.487,0.249,9.99
LOC001-U01,2026-01-02T03:45:00+00:00,1.474,0.304,10.89
LOC017-U02,2026-01-01T10:00:00+00:00,1.593,0.354,10.04
LOC017-U02,2026-01-01T10:15:00+00:00,1.919,0.364,8.43
LOC017-U02,2026-01-01T10:30:00+00:00,1.963,0.26,8.83
LOC017-U02,2026-01-01T10:45:00+00:00,1.542,0.307,7.76
LOC017-U02,2026-01-01T11:00:00+00:00,0.806,0.323,11.0
LOC017-U02,2026-01-01T11:15:00+00:00,2.06,0.346,10.02
LOC017-U02,2026-01-01T11:30:00+00:00,2.111,0.313,10.8
LOC017-U02,2026-01-01T11:45:00+00:00,1.763,0.378,7.03
LOC017-U02,2026-01-01T12:00:00+00:00,1.992,0.23,10.1
LOC017-U02,2026-01-01T12:15:00+00:00,1.81,0.267,8.32
LOC017-U02,2026-01-01T12:30:00+00:00,2.719,0.379,9.73
LOC017-U02,2026-01-01T12:45:00+00:00,2.323,0.255,9.18
LOC017-U02,2026-01-01T13:00:00+00:00,2.256,0.23,8.08
LOC017-U02,2026-01-01T13:15:00+00:00,1.885,0.264,10.48
LOC017-U02,2026-01-01T13:30:00+00:00,2.136,0.26,10.71
LOC017-U02,2026-01-01T13:45:00+00:00,2.907,0.223,9.81
LOC017-U02,2026-01-01T14:00:00+00:00,1.989,0.322,10.47
LOC017-U02,2026-01-01T14:15:00+00:00,2.036,0.278,11.36
LOC017-U02,2026-01-01T14:30:00+00:00,2.557,0.3,8.34
LOC017-U02,2026-01-01T14:45:00+00:00,2.293,0.223,9.0
LOC017-U02,2026-01-01T15:00:00+00:00,2.193,0.284,9.14
LOC017-U02,2026-01-01T15:15:00+00:00,2.046,0.277,9.61
LOC017-U02,2026-01-01T15:30:00+00:00,1.98,0.314,8.65
LOC017-U02,2026-01-01T15:45:00+00:00,2.968,0.302,7.46
LOC017-U02,2026-01-01T16:00:00+00:00,2.465,0.287,10.99
LOC017-U02,2026-01-01T16:15:00+00:00,2.25,0.226,11.42
LOC017-U02,2026-01-01T16:30:00+00:00,3.25,0.244,10.5
LOC017-U02,2026-01-01T16:45:00+00:00,3.03,0.268,10.39
LOC017-U02,2026-01-01T17:00:00+00:00,3.234,0.238,8.48
LOC017-U02,2026-01-01T17:15:00+00:00,1.727,0.245,7.87
LOC017-U02,2026-01-01T17:30:00+00:00,2.936,0.374,9.08
LOC017-U02,2026-01-01T17:45:00+00:00,1.478,0.273,6.71
LOC017-U02,2026-01-01T18:00:00+00:00,2.293,0.34,7.29
LOC017-U02,2026-01-01T18:15:00+00:00,2.164,0.286,9.02
LOC017-U02,2026-01-01T18:30:00+00:00,2.301,0.282,9.14
LOC017-U02,2026-01-01T18:45:00+00:00,2.27,0.295,9.37
LOC017-U02,2026-01-01T19:00:00+00:00,1.925,0.358,10.97
LOC017-U02,2026-01-01T19:15:00+00:00,1.894,0.351,7.02
LOC017-U02,2026-01-01T19:30:00+00:00,3.033,0.344,8.78
LOC017-U02,2026-01-01T19:45:00+00:00,2.949,0.229,7.06
LOC017-U02,2026-01-01T20:00:00+00:00,1.733,0.367,9.48
LOC017-U02,2026-01-01T20:15:00+00:00,2.583,0.34,7.46
LOC017-U02,2026-01-01T20:30:00+00:00,2.314,0.294,10.16
LOC017-U02,2026-01-01T20:45:00+00:00,3.24,0.263,8.44
LOC017-U02,2026-01-01T21:00:00+00:00,2.589,0.317,9.09
LOC017-U02,2026-01-01T21:15:00+00:00,1.66,0.332,6.75
LOC017-U02,2026-01-01T21:30:00+00:00,2.643,0.283,9.42
LOC017-U02,2026-01-01T21:45:00+00:00,1.83,0.304,8.79
LOC017-U02,2026-01-01T22:00:00+00:00,2.36,0.242,10.7
LOC017-U02,2026-01-01T22:15:00+00:00,1.883,0.332,7.73
LOC017-U02,2026-01-01T22:30:00+00:00,2.306,0.34,8.83
LOC017-U02,2026-01-01T22:45:00+00:00,1.731,0.269,10.86
LOC017-U02,2026-01-01T23:00:00+00:00,1.505,0.265,6.59
LOC017-U02,2026-01-01T23:15:00+00:00,2.104,0.344,9.58
LOC017-U02,2026-01-01T23:30:00+00:00,2.519,0.334,8.14
LOC017-U02,2026-01-01T23:45:00+00:00,2.423,0.365,10.91
LOC017-U02,2026-01-02T00:00:00+00:00,1.587,0.315,6.98
LOC017-U02,2026-01-02T00:15:00+00:00,1.998,0.321,10.2
LOC017-U02,2026-01-02T00:30:00+00:00,2.735,0.3,8.95
LOC017-U02,2026-01-02T00:45:00+00:00,2.39,0.355,9.62
LOC017-U02,2026-01-02T01:00:00+00:00,1.866,0.237,6.71
LOC017-U02,2026-01-02T01:15:00+00:00,2.649,0.367,11.66
LOC017-U02,2026-01-02T01:30:00+00:00,2.51,0.321,9.29
LOC017-U02,2026-01-02T01:45:00+00:00,2.412,0.246,8.59
LOC017-U02,2026-01-02T02:00:00+00:00,3.164,0.373,8.06
LOC017-U02,2026-01-02T02:15:00+00:00,1.81,0.276,10.95
LOC017-U02,2026-01-02T02:30:00+00:00,2.606,0.245,7.2
LOC017-U02,2026-01-02T02:45:00+00:00,1.42,0.345,10.66
LOC017-U02,2026-01-02T03:00:00+00:00,2.626,0.27,11.17
LOC017-U02,2026-01-02T03:15:00+00:00,2.278,0.341,9.08
LOC017-U02,2026-01-02T03:30:00+00:00,2.268,0.27,7.6
LOC017-U02,2026-01-02T03:45:00+00:00,2.449,0.284,10.22
LOC013-U01,2026-01-01T10:00:00+00:00,2.558,0.32,9.7
LOC013-U01,2026-01-01T10:15:00+00:00,1.892,0.339,9.96
LOC013-U01,2026-01-01T10:30:00+00:00,1.684,0.323,6.86
LOC013-U01,2026-01-01T10:45:00+00:00,2.523,0.234,10.35
LOC013-U01,2026-01-01T11:00:00+00:00,2.818,0.283,10.3
LOC013-U01,2026-01-01T11:15:00+00:00,1.566,0.329,9.69
LOC013-U01,2026-01-01T11:30:00+00:00,2.461,0.341,11.43
LOC013-U01,2026-01-01T11:45:00+00:00,1.608,0.281,11.22
LOC013-U01,2026-01-01T12:00:00+00:00,1.811,0.242,7.3
LOC013-U01,2026-01-01T12:15:00+00:00,2.494,0.281,10.56
LOC013-U01,2026-01-01T12:30:00+00:00,2.497,0.329,8.08
LOC013-U01,2026-01-01T12:45:00+00:00,2.11,0.221,7.29
LOC013-U01,2026-01-01T13:00:00+00:00,1.952,0.359,8.18
LOC013-U01,2026-01-01T13:15:00+00:00,1.966,0.375,7.61
LOC013-U01,2026-01-01T13:30:00+00:00,2.055,0.278,7.63
LOC013-U01,2026-01-01T13:45:00+00:00,2.536,0.301,9.09
LOC013-U01,2026-01-01T14:00:00+00:00,1.301,0.276,9.21
LOC013-U01,2026-01-01T14:15:00+00:00,2.691,0.235,10.58
LOC013-U01,2026-01-01T14:30:00+00:00,1.508,0.281,10.06
LOC013-U01,2026-01-01T14:45:00+00:00,2.629,0.342,8.22
LOC013-U01,2026-01-01T15:00:00+00:00,2.079,0.371,9.87
LOC013-U01,2026-01-01T15:15:00+00:00,2.739,0.293,10.2
LOC013-U01,2026-01-01T15:30:00+00:00,1.069,0.278,11.2
LOC013-U01,2026-01-01T15:45:00+00:00,2.647,0.232,7.53
LOC013-U01,2026-01-01T16:00:00+00:00,2.208,0.263,10.7
LOC013-U01,2026-01-01T16:15:00+00:00,2.514,0.35,10.77
LOC013-U01,2026-01-01T16:30:00+00:00,1.962,0.308,10.03
LOC013-U01,2026-01-01T16:45:00+00:00,1.465,0.286,9.08
LOC013-U01,2026-01-01T17:00:00+00:00,1.468,0.312,10.48
LOC013-U01,2026-01-01T17:15:00+00:00,1.808,0.322,7.82
LOC013-U01,2026-01-01T17:30:00+00:00,1.912,0.287,11.42
LOC013-U01,2026-01-01T17:45:00+00:00,2.34,0.333,10.32
LOC013-U01,2026-01-01T18:00:00+00:00,2.624,0.365,8.71
LOC013-U01,2026-01-01T18:15:00+00:00,1.926,0.231,7.41
LOC013-U01,2026-01-01T18:30:00+00:00,1.889,0.306,9.81
LOC013-U01,2026-01-01T18:45:00+00:00,1.943,0.318,9.53
LOC013-U01,2026-01-01T19:00:00+00:00,2.249,0.345,11.01
LOC013-U01,2026-01-01T19:15:00+00:00,1.985,0.354,9.37
LOC013-U01,2026-01-01T19:30:00+00:00,2.238,0.264,7.3
LOC013-U01,2026-01-01T19:45:00+00:00,2.53,0.228,10.38
LOC013-U01,2026-01-01T20:00:00+00:00,1.472,0.285,8.8
LOC013-U01,2026-01-01T20:15:00+00:00,1.796,0.377,9.47
LOC013-U01,2026-01-01T20:30:00+00:00,2.119,0.349,7.8
LOC013-U01,2026-01-01T20:45:00+00:00,1.913,0.246,8.85
LOC013-U01,2026-01-01T21:00:00+00:00,2.187,0.229,8.48
LOC013-U01,2026-01-01T21:15:00+00:00,1.999,0.368,11.7
LOC013-U01,2026-01-01T21:30:00+00:00,2.865,0.233,10.96
LOC013-U01,2026-01-01T21:45:00+00:00,1.646,0.272,10.72
LOC013-U01,2026-01-01T22:00:00+00:00,2.291,0.321,11.02
LOC013-U01,2026-01-01T22:15:00+00:00,2.444,0.286,9.07
LOC013-U01,2026-01-01T22:30:00+00:00,1.757,0.278,7.03
LOC013-U01,2026-01-01T22:45:00+00:00,2.456,0.258,8.66
LOC013-U01,2026-01-01T23:00:00+00:00,2.383,0.367,10.61
LOC013-U01,2026-01-01T23:15:00+00:00,1.858,0.223,7.45
LOC013-U01,2026-01-01T23:30:00+00:00,2.044,0.328,11.02
LOC013-U01,2026-01-01T23:45:00+00:00,1.929,0.231,8.59
LOC013-U01,2026-01-02T00:00:00+00:00,1.951,0.333,8.7
LOC013-U01,2026-01-02T00:15:00+00:00,1.404,0.245,9.41
LOC013-U01,2026-01-02T00:30:00+00:00,1.732,0.321,10.2
LOC013-U01,2026-01-02T00:45:00+00:00,2.184,0.222,11.39
LOC013-U01,2026-01-02T01:00:00+00:00,2.129,0.257,7.48
LOC013-U01,2026-01-02T01:15:00+00:00,2.992,0.256,11.1
LOC013-U01,2026-01-02T01:30:00+00:00,1.602,0.346,8.71
LOC013-U01,2026-01-02T01:45:00+00:00,2.273,0.313,10.72
LOC013-U01,2026-01-02T02:00:00+00:00,2.667,0.282,9.47
LOC013-U01,2026-01-02T02:15:00+00:00,2.103,0.285,10.46
LOC013-U01,2026-01-02T02:30:00+00:00,2.591,0.355,11.36
LOC013-U01,2026-01-02T02:45:00+00:00,2.357,0.361,11.65
LOC013-U01,2026-01-02T03:00:00+00:00,1.566,0.367,6.86
LOC013-U01,2026-01-02T03:15:00+00:00,2.359,0.365,7.26
LOC013-U01,2026-01-02T03:30:00+00:00,1.915,0.271,10.23
LOC013-U01,2026-01-02T03:45:00+00:00,1.166,0.322,10.18
LOC013-U02,2026-01-01T10:00:00+00:00,1.286,0.373,11.46
LOC013-U02,2026-01-01T10:15:00+00:00,1.168,0.321,9.03
LOC013-U02,2026-01-01T10:30:00+00:00,2.63,0.28,9.18
LOC013-U02,2026-01-01T10:45:00+00:00,2.907,0.321,11.47
LOC013-U02,2026-01-01T11:00:00+00:00,1.794,0.239,7.23
LOC013-U02,2026-01-01T11:15:00+00:00,1.289,0.282,7.32
LOC013-U02,2026-01-01T11:30:00+00:00,1.546,0.368,7.23
LOC013-U02,2026-01-01T11:45:00+00:00,2.404,0.254,10.79
LOC013-U02,2026-01-01T12:00:00+00:00,2.112,0.315,9.42
LOC013-U02,2026-01-01T12:15:00+00:00,1.736,0.332,7.01
LOC013-U02,2026-01-01T12:30:00+00:00,2.102,0.251,9.89
LOC013-U02,2026-01-01T12:45:00+00:00,2.159,0.311,8.36
LOC013-U02,2026-01-01T13:00:00+00:00,1.604,0.289,11.03
LOC013-U02,2026-01-01T13:15:00+00:00,2.478,0.256,7.75
LOC013-U02,2026-01-01T13:30:00+00:00,1.745,0.26,8.75
LOC013-U02,2026-01-01T13:45:00+00:00,1.719,0.293,10.05
LOC013-U02,2026-01-01T14:00:00+00:00,1.654,0.275,8.67
LOC013-U02,2026-01-01T14:15:00+00:00,1.857,0.368,9.62
LOC013-U02,2026-01-01T14:30:00+00:00,2.308,0.352,9.83
LOC013-U02,2026-01-01T14:45:00+00:00,2.305,0.301,10.78
LOC013-U02,2026-01-01T15:00:00+00:00,2.63,0.226,10.73
LOC013-U02,2026-01-01T15:15:00+00:00,1.574,0.331,11.13
LOC013-U02,2026-01-01T15:30:00+00:00,1.186,0.321,6.75
LOC013-U02,2026-01-01T15:45:00+00:00,2.367,0.273,8.9
LOC013-U02,2026-01-01T16:00:00+00:00,1.914,0.334,7.84
LOC013-U02,2026-01-01T16:15:00+00:00,1.544,0.351,8.64
LOC013-U02,2026-01-01T16:30:00+00:00,1.643,0.229,6.78
LOC013-U02,2026-01-01T16:45:00+00:00,1.434,0.297,8.11
LOC013-U02,2026-01-01T17:00:00+00:00,2.169,0.344,10.24
LOC013-U02,2026-01-01T17:15:00+00:00,2.205,0.323,9.53
LOC013-U02,2026-01-01T17:30:00+00:00,1.421,0.365,10.09
LOC013-U02,2026-01-01T17:45:00+00:00,1.97,0.227,6.82
LOC013-U02,2026-01-01T18:00:00+00:00,2.138,0.283,6.72
LOC013-U02,2026-01-01T18:15:00+00:00,1.72,0.221,10.15
LOC013-U02,2026-01-01T18:30:00+00:00,2.823,0.291,11.32
LOC013-U02,2026-01-01T18:45:00+00:00,1.698,0.237,10.54
LOC013-U02,2026-01-01T19:00:00+00:00,1.916,0.364,10.31
LOC013-U02,2026-01-01T19:15:00+00:00,2.474,0.243,8.45
LOC013-U02,2026-01-01T19:30:00+00:00,1.328,0.237,6.4
LOC013-U02,2026-01-01T19:45:00+00:00,2.54,0.312,7.43
LOC013-U02,2026-01-01T20:00:00+00:00,2.171,0.292,11.28
LOC013-U02,2026-01-01T20:15:00+00:00,2.205,0.322,8.95
LOC013-U02,2026-01-01T20:30:00+00:00,1.733,0.322,7.11
LOC013-U02,2026-01-01T20:45:00+00:00,1.923,0.361,10.64
LOC013-U02,2026-01-01T21:00:00+00:00,2.939,0.279,11.2
LOC013-U02,2026-01-01T21:15:00+00:00,1.412,0.316,10.62
LOC013-U02,2026-01-01T21:30:00+00:00,1.347,0.26,8.2
LOC013-U02,2026-01-01T21:45:00+00:00,2.64,0.338,9.27
LOC013-U02,2026-01-01T22:00:00+00:00,2.646,0.306,8.53
LOC013-U02,2026-01-01T22:15:00+00:00,2.0,0.233,9.5
LOC013-U02,2026-01-01T22:30:00+00:00,2.347,0.341,7.84
LOC013-U02,2026-01-01T22:45:00+00:00,2.311,0.331,9.08
LOC013-U02,2026-01-01T23:00:00+00:00,2.177,0.359,11.61
LOC013-U02,2026-01-01T23:15:00+00:00,2.936,0.26,10.19
LOC013-U02,2026-01-01T23:30:00+00:00,2.252,0.277,10.03
LOC013-U02,2026-01-01T23:45:00+00:00,1.856,0.378,8.19
LOC013-U02,2026-01-02T00:00:00+00:00,2.609,0.358,11.85
LOC013-U02,2026-01-02T00:15:00+00:00,1.19,0.238,7.25
LOC013-U02,2026-01-02T00:30:00+00:00,2.281,0.362,11.79
LOC013-U02,2026-01-02T00:45:00+00:00,2.486,0.313,7.34
LOC013-U02,2026-01-02T01:00:00+00:00,3.193,0.229,7.55
LOC013-U02,2026-01-02T01:15:00+00:00,2.325,0.231,10.88
LOC013-U02,2026-01-02T01:30:00+00:00,2.284,0.238,8.63
LOC013-U02,2026-01-02T01:45:00+00:00,1.672,0.299,9.45
LOC013-U02,2026-01-02T02:00:00+00:00,2.27,0.333,7.63
LOC013-U02,2026-01-02T02:15:00+00:00,2.214,0.334,9.39
LOC013-U02,2026-01-02T02:30:00+00:00,2.914,0.372,7.99
LOC013-U02,2026-01-02T02:45:00+00:00,2.814,0.246,8.65
LOC013-U02,2026-01-02T03:00:00+00:00,2.841,0.357,8.85
LOC013-U02,2026-01-02T03:15:00+00:00,2.141,0.268,6.96
LOC013-U02,2026-01-02T03:30:00+00:00,2.051,0.272,9.23
LOC013-U02,2026-01-02T03:45:00+00:00,2.266,0.366,7.61
LOC038-U01,2026-01-01T10:00:00+00:00,2.469,0.263,10.86
LOC038-U01,2026-01-01T10:15:00+00:00,2.384,0.264,11.05
LOC038-U01,2026-01-01T10:30:00+00:00,1.97,0.272,9.02
LOC038-U01,2026-01-01T10:45:00+00:00,2.922,0.224,8.13
LOC038-U01,2026-01-01T11:00:00+00:00,2.265,0.362,7.04
LOC038-U01,2026-01-01T11:15:00+00:00,1.978,0.357,8.34
LOC038-U01,2026-01-01T11:30:00+00:00,3.151,0.334,7.36
LOC038-U01,2026-01-01T11:45:00+00:00,1.667,0.24,8.34
LOC038-U01,2026-01-01T12:00:00+00:00,2.131,0.356,8.91
LOC038-U01,2026-01-01T12:15:00+00:00,2.035,0.282,11.18
LOC038-U01,2026-01-01T12:30:00+00:00,1.476,0.24,8.93
LOC038-U01,2026-01-01T12:45:00+00:00,1.974,0.372,7.56
LOC038-U01,2026-01-01T13:00:00+00:00,2.045,0.283,6.69
LOC038-U01,2026-01-01T13:15:00+00:00,2.88,0.221,6.77
LOC038-U01,2026-01-01T13:30:00+00:00,2.135,0.336,11.12
LOC038-U01,2026-01-01T13:45:00+00:00,2.064,0.235,9.95
LOC038-U01,2026-01-01T14:00:00+00:00,2.73,0.297,9.58
LOC038-U01,2026-01-01T14:15:00+00:00,1.018,0.275,9.71
LOC038-U01,2026-01-01T14:30:00+00:00,2.104,0.326,11.3
LOC038-U01,2026-01-01T14:45:00+00:00,1.404,0.233,6.52
LOC038-U01,2026-01-01T15:00:00+00:00,1.906,0.223,9.45
LOC038-U01,2026-01-01T15:15:00+00:00,2.045,0.328,8.4
LOC038-U01,2026-01-01T15:30:00+00:00,2.583,0.359,10.07
LOC038-U01,2026-01-01T15:45:00+00:00,2.907,0.302,9.03
LOC038-U01,2026-01-01T16:00:00+00:00,1.869,0.281,7.67
LOC038-U01,2026-01-01T16:15:00+00:00,1.61,0.348,8.74
LOC038-U01,2026-01-01T16:30:00+00:00,1.838,0.278,8.32
LOC038-U01,2026-01-01T16:45:00+00:00,2.836,0.237,7.97
LOC038-U01,2026-01-01T17:00:00+00:00,1.859,0.348,7.07
LOC038-U01,2026-01-01T17:15:00+00:00,2.567,0.348,11.58
LOC038-U01,2026-01-01T17:30:00+00:00,2.111,0.364,10.28
LOC038-U01,2026-01-01T17:45:00+00:00,2.241,0.301,11.4
LOC038-U01,2026-01-01T18:00:00+00:00,1.985,0.362,7.79
LOC038-U01,2026-01-01T18:15:00+00:00,1.726,0.232,6.44
LOC038-U01,2026-01-01T18:30:00+00:00,2.37,0.335,9.1
LOC038-U01,2026-01-01T18:45:00+00:00,2.559,0.358,8.65
LOC038-U01,2026-01-01T19:00:00+00:00,1.953,0.291,7.03
LOC038-U01,2026-01-01T19:15:00+00:00,2.752,0.351,7.27
LOC038-U01,2026-01-01T19:30:00+00:00,1.703,0.281,10.81
LOC038-U01,2026-01-01T19:45:00+00:00,1.863,0.292,9.1
LOC038-U01,2026-01-01T20:00:00+00:00,2.137,0.328,6.92
LOC038-U01,2026-01-01T20:15:00+00:00,2.458,0.27,7.43
LOC038-U01,2026-01-01T20:30:00+00:00,2.14,0.293,9.19
LOC038-U01,2026-01-01T20:45:00+00:00,1.958,0.257,10.67
LOC038-U01,2026-01-01T21:00:00+00:00,2.28,0.234,8.72
LOC038-U01,2026-01-01T21:15:00+00:00,2.494,0.281,8.54
LOC038-U01,2026-01-01T21:30:00+00:00,2.814,0.364,8.36
LOC038-U01,2026-01-01T21:45:00+00:00,2.366,0.329,7.1
LOC038-U01,2026-01-01T22:00:00+00:00,2.619,0.275,11.3
LOC038-U01,2026-01-01T22:15:00+00:00,2.545,0.277,9.65
LOC038-U01,2026-01-01T22:30:00+00:00,2.076,0.347,9.63
LOC038-U01,2026-01-01T22:45:00+00:00,2.239,0.227,8.03
LOC038-U01,2026-01-01T23:00:00+00:00,2.241,0.263,11.12
LOC038-U01,2026-01-01T23:15:00+00:00,0.815,0.367,6.81
LOC038-U01,2026-01-01T23:30:00+00:00,1.729,0.314,9.09
LOC038-U01,2026-01-01T23:45:00+00:00,1.855,0.264,8.43
LOC038-U01,2026-01-02T00:00:00+00:00,1.483,0.339,6.98
LOC038-U01,2026-01-02T00:15:00+00:00,1.527,0.37,9.43
LOC038-U01,2026-01-02T00:30:00+00:00,1.848,0.261,11.36
LOC038-U01,2026-01-02T00:45:00+00:00,2.362,0.349,8.98
LOC038-U01,2026-01-02T01:00:00+00:00,1.755,0.35,8.18
LOC038-U01,2026-01-02T01:15:00+00:00,1.806,0.236,10.45
LOC038-U01,2026-01-02T01:30:00+00:00,3.024,0.319,9.88
LOC038-U01,2026-01-02T01:45:00+00:00,1.94,0.359,11.35
LOC038-U01,2026-01-02T02:00:00+00:00,1.532,0.344,8.28
LOC038-U01,2026-01-02T02:15:00+00:00,2.067,0.315,7.94
LOC038-U01,2026-01-02T02:30:00+00:00,2.675,0.295,7.18
LOC038-U01,2026-01-02T02:45:00+00:00,1.915,0.283,8.27
LOC038-U01,2026-01-02T03:00:00+00:00,2.923,0.283,10.21
LOC038-U01,2026-01-02T03:15:00+00:00,2.247,0.284,9.07
LOC038-U01,2026-01-02T03:30:00+00:00,1.202,0.26,7.28
LOC038-U01,2026-01-02T03:45:00+00:00,1.849,0.222,10.67
LOC008-U02,2026-01-01T10:00:00+00:00,1.416,0.253,10.41
LOC008-U02,2026-01-01T10:15:00+00:00,2.48,0.324,9.63
LOC008-U02,2026-01-01T10:30:00+00:00,2.649,0.312,11.18
LOC008-U02,2026-01-01T10:45:00+00:00,2.232,0.316,9.57
LOC008-U02,2026-01-01T11:00:00+00:00,1.65,0.279,7.61
LOC008-U02,2026-01-01T11:15:00+00:00,1.517,0.255,10.37
LOC008-U02,2026-01-01T11:30:00+00:00,2.779,0.316,10.59
LOC008-U02,2026-01-01T11:45:00+00:00,2.914,0.348,9.14
LOC008-U02,2026-01-01T12:00:00+00:00,1.817,0.371,7.11
LOC008-U02,2026-01-01T12:15:00+00:00,2.793,0.314,11.63
LOC008-U02,2026-01-01T12:30:00+00:00,1.734,0.27,7.84
LOC008-U02,2026-01-01T12:45:00+00:00,1.993,0.24,8.27
LOC008-U02,2026-01-01T13:00:00+00:00,2.873,0.294,10.87
LOC008-U02,2026-01-01T13:15:00+00:00,1.432,0.313,11.3
LOC008-U02,2026-01-01T13:30:00+00:00,2.635,0.29,6.97
LOC008-U02,2026-01-01T13:45:00+00:00,1.433,0.315,8.88
LOC008-U02,2026-01-01T14:00:00+00:00,3.086,0.35,10.79
LOC008-U02,2026-01-01T14:15:00+00:00,1.908,0.271,10.58
LOC008-U02,2026-01-01T14:30:00+00:00,2.259,0.335,7.85
LOC008-U02,2026-01-01T14:45:00+00:00,1.798,0.228,7.61
LOC008-U02,2026-01-01T15:00:00+00:00,2.258,0.313,10.06
LOC008-U02,2026-01-01T15:15:00+00:00,2.176,0.23,7.75
LOC008-U02,2026-01-01T15:30:00+00:00,1.611,0.378,8.52
LOC008-U02,2026-01-01T15:45:00+00:00,2.121,0.338,11.06
LOC008-U02,2026-01-01T16:00:00+00:00,3.184,0.305,11.31
LOC008-U02,2026-01-01T16:15:00+00:00,2.119,0.293,9.93
LOC008-U02,2026-01-01T16:30:00+00:00,2.935,0.28,7.73
LOC008-U02,2026-01-01T16:45:00+00:00,1.726,0.226,9.5
LOC008-U02,2026-01-01T17:00:00+00:00,1.885,0.229,10.96
LOC008-U02,2026-01-01T17:15:00+00:00,2.433,0.327,8.97
LOC008-U02,2026-01-01T17:30:00+00:00,2.555,0.355,7.02
LOC008-U02,2026-01-01T17:45:00+00:00,2.041,0.327,7.83
LOC008-U02,2026-01-01T18:00:00+00:00,1.613,0.378,6.82
LOC008-U02,2026-01-01T18:15:00+00:00,0.996,0.236,9.28
LOC008-U02,2026-01-01T18:30:00+00:00,2.434,0.331,9.94
LOC008-U02,2026-01-01T18:45:00+00:00,2.863,0.261,10.57
LOC008-U02,2026-01-01T19:00:00+00:00,2.507,0.37,11.25
LOC008-U02,2026-01-01T19:15:00+00:00,2.71,0.332,10.91
LOC008-U02,2026-01-01T19:30:00+00:00,2.348,0.242,9.67
LOC008-U02,2026-01-01T19:45:00+00:00,1.829,0.36,8.46
LOC008-U02,2026-01-01T20:00:00+00:00,2.197,0.305,7.59
LOC008-U02,2026-01-01T20:15:00+00:00,2.764,0.281,9.93
LOC008-U02,2026-01-01T20:30:00+00:00,3.071,0.332,7.52
LOC008-U02,2026-01-01T20:45:00+00:00,1.813,0.296,7.17
LOC008-U02,2026-01-01T21:00:00+00:00,2.663,0.349,11.91
LOC008-U02,2026-01-01T21:15:00+00:00,2.945,0.232,8.43
LOC008-U02,2026-01-01T21:30:00+00:00,2.025,0.232,11.35
LOC008-U02,2026-01-01T21:45:00+00:00,2.268,0.224,9.27
LOC008-U02,2026-01-01T22:00:00+00:00,1.979,0.26,10.25
LOC008-U02,2026-01-01T22:15:00+00:00,2.83,0.295,11.8
LOC008-U02,2026-01-01T22:30:00+00:00,1.964,0.278,10.19
LOC008-U02,2026-01-01T22:45:00+00:00,1.216,0.268,10.87
LOC008-U02,2026-01-01T23:00:00+00:00,2.224,0.265,6.95
LOC008-U02,2026-01-01T23:15:00+00:00,1.995,0.261,7.56
LOC008-U02,2026-01-01T23:30:00+00:00,2.019,0.308,9.58
LOC008-U02,2026-01-01T23:45:00+00:00,1.781,0.282,9.05
LOC008-U02,2026-01-02T00:00:00+00:00,1.957,0.312,10.0
LOC008-U02,2026-01-02T00:15:00+00:00,1.26,0.253,8.88
LOC008-U02,2026-01-02T00:30:00+00:00,2.192,0.236,8.88
LOC008-U02,2026-01-02T00:45:00+00:00,1.213,0.339,8.79
LOC008-U02,2026-01-02T01:00:00+00:00,2.075,0.337,7.92
LOC008-U02,2026-01-02T01:15:00+00:00,2.354,0.362,8.81
LOC008-U02,2026-01-02T01:30:00+00:00,2.631,0.341,9.29
LOC008-U02,2026-01-02T01:45:00+00:00,2.48,0.273,6.82
LOC008-U02,2026-01-02T02:00:00+00:00,1.704,0.367,6.74
LOC008-U02,2026-01-02T02:15:00+00:00,2.122,0.248,9.15
LOC008-U02,2026-01-02T02:30:00+00:00,1.55,0.261,7.71
LOC008-U02,2026-01-02T02:45:00+00:00,2.236,0.245,10.96
LOC008-U02,2026-01-02T03:00:00+00:00,3.481,0.357,12.17
LOC008-U02,2026-01-02T03:15:00+00:00,1.548,0.372,6.8
LOC008-U02,2026-01-02T03:30:00+00:00,1.664,0.34,6.73
LOC008-U02,2026-01-02T03:45:00+00:00,1.863,0.296,8.33
LOC014-U01,2026-01-01T10:00:00+00:00,1.511,0.238,9.49
LOC014-U01,2026-01-01T10:15:00+00:00,3.009,0.237,11.65
LOC014-U01,2026-01-01T10:30:00+00:00,2.58,0.306,9.06
LOC014-U01,2026-01-01T10:45:00+00:00,2.409,0.231,8.8
LOC014-U01,2026-01-01T11:00:00+00:00,2.183,0.319,11.42
LOC014-U01,2026-01-01T11:15:00+00:00,1.616,0.248,9.36
LOC014-U01,2026-01-01T11:30:00+00:00,0.978,0.309,9.02
LOC014-U01,2026-01-01T11:45:00+00:00,1.803,0.258,7.73
LOC014-U01,2026-01-01T12:00:00+00:00,1.95,0.364,8.33
LOC014-U01,2026-01-01T12:15:00+00:00,1.85,0.345,8.12
LOC014-U01,2026-01-01T12:30:00+00:00,2.649,0.31,9.74
LOC014-U01,2026-01-01T12:45:00+00:00,1.964,0.239,8.64
LOC014-U01,2026-01-01T13:00:00+00:00,1.865,0.261,10.42
LOC014-U01,2026-01-01T13:15:00+00:00,1.935,0.324,10.66
LOC014-U01,2026-01-01T13:30:00+00:00,2.286,0.339,9.09
LOC014-U01,2026-01-01T13:45:00+00:00,1.829,0.375,9.31
LOC014-U01,2026-01-01T14:00:00+00:00,1.485,0.304,8.46
LOC014-U01,2026-01-01T14:15:00+00:00,1.662,0.344,11.16
LOC014-U01,2026-01-01T14:30:00+00:00,2.38,0.337,7.19
LOC014-U01,2026-01-01T14:45:00+00:00,1.519,0.339,7.81
LOC014-U01,2026-01-01T15:00:00+00:00,1.721,0.242,7.13
LOC014-U01,2026-01-01T15:15:00+00:00,2.603,0.379,7.34
LOC014-U01,2026-01-01T15:30:00+00:00,2.425,0.354,9.43
LOC014-U01,2026-01-01T15:45:00+00:00,2.085,0.277,6.66
LOC014-U01,2026-01-01T16:00:00+00:00,1.363,0.331,6.6
LOC014-U01,2026-01-01T16:15:00+00:00,2.341,0.366,11.82
LOC014-U01,2026-01-01T16:30:00+00:00,1.909,0.224,6.49
LOC014-U01,2026-01-01T16:45:00+00:00,1.145,0.357,8.16
LOC014-U01,2026-01-01T17:00:00+00:00,2.073,0.292,10.36
LOC014-U01,2026-01-01T17:15:00+00:00,2.589,0.372,10.06
LOC014-U01,2026-01-01T17:30:00+00:00,2.621,0.248,8.72
LOC014-U01,2026-01-01T17:45:00+00:00,2.354,0.33,7.29
LOC014-U01,2026-01-01T18:00:00+00:00,2.347,0.309,9.36
LOC014-U01,2026-01-01T18:15:00+00:00,1.807,0.326,7.58
LOC014-U01,2026-01-01T18:30:00+00:00,1.468,0.329,7.37
LOC014-U01,2026-01-01T18:45:00+00:00,1.231,0.344,8.74
LOC014-U01,2026-01-01T19:00:00+00:00,2.29,0.335,10.14
LOC014-U01,2026-01-01T19:15:00+00:00,1.69,0.307,10.77
LOC014-U01,2026-01-01T19:30:00+00:00,2.227,0.25,10.33
LOC014-U01,2026-01-01T19:45:00+00:00,2.298,0.286,11.29
LOC014-U01,2026-01-01T20:00:00+00:00,2.501,0.349,8.27
LOC014-U01,2026-01-01T20:15:00+00:00,2.214,0.34,9.65
LOC014-U01,2026-01-01T20:30:00+00:00,1.895,0.275,11.36
LOC014-U01,2026-01-01T20:45:00+00:00,1.081,0.378,9.67
LOC014-U01,2026-01-01T21:00:00+00:00,2.213,0.329,9.72
LOC014-U01,2026-01-01T21:15:00+00:00,2.855,0.252,9.71
LOC014-U01,2026-01-01T21:30:00+00:00,2.031,0.287,8.3
LOC014-U01,2026-01-01T21:45:00+00:00,2.549,0.251,9.91
LOC014-U01,2026-01-01T22:00:00+00:00,1.433,0.222,9.92
LOC014-U01,2026-01-01T22:15:00+00:00,1.739,0.237,7.87
LOC014-U01,2026-01-01T22:30:00+00:00,2.672,0.283,8.21
LOC014-U01,2026-01-01T22:45:00+00:00,2.522,0.235,8.81
LOC014-U01,2026-01-01T23:00:00+00:00,2.786,0.357,8.51
LOC014-U01,2026-01-01T23:15:00+00:00,3.028,0.292,7.86
LOC014-U01,2026-01-01T23:30:00+00:00,2.171,0.267,8.69
LOC014-U01,2026-01-01T23:45:00+00:00,1.816,0.347,9.82
LOC014-U01,2026-01-02T00:00:00+00:00,1.556,0.224,8.7
LOC014-U01,2026-01-02T00:15:00+00:00,2.007,0.26,10.29
LOC014-U01,2026-01-02T00:30:00+00:00,2.222,0.328,7.2
LOC014-U01,2026-01-02T00:45:00+00:00,2.432,0.34,8.76
LOC014-U01,2026-01-02T01:00:00+00:00,2.098,0.344,7.7
LOC014-U01,2026-01-02T01:15:00+00:00,2.257,0.375,8.55
LOC014-U01,2026-01-02T01:30:00+00:00,1.767,0.311,6.7
LOC014-U01,2026-01-02T01:45:00+00:00,1.699,0.236,8.11
LOC014-U01,2026-01-02T02:00:00+00:00,2.158,0.244,8.93
LOC014-U01,2026-01-02T02:15:00+00:00,1.587,0.242,8.0
LOC014-U01,2026-01-02T02:30:00+00:00,2.021,0.353,8.97
LOC014-U01,2026-01-02T02:45:00+00:00,2.074,0.232,10.86
LOC014-U01,2026-01-02T03:00:00+00:00,2.295,0.335,8.17
LOC014-U01,2026-01-02T03:15:00+00:00,3.391,0.309,8.94
LOC014-U01,2026-01-02T03:30:00+00:00,2.635,0.258,11.67
LOC014-U01,2026-01-02T03:45:00+00:00,2.177,0.282,11.02
LOC009-U02,2026-01-01T10:00:00+00:00,2.758,0.354,11.71
LOC009-U02,2026-01-01T10:15:00+00:00,2.251,0.328,8.34
LOC009-U02,2026-01-01T10:30:00+00:00,2.198,0.363,11.19
LOC009-U02,2026-01-01T10:45:00+00:00,2.596,0.333,8.9
LOC009-U02,2026-01-01T11:00:00+00:00,1.525,0.296,7.24
LOC009-U02,2026-01-01T11:15:00+00:00,2.592,0.341,7.2
LOC009-U02,2026-01-01T11:30:00+00:00,1.731,0.287,6.84
LOC009-U02,2026-01-01T11:45:00+00:00,1.443,0.306,10.4
LOC009-U02,2026-01-01T12:00:00+00:00,1.913,0.379,11.68
LOC009-U02,2026-01-01T12:15:00+00:00,1.322,0.28,10.02
LOC009-U02,2026-01-01T12:30:00+00:00,0.709,0.314,8.45
LOC009-U02,2026-01-01T12:45:00+00:00,2.0,0.342,8.05
LOC009-U02,2026-01-01T13:00:00+00:00,2.073,0.237,7.51
LOC009-U02,2026-01-01T13:15:00+00:00,1.714,0.323,8.73
LOC009-U02,2026-01-01T13:30:00+00:00,2.437,0.369,11.39
LOC009-U02,2026-01-01T13:45:00+00:00,3.193,0.267,9.17
LOC009-U02,2026-01-01T14:00:00+00:00,1.884,0.31,9.44
LOC009-U02,2026-01-01T14:15:00+00:00,2.204,0.335,10.97
LOC009-U02,2026-01-01T14:30:00+00:00,1.927,0.235,9.16
LOC009-U02,2026-01-01T14:45:00+00:00,2.232,0.311,8.82
LOC009-U02,2026-01-01T15:00:00+00:00,2.251,0.23,8.06
LOC009-U02,2026-01-01T15:15:00+00:00,3.2,0.294,8.36
LOC009-U02,2026-01-01T15:30:00+00:00,1.76,0.325,10.67
LOC009-U02,2026-01-01T15:45:00+00:00,0.946,0.293,7.95
LOC009-U02,2026-01-01T16:00:00+00:00,2.166,0.355,11.47
LOC009-U02,2026-01-01T16:15:00+00:00,1.781,0.288,10.4
LOC009-U02,2026-01-01T16:30:00+00:00,1.165,0.314,7.2
LOC009-U02,2026-01-01T16:45:00+00:00,1.593,0.339,7.91
LOC009-U02,2026-01-01T17:00:00+00:00,2.651,0.278,9.3
LOC009-U02,2026-01-01T17:15:00+00:00,2.564,0.289,9.96
LOC009-U02,2026-01-01T17:30:00+00:00,3.15,0.372,11.39
LOC009-U02,2026-01-01T17:45:00+00:00,1.766,0.323,7.24
LOC009-U02,2026-01-01T18:00:00+00:00,1.501,0.323,8.06
LOC009-U02,2026-01-01T18:15:00+00:00,2.125,0.303,8.45
LOC009-U02,2026-01-01T18:30:00+00:00,1.046,0.243,10.8
LOC009-U02,2026-01-01T18:45:00+00:00,2.383,0.288,8.98
LOC009-U02,2026-01-01T19:00:00+00:00,1.319,0.234,9.51
LOC009-U02,2026-01-01T19:15:00+00:00,1.929,0.287,9.94
LOC009-U02,2026-01-01T19:30:00+00:00,2.222,0.263,10.34
LOC009-U02,2026-01-01T19:45:00+00:00,2.466,0.221,10.66
LOC009-U02,2026-01-01T20:00:00+00:00,2.186,0.239,7.6
LOC009-U02,2026-01-01T20:15:00+00:00,0.774,0.365,11.02
LOC009-U02,2026-01-01T20:30:00+00:00,2.553,0.379,11.36
LOC009-U02,2026-01-01T20:45:00+00:00,1.35,0.334,10.33
LOC009-U02,2026-01-01T21:00:00+00:00,2.501,0.227,9.06
LOC009-U02,2026-01-01T21:15:00+00:00,2.231,0.227,6.63
LOC009-U02,2026-01-01T21:30:00+00:00,2.878,0.28,7.72
LOC009-U02,2026-01-01T21:45:00+00:00,1.696,0.363,7.35
LOC009-U02,2026-01-01T22:00:00+00:00,2.175,0.238,10.45
LOC009-U02,2026-01-01T22:15:00+00:00,1.752,0.246,8.35
LOC009-U02,2026-01-01T22:30:00+00:00,1.891,0.355,11.37
LOC009-U02,2026-01-01T22:45:00+00:00,2.197,0.275,9.44
LOC009-U02,2026-01-01T23:00:00+00:00,1.48,0.222,10.54
LOC009-U02,2026-01-01T23:15:00+00:00,2.502,0.356,10.97
LOC009-U02,2026-01-01T23:30:00+00:00,1.858,0.332,10.98
LOC009-U02,2026-01-01T23:45:00+00:00,2.219,0.239,9.69
LOC009-U02,2026-01-02T00:00:00+00:00,2.57,0.371,9.96
LOC009-U02,2026-01-02T00:15:00+00:00,1.855,0.26,6.94
LOC009-U02,2026-01-02T00:30:00+00:00,2.15,0.355,10.17
LOC009-U02,2026-01-02T00:45:00+00:00,2.148,0.361,8.17
LOC009-U02,2026-01-02T01:00:00+00:00,2.736,0.292,9.3
LOC009-U02,2026-01-02T01:15:00+00:00,2.024,0.308,8.4
LOC009-U02,2026-01-02T01:30:00+00:00,2.357,0.325,10.25
LOC009-U02,2026-01-02T01:45:00+00:00,1.697,0.31,9.67
LOC009-U02,2026-01-02T02:00:00+00:00,2.401,0.269,7.52
LOC009-U02,2026-01-02T02:15:00+00:00,2.363,0.299,10.85
LOC009-U02,2026-01-02T02:30:00+00:00,1.958,0.298,7.51
LOC009-U02,2026-01-02T02:45:00+00:00,2.293,0.284,6.74
LOC009-U02,2026-01-02T03:00:00+00:00,2.37,0.24,8.45
LOC009-U02,2026-01-02T03:15:00+00:00,1.375,0.288,9.86
LOC009-U02,2026-01-02T03:30:00+00:00,1.653,0.23,7.72
LOC009-U02,2026-01-02T03:45:00+00:00,2.098,0.342,10.62
LOC014-U02,2026-01-01T10:00:00+00:00,1.99,0.276,10.39
LOC014-U02,2026-01-01T10:15:00+00:00,2.673,0.306,10.65
LOC014-U02,2026-01-01T10:30:00+00:00,1.544,0.274,10.05
LOC014-U02,2026-01-01T10:45:00+00:00,1.977,0.373,8.41
LOC014-U02,2026-01-01T11:00:00+00:00,1.554,0.357,8.97
LOC014-U02,2026-01-01T11:15:00+00:00,1.717,0.229,10.09
LOC014-U02,2026-01-01T11:30:00+00:00,2.924,0.346,8.14
LOC014-U02,2026-01-01T11:45:00+00:00,1.53,0.242,10.85
LOC014-U02,2026-01-01T12:00:00+00:00,2.181,0.298,9.82
LOC014-U02,2026-01-01T12:15:00+00:00,1.241,0.357,9.18
LOC014-U02,2026-01-01T12:30:00+00:00,0.938,0.281,8.34
LOC014-U02,2026-01-01T12:45:00+00:00,0.847,0.277,8.79
LOC014-U02,2026-01-01T13:00:00+00:00,2.489,0.293,9.84
LOC014-U02,2026-01-01T13:15:00+00:00,3.66,0.352,11.87
LOC014-U02,2026-01-01T13:30:00+00:00,0.606,0.353,10.63
LOC014-U02,2026-01-01T13:45:00+00:00,2.405,0.323,8.62
LOC014-U02,2026-01-01T14:00:00+00:00,0.99,0.23,9.03
LOC014-U02,2026-01-01T14:15:00+00:00,2.184,0.278,9.36
LOC014-U02,2026-01-01T14:30:00+00:00,1.752,0.373,8.73
LOC014-U02,2026-01-01T14:45:00+00:00,1.672,0.328,10.37
LOC014-U02,2026-01-01T15:00:00+00:00,1.903,0.328,10.34
LOC014-U02,2026-01-01T15:15:00+00:00,2.504,0.36,9.41
LOC014-U02,2026-01-01T15:30:00+00:00,1.871,0.229,9.95
LOC014-U02,2026-01-01T15:45:00+00:00,2.09,0.372,8.15
LOC014-U02,2026-01-01T16:00:00+00:00,1.947,0.247,7.8
LOC014-U02,2026-01-01T16:15:00+00:00,2.328,0.334,11.67
LOC014-U02,2026-01-01T16:30:00+00:00,3.302,0.293,7.38
LOC014-U02,2026-01-01T16:45:00+00:00,2.539,0.313,7.7
LOC014-U02,2026-01-01T17:00:00+00:00,2.01,0.269,11.17
LOC014-U02,2026-01-01T17:15:00+00:00,2.232,0.241,7.04
LOC014-U02,2026-01-01T17:30:00+00:00,2.13,0.373,10.46
LOC014-U02,2026-01-01T17:45:00+00:00,2.928,0.268,11.1
LOC014-U02,2026-01-01T18:00:00+00:00,1.852,0.305,11.05
LOC014-U02,2026-01-01T18:15:00+00:00,2.825,0.261,9.18
LOC014-U02,2026-01-01T18:30:00+00:00,2.672,0.273,7.38
LOC014-U02,2026-01-01T18:45:00+00:00,2.433,0.233,6.67
LOC014-U02,2026-01-01T19:00:00+00:00,1.84,0.257,9.98
LOC014-U02,2026-01-01T19:15:00+00:00,2.01,0.355,9.68
LOC014-U02,2026-01-01T19:30:00+00:00,2.452,0.239,8.74
LOC014-U02,2026-01-01T19:45:00+00:00,2.203,0.284,7.99
LOC014-U02,2026-01-01T20:00:00+00:00,2.352,0.255,9.87
LOC014-U02,2026-01-01T20:15:00+00:00,2.633,0.284,9.13
LOC014-U02,2026-01-01T20:30:00+00:00,1.495,0.36,9.09
LOC014-U02,2026-01-01T20:45:00+00:00,1.229,0.372,8.06
LOC014-U02,2026-01-01T21:00:00+00:00,2.966,0.276,9.3
LOC014-U02,2026-01-01T21:15:00+00:00,1.414,0.264,9.5
LOC014-U02,2026-01-01T21:30:00+00:00,1.971,0.338,7.95
LOC014-U02,2026-01-01T21:45:00+00:00,2.882,0.292,10.37
LOC014-U02,2026-01-01T22:00:00+00:00,1.602,0.3,10.77
LOC014-U02,2026-01-01T22:15:00+00:00,1.061,0.225,9.26
LOC014-U02,2026-01-01T22:30:00+00:00,2.484,0.368,8.51
LOC014-U02,2026-01-01T22:45:00+00:00,2.152,0.322,8.86
LOC014-U02,2026-01-01T23:00:00+00:00,2.022,0.253,6.88
LOC014-U02,2026-01-01T23:15:00+00:00,1.908,0.232,10.52
LOC014-U02,2026-01-01T23:30:00+00:00,2.146,0.319,8.54
LOC014-U02,2026-01-01T23:45:00+00:00,2.913,0.333,10.34
LOC014-U02,2026-01-02T00:00:00+00:00,2.491,0.27,6.68
LOC014-U02,2026-01-02T00:15:00+00:00,2.746,0.315,7.98
LOC014-U02,2026-01-02T00:30:00+00:00,1.925,0.32,10.06
LOC014-U02,2026-01-02T00:45:00+00:00,2.723,0.229,9.07
LOC014-U02,2026-01-02T01:00:00+00:00,1.861,0.301,11.44
LOC014-U02,2026-01-02T01:15:00+00:00,2.433,0.265,11.25
LOC014-U02,2026-01-02T01:30:00+00:00,2.132,0.321,7.38
LOC014-U02,2026-01-02T01:45:00+00:00,2.329,0.311,10.58
LOC014-U02,2026-01-02T02:00:00+00:00,2.66,0.261,9.13
LOC014-U02,2026-01-02T02:15:00+00:00,2.091,0.226,9.16
LOC014-U02,2026-01-02T02:30:00+00:00,3.515,0.323,10.23
LOC014-U02,2026-01-02T02:45:00+00:00,1.8,0.345,10.61
LOC014-U02,2026-01-02T03:00:00+00:00,1.263,0.344,7.65
LOC014-U02,2026-01-02T03:15:00+00:00,2.348,0.269,8.71
LOC014-U02,2026-01-02T03:30:00+00:00,2.39,0.354,7.9
LOC014-U02,2026-01-02T03:45:00+00:00,2.37,0.226,10.4
LOC022-U02,2026-01-01T10:00:00+00:00,2.037,0.359,11.45
LOC022-U02,2026-01-01T10:15:00+00:00,2.175,0.271,9.71
LOC022-U02,2026-01-01T10:30:00+00:00,1.595,0.371,10.59
LOC022-U02,2026-01-01T10:45:00+00:00,2.599,0.307,8.35
LOC022-U02,2026-01-01T11:00:00+00:00,1.655,0.256,11.39
LOC022-U02,2026-01-01T11:15:00+00:00,2.591,0.3,8.52
LOC022-U02,2026-01-01T11:30:00+00:00,2.432,0.339,11.09
LOC022-U02,2026-01-01T11:45:00+00:00,1.916,0.249,10.69
LOC022-U02,2026-01-01T12:00:00+00:00,2.585,0.32,8.31
LOC022-U02,2026-01-01T12:15:00+00:00,2.999,0.297,6.99
LOC022-U02,2026-01-01T12:30:00+00:00,1.867,0.26,7.4
LOC022-U02,2026-01-01T12:45:00+00:00,3.341,0.316,11.27
LOC022-U02,2026-01-01T13:00:00+00:00,1.667,0.256,7.29
LOC022-U02,2026-01-01T13:15:00+00:00,1.327,0.239,7.58
LOC022-U02,2026-01-01T13:30:00+00:00,2.163,0.372,8.48
LOC022-U02,2026-01-01T13:45:00+00:00,2.317,0.371,11.79
LOC022-U02,2026-01-01T14:00:00+00:00,1.766,0.374,9.11
LOC022-U02,2026-01-01T14:15:00+00:00,2.102,0.274,8.03
LOC022-U02,2026-01-01T14:30:00+00:00,2.533,0.231,7.51
LOC022-U02,2026-01-01T14:45:00+00:00,2.711,0.371,10.25
LOC022-U02,2026-01-01T15:00:00+00:00,2.233,0.272,10.53
LOC022-U02,2026-01-01T15:15:00+00:00,2.558,0.308,9.76
LOC022-U02,2026-01-01T15:30:00+00:00,2.281,0.358,7.95
LOC022-U02,2026-01-01T15:45:00+00:00,2.1,0.25,9.07
LOC022-U02,2026-01-01T16:00:00+00:00,2.856,0.276,10.39
LOC022-U02,2026-01-01T16:15:00+00:00,1.994,0.332,7.61
LOC022-U02,2026-01-01T16:30:00+00:00,1.608,0.313,10.73
LOC022-U02,2026-01-01T16:45:00+00:00,1.007,0.236,9.04
LOC022-U02,2026-01-01T17:00:00+00:00,2.038,0.356,7.88
LOC022-U02,2026-01-01T17:15:00+00:00,3.157,0.293,7.37
LOC022-U02,2026-01-01T17:30:00+00:00,1.685,0.261,7.74
LOC022-U02,2026-01-01T17:45:00+00:00,1.988,0.316,11.08
LOC022-U02,2026-01-01T18:00:00+00:00,2.097,0.285,8.95
LOC022-U02,2026-01-01T18:15:00+00:00,2.171,0.222,7.25
LOC022-U02,2026-01-01T18:30:00+00:00,2.585,0.314,11.63
LOC022-U02,2026-01-01T18:45:00+00:00,1.355,0.25,8.73
LOC022-U02,2026-01-01T19:00:00+00:00,1.754,0.354,10.88
LOC022-U02,2026-01-01T19:15:00+00:00,2.093,0.284,11.11
LOC022-U02,2026-01-01T19:30:00+00:00,1.271,0.265,9.92
LOC022-U02,2026-01-01T19:45:00+00:00,2.171,0.341,10.08
LOC022-U02,2026-01-01T20:00:00+00:00,2.235,0.309,8.56
LOC022-U02,2026-01-01T20:15:00+00:00,1.443,0.297,9.15
LOC022-U02,2026-01-01T20:30:00+00:00,1.221,0.282,10.74
LOC022-U02,2026-01-01T20:45:00+00:00,2.029,0.23,6.49
LOC022-U02,2026-01-01T21:00:00+00:00,1.614,0.315,10.93
LOC022-U02,2026-01-01T21:15:00+00:00,1.345,0.374,10.7
LOC022-U02,2026-01-01T21:30:00+00:00,2.198,0.254,6.95
LOC022-U02,2026-01-01T21:45:00+00:00,2.526,0.295,11.7
LOC022-U02,2026-01-01T22:00:00+00:00,1.964,0.273,7.1
LOC022-U02,2026-01-01T22:15:00+00:00,1.794,0.226,11.18
LOC022-U02,2026-01-01T22:30:00+00:00,1.508,0.225,9.6
LOC022-U02,2026-01-01T22:45:00+00:00,1.693,0.248,8.66
LOC022-U02,2026-01-01T23:00:00+00:00,1.846,0.305,6.99
LOC022-U02,2026-01-01T23:15:00+00:00,2.126,0.235,10.56
LOC022-U02,2026-01-01T23:30:00+00:00,1.612,0.299,8.96
LOC022-U02,2026-01-01T23:45:00+00:00,1.217,0.327,11.33
LOC022-U02,2026-01-02T00:00:00+00:00,2.298,0.367,7.64
LOC022-U02,2026-01-02T00:15:00+00:00,2.62,0.221,7.72
LOC022-U02,2026-01-02T00:30:00+00:00,2.296,0.355,7.17
LOC022-U02,2026-01-02T00:45:00+00:00,2.755,0.352,10.2
LOC022-U02,2026-01-02T01:00:00+00:00,2.284,0.362,6.99
LOC022-U02,2026-01-02T01:15:00+00:00,2.215,0.323,7.07
LOC022-U02,2026-01-02T01:30:00+00:00,2.289,0.325,9.14
LOC022-U02,2026-01-02T01:45:00+00:00,1.763,0.246,7.77
LOC022-U02,2026-01-02T02:00:00+00:00,1.892,0.235,8.77
LOC022-U02,2026-01-02T02:15:00+00:00,1.727,0.359,7.0
LOC022-U02,2026-01-02T02:30:00+00:00,2.232,0.228,7.88
LOC022-U02,2026-01-02T02:45:00+00:00,2.266,0.343,7.74
LOC022-U02,2026-01-02T03:00:00+00:00,2.211,0.272,7.78
LOC022-U02,2026-01-02T03:15:00+00:00,1.238,0.265,9.6
LOC022-U02,2026-01-02T03:30:00+00:00,2.645,0.221,11.46
LOC022-U02,2026-01-02T03:45:00+00:00,1.32,0.37,9.04
LOC030-U01,2026-01-02T10:00:00+00:00,2.655,0.367,10.11
LOC030-U01,2026-01-02T10:15:00+00:00,2.702,0.267,10.81
LOC030-U01,2026-01-02T10:30:00+00:00,1.972,0.357,11.67
LOC030-U01,2026-01-02T10:45:00+00:00,2.072,0.35,9.87
LOC030-U01,2026-01-02T11:00:00+00:00,2.341,0.253,7.57
LOC030-U01,2026-01-02T11:15:00+00:00,2.213,0.247,10.44
LOC030-U01,2026-01-02T11:30:00+00:00,1.55,0.367,6.88
LOC030-U01,2026-01-02T11:45:00+00:00,1.884,0.373,7.07
LOC030-U01,2026-01-02T12:00:00+00:00,1.931,0.316,8.69
LOC030-U01,2026-01-02T12:15:00+00:00,1.865,0.26,10.49
LOC030-U01,2026-01-02T12:30:00+00:00,2.179,0.275,7.69
LOC030-U01,2026-01-02T12:45:00+00:00,1.838,0.227,9.48
LOC030-U01,2026-01-02T13:00:00+00:00,2.141,0.314,10.12
LOC030-U01,2026-01-02T13:15:00+00:00,1.689,0.241,9.35
LOC030-U01,2026-01-02T13:30:00+00:00,2.06,0.358,11.44
LOC030-U01,2026-01-02T13:45:00+00:00,1.478,0.273,9.96
LOC030-U01,2026-01-02T14:00:00+00:00,1.773,0.353,8.13
LOC030-U01,2026-01-02T14:15:00+00:00,1.136,0.292,6.93
LOC030-U01,2026-01-02T14:30:00+00:00,2.606,0.268,6.87
LOC030-U01,2026-01-02T14:45:00+00:00,1.791,0.266,11.29
LOC030-U01,2026-01-02T15:00:00+00:00,1.846,0.265,8.23
LOC030-U01,2026-01-02T15:15:00+00:00,2.144,0.298,8.93
LOC030-U01,2026-01-02T15:30:00+00:00,2.848,0.352,8.71
LOC030-U01,2026-01-02T15:45:00+00:00,3.045,0.312,8.08
LOC030-U01,2026-01-02T16:00:00+00:00,1.702,0.297,10.8
LOC030-U01,2026-01-02T16:15:00+00:00,1.945,0.285,7.33
LOC030-U01,2026-01-02T16:30:00+00:00,2.555,0.358,11.38
LOC030-U01,2026-01-02T16:45:00+00:00,2.375,0.249,10.15
LOC030-U01,2026-01-02T17:00:00+00:00,2.299,0.378,8.73
LOC030-U01,2026-01-02T17:15:00+00:00,2.081,0.371,11.76
LOC030-U01,2026-01-02T17:30:00+00:00,1.987,0.361,9.94
LOC030-U01,2026-01-02T17:45:00+00:00,1.832,0.247,10.69
LOC030-U01,2026-01-02T18:00:00+00:00,1.248,0.313,10.42
LOC030-U01,2026-01-02T18:15:00+00:00,2.352,0.278,11.6
LOC030-U01,2026-01-02T18:30:00+00:00,2.449,0.367,11.02
LOC030-U01,2026-01-02T18:45:00+00:00,1.7,0.347,11.33
LOC030-U01,2026-01-02T19:00:00+00:00,2.85,0.347,10.75
LOC030-U01,2026-01-02T19:15:00+00:00,1.947,0.266,10.1
LOC030-U01,2026-01-02T19:30:00+00:00,1.892,0.299,7.07
LOC030-U01,2026-01-02T19:45:00+00:00,1.789,0.36,8.17
LOC030-U01,2026-01-02T20:00:00+00:00,1.901,0.274,8.31
LOC030-U01,2026-01-02T20:15:00+00:00,1.977,0.326,10.42
LOC030-U01,2026-01-02T20:30:00+00:00,2.338,0.236,11.2
LOC030-U01,2026-01-02T20:45:00+00:00,2.459,0.372,8.53
LOC030-U01,2026-01-02T21:00:00+00:00,2.517,0.255,9.77
LOC030-U01,2026-01-02T21:15:00+00:00,2.58,0.348,11.82
LOC030-U01,2026-01-02T21:30:00+00:00,2.158,0.299,9.49
LOC030-U01,2026-01-02T21:45:00+00:00,1.745,0.232,8.72
LOC030-U01,2026-01-02T22:00:00+00:00,1.886,0.329,10.6
LOC030-U01,2026-01-02T22:15:00+00:00,2.08,0.35,7.94
LOC030-U01,2026-01-02T22:30:00+00:00,1.572,0.271,7.99
LOC030-U01,2026-01-02T22:45:00+00:00,1.585,0.373,8.9
LOC030-U01,2026-01-02T23:00:00+00:00,2.606,0.365,8.06
LOC030-U01,2026-01-02T23:15:00+00:00,2.21,0.275,8.51
LOC030-U01,2026-01-02T23:30:00+00:00,1.771,0.292,9.4
LOC030-U01,2026-01-02T23:45:00+00:00,2.098,0.334,9.6
LOC030-U01,2026-01-03T00:00:00+00:00,2.175,0.301,9.13
LOC030-U01,2026-01-03T00:15:00+00:00,1.258,0.363,8.37
LOC030-U01,2026-01-03T00:30:00+00:00,1.753,0.262,8.12
LOC030-U01,2026-01-03T00:45:00+00:00,1.32,0.256,9.32
LOC030-U01,2026-01-03T01:00:00+00:00,1.53,0.312,8.64
LOC030-U01,2026-01-03T01:15:00+00:00,3.054,0.245,7.06
LOC030-U01,2026-01-03T01:30:00+00:00,2.229,0.249,11.41
LOC030-U01,2026-01-03T01:45:00+00:00,2.836,0.32,10.27
LOC030-U01,2026-01-03T02:00:00+00:00,2.535,0.312,8.5
LOC030-U01,2026-01-03T02:15:00+00:00,2.556,0.257,9.2
LOC030-U01,2026-01-03T02:30:00+00:00,2.447,0.295,8.5
LOC030-U01,2026-01-03T02:45:00+00:00,2.896,0.298,7.37
LOC030-U01,2026-01-03T03:00:00+00:00,2.072,0.222,9.0
LOC030-U01,2026-01-03T03:15:00+00:00,1.882,0.247,10.34
LOC030-U01,2026-01-03T03:30:00+00:00,2.525,0.308,7.88
LOC030-U01,2026-01-03T03:45:00+00:00,1.48,0.302,10.5
LOC028-U01,2026-01-02T10:00:00+00:00,2.008,0.236,7.63
LOC028-U01,2026-01-02T10:15:00+00:00,2.99,0.248,9.3
LOC028-U01,2026-01-02T10:30:00+00:00,1.064,0.369,10.27
LOC028-U01,2026-01-02T10:45:00+00:00,2.546,0.304,8.27
LOC028-U01,2026-01-02T11:00:00+00:00,2.179,0.337,10.63
LOC028-U01,2026-01-02T11:15:00+00:00,2.38,0.373,7.35
LOC028-U01,2026-01-02T11:30:00+00:00,1.584,0.222,10.34
LOC028-U01,2026-01-02T11:45:00+00:00,2.644,0.254,10.55
LOC028-U01,2026-01-02T12:00:00+00:00,1.065,0.227,8.14
LOC028-U01,2026-01-02T12:15:00+00:00,1.615,0.246,10.5
LOC028-U01,2026-01-02T12:30:00+00:00,1.623,0.355,11.3
LOC028-U01,2026-01-02T12:45:00+00:00,1.24,0.329,10.39
LOC028-U01,2026-01-02T13:00:00+00:00,1.692,0.261,10.92
LOC028-U01,2026-01-02T13:15:00+00:00,2.116,0.288,6.64
LOC028-U01,2026-01-02T13:30:00+00:00,2.826,0.276,9.43
LOC028-U01,2026-01-02T13:45:00+00:00,1.271,0.243,7.57
LOC028-U01,2026-01-02T14:00:00+00:00,2.948,0.293,8.92
LOC028-U01,2026-01-02T14:15:00+00:00,1.882,0.286,9.32
LOC028-U01,2026-01-02T14:30:00+00:00,2.795,0.337,10.13
LOC028-U01,2026-01-02T14:45:00+00:00,2.638,0.33,9.64
LOC028-U01,2026-01-02T15:00:00+00:00,2.575,0.27,7.41
LOC028-U01,2026-01-02T15:15:00+00:00,1.302,0.379,8.1
LOC028-U01,2026-01-02T15:30:00+00:00,2.88,0.236,8.01
LOC028-U01,2026-01-02T15:45:00+00:00,1.75,0.299,10.35
LOC028-U01,2026-01-02T16:00:00+00:00,1.296,0.327,10.92
LOC028-U01,2026-01-02T16:15:00+00:00,1.237,0.371,9.12
LOC028-U01,2026-01-02T16:30:00+00:00,1.955,0.338,8.22
LOC028-U01,2026-01-02T16:45:00+00:00,2.031,0.306,10.58
LOC028-U01,2026-01-02T17:00:00+00:00,1.609,0.288,9.73
LOC028-U01,2026-01-02T17:15:00+00:00,1.655,0.338,9.52
LOC028-U01,2026-01-02T17:30:00+00:00,1.729,0.283,8.78
LOC028-U01,2026-01-02T17:45:00+00:00,2.298,0.245,7.39
LOC028-U01,2026-01-02T18:00:00+00:00,2.006,0.232,10.57
LOC028-U01,2026-01-02T18:15:00+00:00,2.645,0.298,10.63
LOC028-U01,2026-01-02T18:30:00+00:00,2.154,0.228,9.78
LOC028-U01,2026-01-02T18:45:00+00:00,1.609,0.275,9.74
LOC028-U01,2026-01-02T19:00:00+00:00,2.005,0.289,6.72
LOC028-U01,2026-01-02T19:15:00+00:00,1.185,0.254,6.94
LOC028-U01,2026-01-02T19:30:00+00:00,2.659,0.275,8.53
LOC028-U01,2026-01-02T19:45:00+00:00,2.066,0.266,9.3
LOC028-U01,2026-01-02T20:00:00+00:00,1.729,0.301,10.15
LOC028-U01,2026-01-02T20:15:00+00:00,2.031,0.234,7.97
LOC028-U01,2026-01-02T20:30:00+00:00,2.342,0.274,7.93
LOC028-U01,2026-01-02T20:45:00+00:00,2.532,0.292,7.39
LOC028-U01,2026-01-02T21:00:00+00:00,2.023,0.376,10.78
LOC028-U01,2026-01-02T21:15:00+00:00,1.657,0.271,7.47
LOC028-U01,2026-01-02T21:30:00+00:00,2.638,0.252,9.07
LOC028-U01,2026-01-02T21:45:00+00:00,2.272,0.241,8.2
LOC028-U01,2026-01-02T22:00:00+00:00,2.237,0.234,9.98
LOC028-U01,2026-01-02T22:15:00+00:00,1.901,0.238,7.48
LOC028-U01,2026-01-02T22:30:00+00:00,1.73,0.268,7.02
LOC028-U01,2026-01-02T22:45:00+00:00,1.362,0.357,9.55
LOC028-U01,2026-01-02T23:00:00+00:00,2.049,0.288,7.29
LOC028-U01,2026-01-02T23:15:00+00:00,1.557,0.315,9.63
LOC028-U01,2026-01-02T23:30:00+00:00,2.378,0.374,10.63
LOC028-U01,2026-01-02T23:45:00+00:00,1.613,0.283,9.75
LOC028-U01,2026-01-03T00:00:00+00:00,1.902,0.379,8.82
LOC028-U01,2026-01-03T00:15:00+00:00,1.947,0.312,8.57
LOC028-U01,2026-01-03T00:30:00+00:00,2.669,0.299,11.51
LOC028-U01,2026-01-03T00:45:00+00:00,2.114,0.262,6.97
LOC028-U01,2026-01-03T01:00:00+00:00,2.488,0.348,8.24
LOC028-U01,2026-01-03T01:15:00+00:00,1.904,0.288,11.19
LOC028-U01,2026-01-03T01:30:00+00:00,1.768,0.302,9.43
LOC028-U01,2026-01-03T01:45:00+00:00,2.015,0.252,11.02
LOC028-U01,2026-01-03T02:00:00+00:00,2.124,0.356,9.59
LOC028-U01,2026-01-03T02:15:00+00:00,1.61,0.234,7.06
LOC028-U01,2026-01-03T02:30:00+00:00,2.49,0.34,6.88
LOC028-U01,2026-01-03T02:45:00+00:00,2.273,0.246,10.68
LOC028-U01,2026-01-03T03:00:00+00:00,2.6,0.223,6.77
LOC028-U01,2026-01-03T03:15:00+00:00,2.763,0.365,10.75
LOC028-U01,2026-01-03T03:30:00+00:00,0.738,0.277,6.83
LOC028-U01,2026-01-03T03:45:00+00:00,3.495,0.35,10.07
LOC022-U01,2026-01-02T10:00:00+00:00,2.483,0.258,10.64
LOC022-U01,2026-01-02T10:15:00+00:00,2.604,0.364,11.62
LOC022-U01,2026-01-02T10:30:00+00:00,2.139,0.312,7.69
LOC022-U01,2026-01-02T10:45:00+00:00,2.629,0.366,7.78
LOC022-U01,2026-01-02T11:00:00+00:00,1.954,0.358,7.7
LOC022-U01,2026-01-02T11:15:00+00:00,2.734,0.368,10.13
LOC022-U01,2026-01-02T11:30:00+00:00,1.585,0.292,8.52
LOC022-U01,2026-01-02T11:45:00+00:00,3.025,0.348,10.3
LOC022-U01,2026-01-02T12:00:00+00:00,2.186,0.322,7.3
LOC022-U01,2026-01-02T12:15:00+00:00,2.115,0.369,7.3
LOC022-U01,2026-01-02T12:30:00+00:00,1.921,0.334,10.27
LOC022-U01,2026-01-02T12:45:00+00:00,2.174,0.324,8.46
LOC022-U01,2026-01-02T13:00:00+00:00,2.323,0.364,11.62
LOC022-U01,2026-01-02T13:15:00+00:00,2.537,0.229,11.01
LOC022-U01,2026-01-02T13:30:00+00:00,2.25,0.313,10.16
LOC022-U01,2026-01-02T13:45:00+00:00,2.752,0.232,10.82
LOC022-U01,2026-01-02T14:00:00+00:00,2.064,0.367,10.9
LOC022-U01,2026-01-02T14:15:00+00:00,1.967,0.27,7.43
LOC022-U01,2026-01-02T14:30:00+00:00,1.559,0.323,10.53
LOC022-U01,2026-01-02T14:45:00+00:00,2.678,0.372,9.02
LOC022-U01,2026-01-02T15:00:00+00:00,2.217,0.326,11.65
LOC022-U01,2026-01-02T15:15:00+00:00,2.091,0.242,8.83
LOC022-U01,2026-01-02T15:30:00+00:00,1.368,0.329,10.75
LOC022-U01,2026-01-02T15:45:00+00:00,2.429,0.248,11.54
LOC022-U01,2026-01-02T16:00:00+00:00,2.778,0.275,11.66
LOC022-U01,2026-01-02T16:15:00+00:00,1.969,0.227,10.97
LOC022-U01,2026-01-02T16:30:00+00:00,1.748,0.273,7.37
LOC022-U01,2026-01-02T16:45:00+00:00,2.282,0.343,10.34
LOC022-U01,2026-01-02T17:00:00+00:00,1.884,0.251,8.07
LOC022-U01,2026-01-02T17:15:00+00:00,2.454,0.369,7.43
LOC022-U01,2026-01-02T17:30:00+00:00,2.266,0.254,7.98
LOC022-U01,2026-01-02T17:45:00+00:00,2.366,0.34,11.3
LOC022-U01,2026-01-02T18:00:00+00:00,1.894,0.225,7.72
LOC022-U01,2026-01-02T18:15:00+00:00,1.913,0.345,9.57
LOC022-U01,2026-01-02T18:30:00+00:00,1.257,0.242,6.94
LOC022-U01,2026-01-02T18:45:00+00:00,2.184,0.329,11.67
LOC022-U01,2026-01-02T19:00:00+00:00,2.519,0.235,11.35
LOC022-U01,2026-01-02T19:15:00+00:00,3.169,0.311,7.37
LOC022-U01,2026-01-02T19:30:00+00:00,2.792,0.233,8.53
LOC022-U01,2026-01-02T19:45:00+00:00,1.297,0.31,9.37
LOC022-U01,2026-01-02T20:00:00+00:00,2.035,0.286,10.42
LOC022-U01,2026-01-02T20:15:00+00:00,1.87,0.307,6.89
LOC022-U01,2026-01-02T20:30:00+00:00,2.377,0.228,7.83
LOC022-U01,2026-01-02T20:45:00+00:00,2.738,0.33,9.92
LOC022-U01,2026-01-02T21:00:00+00:00,2.407,0.248,7.12
LOC022-U01,2026-01-02T21:15:00+00:00,2.485,0.276,6.99
LOC022-U01,2026-01-02T21:30:00+00:00,2.351,0.279,9.11
LOC022-U01,2026-01-02T21:45:00+00:00,1.506,0.312,11.13
LOC022-U01,2026-01-02T22:00:00+00:00,1.144,0.292,8.26
LOC022-U01,2026-01-02T22:15:00+00:00,2.143,0.274,8.91
LOC022-U01,2026-01-02T22:30:00+00:00,2.054,0.29,10.93
LOC022-U01,2026-01-02T22:45:00+00:00,2.593,0.315,7.09
LOC022-U01,2026-01-02T23:00:00+00:00,1.568,0.271,10.67
LOC022-U01,2026-01-02T23:15:00+00:00,2.934,0.328,11.43
LOC022-U01,2026-01-02T23:30:00+00:00,2.116,0.32,7.95
LOC022-U01,2026-01-02T23:45:00+00:00,2.184,0.334,7.26
LOC022-U01,2026-01-03T00:00:00+00:00,1.471,0.23,6.71
LOC022-U01,2026-01-03T00:15:00+00:00,1.639,0.285,6.83
LOC022-U01,2026-01-03T00:30:00+00:00,1.874,0.313,10.71
LOC022-U01,2026-01-03T00:45:00+00:00,2.235,0.305,10.38
LOC022-U01,2026-01-03T01:00:00+00:00,1.754,0.323,8.59
LOC022-U01,2026-01-03T01:15:00+00:00,2.751,0.352,11.5
LOC022-U01,2026-01-03T01:30:00+00:00,1.842,0.231,7.67
LOC022-U01,2026-01-03T01:45:00+00:00,2.292,0.341,9.15
LOC022-U01,2026-01-03T02:00:00+00:00,1.647,0.3,9.16
LOC022-U01,2026-01-03T02:15:00+00:00,2.312,0.264,7.59
LOC022-U01,2026-01-03T02:30:00+00:00,1.728,0.368,8.5
LOC022-U01,2026-01-03T02:45:00+00:00,2.277,0.257,6.88
LOC022-U01,2026-01-03T03:00:00+00:00,2.762,0.25,10.15
LOC022-U01,2026-01-03T03:15:00+00:00,1.858,0.261,8.13
LOC022-U01,2026-01-03T03:30:00+00:00,0.942,0.312,6.94
LOC022-U01,2026-01-03T03:45:00+00:00,1.668,0.258,10.48
LOC034-U01,2026-01-02T10:00:00+00:00,1.719,0.309,6.75
LOC034-U01,2026-01-02T10:15:00+00:00,2.044,0.364,10.23
LOC034-U01,2026-01-02T10:30:00+00:00,1.842,0.233,8.32
LOC034-U01,2026-01-02T10:45:00+00:00,2.45,0.245,8.13
LOC034-U01,2026-01-02T11:00:00+00:00,2.598,0.291,9.98
LOC034-U01,2026-01-02T11:15:00+00:00,2.231,0.237,9.88
LOC034-U01,2026-01-02T11:30:00+00:00,1.243,0.304,11.21
LOC034-U01,2026-01-02T11:45:00+00:00,2.301,0.239,9.52
LOC034-U01,2026-01-02T12:00:00+00:00,1.474,0.251,6.72
LOC034-U01,2026-01-02T12:15:00+00:00,1.757,0.318,6.98
LOC034-U01,2026-01-02T12:30:00+00:00,1.793,0.274,10.65
LOC034-U01,2026-01-02T12:45:00+00:00,1.93,0.322,8.63
LOC034-U01,2026-01-02T13:00:00+00:00,2.339,0.277,8.25
LOC034-U01,2026-01-02T13:15:00+00:00,2.116,0.352,10.49
LOC034-U01,2026-01-02T13:30:00+00:00,1.629,0.224,8.82
LOC034-U01,2026-01-02T13:45:00+00:00,2.133,0.364,9.2
LOC034-U01,2026-01-02T14:00:00+00:00,2.377,0.297,8.43
LOC034-U01,2026-01-02T14:15:00+00:00,2.038,0.34,6.74
LOC034-U01,2026-01-02T14:30:00+00:00,3.123,0.346,7.14
LOC034-U01,2026-01-02T14:45:00+00:00,1.807,0.27,7.79
LOC034-U01,2026-01-02T15:00:00+00:00,1.985,0.295,10.99
LOC034-U01,2026-01-02T15:15:00+00:00,1.58,0.374,7.81
LOC034-U01,2026-01-02T15:30:00+00:00,1.742,0.346,10.7
LOC034-U01,2026-01-02T15:45:00+00:00,2.991,0.251,8.78
LOC034-U01,2026-01-02T16:00:00+00:00,1.757,0.255,9.99
LOC034-U01,2026-01-02T16:15:00+00:00,2.035,0.322,7.98
LOC034-U01,2026-01-02T16:30:00+00:00,2.415,0.266,8.8
LOC034-U01,2026-01-02T16:45:00+00:00,1.308,0.28,7.46
LOC034-U01,2026-01-02T17:00:00+00:00,2.059,0.27,7.62
LOC034-U01,2026-01-02T17:15:00+00:00,2.653,0.264,10.06
LOC034-U01,2026-01-02T17:30:00+00:00,2.086,0.239,11.07
LOC034-U01,2026-01-02T17:45:00+00:00,1.367,0.335,8.91
LOC034-U01,2026-01-02T18:00:00+00:00,2.841,0.318,9.09
LOC034-U01,2026-01-02T18:15:00+00:00,1.687,0.325,10.99
LOC034-U01,2026-01-02T18:30:00+00:00,1.228,0.267,7.3
LOC034-U01,2026-01-02T18:45:00+00:00,1.371,0.262,10.03
LOC034-U01,2026-01-02T19:00:00+00:00,1.314,0.235,10.07
LOC034-U01,2026-01-02T19:15:00+00:00,2.238,0.377,9.98
LOC034-U01,2026-01-02T19:30:00+00:00,1.397,0.265,8.4
LOC034-U01,2026-01-02T19:45:00+00:00,1.816,0.252,9.81
LOC034-U01,2026-01-02T20:00:00+00:00,3.277,0.278,11.69
LOC034-U01,2026-01-02T20:15:00+00:00,2.467,0.339,9.7
LOC034-U01,2026-01-02T20:30:00+00:00,2.02,0.359,10.96
LOC034-U01,2026-01-02T20:45:00+00:00,2.03,0.356,7.16
LOC034-U01,2026-01-02T21:00:00+00:00,2.236,0.277,7.71
LOC034-U01,2026-01-02T21:15:00+00:00,2.25,0.258,7.87
LOC034-U01,2026-01-02T21:30:00+00:00,2.743,0.375,11.14
LOC034-U01,2026-01-02T21:45:00+00:00,1.808,0.244,8.86
LOC034-U01,2026-01-02T22:00:00+00:00,2.189,0.322,9.24
LOC034-U01,2026-01-02T22:15:00+00:00,2.133,0.313,10.03
LOC034-U01,2026-01-02T22:30:00+00:00,1.43,0.259,9.87
LOC034-U01,2026-01-02T22:45:00+00:00,2.691,0.232,10.73
LOC034-U01,2026-01-02T23:00:00+00:00,2.101,0.346,9.44
LOC034-U01,2026-01-02T23:15:00+00:00,1.442,0.263,8.09
LOC034-U01,2026-01-02T23:30:00+00:00,1.605,0.267,7.34
LOC034-U01,2026-01-02T23:45:00+00:00,2.204,0.363,11.06
LOC034-U01,2026-01-03T00:00:00+00:00,1.942,0.275,7.81
LOC034-U01,2026-01-03T00:15:00+00:00,2.608,0.368,8.54
LOC034-U01,2026-01-03T00:30:00+00:00,1.906,0.342,9.63
LOC034-U01,2026-01-03T00:45:00+00:00,2.4,0.242,8.45
LOC034-U01,2026-01-03T01:00:00+00:00,2.527,0.279,6.82
LOC034-U01,2026-01-03T01:15:00+00:00,1.525,0.289,8.26
LOC034-U01,2026-01-03T01:30:00+00:00,2.199,0.339,11.0
LOC034-U01,2026-01-03T01:45:00+00:00,2.45,0.303,11.24
LOC034-U01,2026-01-03T02:00:00+00:00,2.469,0.37,10.49
LOC034-U01,2026-01-03T02:15:00+00:00,1.458,0.358,8.14
LOC034-U01,2026-01-03T02:30:00+00:00,2.452,0.249,7.56
LOC034-U01,2026-01-03T02:45:00+00:00,2.234,0.223,7.17
LOC034-U01,2026-01-03T03:00:00+00:00,2.205,0.326,10.7
LOC034-U01,2026-01-03T03:15:00+00:00,2.435,0.265,6.66
LOC034-U01,2026-01-03T03:30:00+00:00,3.109,0.349,7.98
LOC034-U01,2026-01-03T03:45:00+00:00,2.133,0.354,8.75
LOC003-U01,2026-01-02T10:00:00+00:00,2.872,0.232,10.88
LOC003-U01,2026-01-02T10:15:00+00:00,1.696,0.245,8.07
LOC003-U01,2026-01-02T10:30:00+00:00,2.865,0.252,10.42
LOC003-U01,2026-01-02T10:45:00+00:00,1.603,0.292,6.84
LOC003-U01,2026-01-02T11:00:00+00:00,1.374,0.241,9.17
LOC003-U01,2026-01-02T11:15:00+00:00,1.827,0.326,11.55
LOC003-U01,2026-01-02T11:30:00+00:00,2.432,0.307,9.67
LOC003-U01,2026-01-02T11:45:00+00:00,1.85,0.243,9.83
LOC003-U01,2026-01-02T12:00:00+00:00,1.541,0.224,10.25
LOC003-U01,2026-01-02T12:15:00+00:00,3.474,0.357,10.34
LOC003-U01,2026-01-02T12:30:00+00:00,1.885,0.254,9.83
LOC003-U01,2026-01-02T12:45:00+00:00,1.69,0.24,8.99
LOC003-U01,2026-01-02T13:00:00+00:00,2.412,0.327,10.86
LOC003-U01,2026-01-02T13:15:00+00:00,1.326,0.232,10.24
LOC003-U01,2026-01-02T13:30:00+00:00,1.205,0.328,9.38
LOC003-U01,2026-01-02T13:45:00+00:00,2.32,0.344,11.57
LOC003-U01,2026-01-02T14:00:00+00:00,2.02,0.325,6.94
LOC003-U01,2026-01-02T14:15:00+00:00,2.303,0.286,8.31
LOC003-U01,2026-01-02T14:30:00+00:00,1.21,0.25,6.68
LOC003-U01,2026-01-02T14:45:00+00:00,2.686,0.283,11.12
LOC003-U01,2026-01-02T15:00:00+00:00,2.46,0.273,9.76
LOC003-U01,2026-01-02T15:15:00+00:00,1.045,0.291,9.07
LOC003-U01,2026-01-02T15:30:00+00:00,2.629,0.325,8.48
LOC003-U01,2026-01-02T15:45:00+00:00,1.451,0.301,9.02
LOC003-U01,2026-01-02T16:00:00+00:00,1.607,0.302,8.79
LOC003-U01,2026-01-02T16:15:00+00:00,2.977,0.331,10.37
LOC003-U01,2026-01-02T16:30:00+00:00,2.296,0.374,9.98
LOC003-U01,2026-01-02T16:45:00+00:00,1.039,0.271,9.98
LOC003-U01,2026-01-02T17:00:00+00:00,1.662,0.259,10.84
LOC003-U01,2026-01-02T17:15:00+00:00,2.463,0.281,9.66
LOC003-U01,2026-01-02T17:30:00+00:00,1.964,0.338,11.28
LOC003-U01,2026-01-02T17:45:00+00:00,2.017,0.336,8.79
LOC003-U01,2026-01-02T18:00:00+00:00,1.88,0.38,7.58
LOC003-U01,2026-01-02T18:15:00+00:00,2.405,0.247,11.16
LOC003-U01,2026-01-02T18:30:00+00:00,0.977,0.26,9.38
LOC003-U01,2026-01-02T18:45:00+00:00,1.621,0.237,6.9
LOC003-U01,2026-01-02T19:00:00+00:00,0.821,0.343,6.58
LOC003-U01,2026-01-02T19:15:00+00:00,2.609,0.241,10.05
LOC003-U01,2026-01-02T19:30:00+00:00,1.893,0.354,7.93
LOC003-U01,2026-01-02T19:45:00+00:00,1.62,0.351,11.14
LOC003-U01,2026-01-02T20:00:00+00:00,2.509,0.252,9.27
LOC003-U01,2026-01-02T20:15:00+00:00,2.004,0.333,8.01
LOC003-U01,2026-01-02T20:30:00+00:00,1.711,0.332,10.53
LOC003-U01,2026-01-02T20:45:00+00:00,2.402,0.28,7.59
LOC003-U01,2026-01-02T21:00:00+00:00,2.206,0.245,7.44
LOC003-U01,2026-01-02T21:15:00+00:00,1.963,0.372,10.97
LOC003-U01,2026-01-02T21:30:00+00:00,2.194,0.366,8.13
LOC003-U01,2026-01-02T21:45:00+00:00,1.74,0.296,7.73
LOC003-U01,2026-01-02T22:00:00+00:00,2.048,0.344,8.39
LOC003-U01,2026-01-02T22:15:00+00:00,1.983,0.339,10.95
LOC003-U01,2026-01-02T22:30:00+00:00,2.484,0.288,7.66
LOC003-U01,2026-01-02T22:45:00+00:00,2.819,0.31,9.12
LOC003-U01,2026-01-02T23:00:00+00:00,2.88,0.257,7.69
LOC003-U01,2026-01-02T23:15:00+00:00,1.604,0.334,9.75
LOC003-U01,2026-01-02T23:30:00+00:00,2.586,0.26,7.36
LOC003-U01,2026-01-02T23:45:00+00:00,0.258,0.321,7.78
LOC003-U01,2026-01-03T00:00:00+00:00,3.058,0.317,10.58
LOC003-U01,2026-01-03T00:15:00+00:00,2.016,0.354,10.14
LOC003-U01,2026-01-03T00:30:00+00:00,2.033,0.325,10.47
LOC003-U01,2026-01-03T00:45:00+00:00,2.301,0.38,8.94
LOC003-U01,2026-01-03T01:00:00+00:00,2.331,0.26,7.59
LOC003-U01,2026-01-03T01:15:00+00:00,1.948,0.316,9.99
LOC003-U01,2026-01-03T01:30:00+00:00,2.356,0.256,11.52
LOC003-U01,2026-01-03T01:45:00+00:00,0.984,0.339,8.49
LOC003-U01,2026-01-03T02:00:00+00:00,1.893,0.293,11.17
LOC003-U01,2026-01-03T02:15:00+00:00,0.924,0.291,7.83
LOC003-U01,2026-01-03T02:30:00+00:00,2.073,0.37,10.72
LOC003-U01,2026-01-03T02:45:00+00:00,2.039,0.297,11.57
LOC003-U01,2026-01-03T03:00:00+00:00,2.332,0.373,9.72
LOC003-U01,2026-01-03T03:15:00+00:00,2.529,0.309,9.51
LOC003-U01,2026-01-03T03:30:00+00:00,2.245,0.275,7.5
LOC003-U01,2026-01-03T03:45:00+00:00,2.019,0.376,8.95
LOC004-U02,2026-01-02T10:00:00+00:00,2.491,0.236,8.71
LOC004-U02,2026-01-02T10:15:00+00:00,2.065,0.29,9.81
LOC004-U02,2026-01-02T10:30:00+00:00,2.414,0.242,10.41
LOC004-U02,2026-01-02T10:45:00+00:00,0.949,0.274,9.89
LOC004-U02,2026-01-02T11:00:00+00:00,1.902,0.249,9.35
LOC004-U02,2026-01-02T11:15:00+00:00,2.517,0.273,7.6
LOC004-U02,2026-01-02T11:30:00+00:00,1.988,0.343,10.28
LOC004-U02,2026-01-02T11:45:00+00:00,2.339,0.274,8.43
LOC004-U02,2026-01-02T12:00:00+00:00,2.024,0.353,10.22
LOC004-U02,2026-01-02T12:15:00+00:00,1.804,0.359,10.71
LOC004-U02,2026-01-02T12:30:00+00:00,2.494,0.301,10.95
LOC004-U02,2026-01-02T12:45:00+00:00,2.252,0.255,10.91
LOC004-U02,2026-01-02T13:00:00+00:00,2.499,0.359,9.15
LOC004-U02,2026-01-02T13:15:00+00:00,2.267,0.374,10.37
LOC004-U02,2026-01-02T13:30:00+00:00,2.385,0.234,10.27
LOC004-U02,2026-01-02T13:45:00+00:00,1.691,0.23,7.81
LOC004-U02,2026-01-02T14:00:00+00:00,2.089,0.263,9.84
LOC004-U02,2026-01-02T14:15:00+00:00,1.583,0.336,7.16
LOC004-U02,2026-01-02T14:30:00+00:00,2.313,0.35,8.61
LOC004-U02,2026-01-02T14:45:00+00:00,2.933,0.26,10.87
LOC004-U02,2026-01-02T15:00:00+00:00,1.709,0.254,8.87
LOC004-U02,2026-01-02T15:15:00+00:00,1.973,0.257,9.59
LOC004-U02,2026-01-02T15:30:00+00:00,1.545,0.33,7.27
LOC004-U02,2026-01-02T15:45:00+00:00,0.97,0.35,9.7
LOC004-U02,2026-01-02T16:00:00+00:00,1.868,0.361,10.38
LOC004-U02,2026-01-02T16:15:00+00:00,2.164,0.317,9.02
LOC004-U02,2026-01-02T16:30:00+00:00,1.687,0.243,8.57
LOC004-U02,2026-01-02T16:45:00+00:00,1.269,0.273,8.97
LOC004-U02,2026-01-02T17:00:00+00:00,1.787,0.313,9.24
LOC004-U02,2026-01-02T17:15:00+00:00,1.471,0.303,8.23
LOC004-U02,2026-01-02T17:30:00+00:00,2.271,0.315,11.01
LOC004-U02,2026-01-02T17:45:00+00:00,2.624,0.312,10.28
LOC004-U02,2026-01-02T18:00:00+00:00,2.157,0.225,7.63
LOC004-U02,2026-01-02T18:15:00+00:00,1.781,0.352,10.06
LOC004-U02,2026-01-02T18:30:00+00:00,2.311,0.277,11.0
LOC004-U02,2026-01-02T18:45:00+00:00,1.267,0.238,11.04
LOC004-U02,2026-01-02T19:00:00+00:00,2.088,0.278,11.51
LOC004-U02,2026-01-02T19:15:00+00:00,1.43,0.338,7.67
LOC004-U02,2026-01-02T19:30:00+00:00,1.488,0.321,9.34
LOC004-U02,2026-01-02T19:45:00+00:00,2.336,0.332,11.43
LOC004-U02,2026-01-02T20:00:00+00:00,2.033,0.325,8.59
LOC004-U02,2026-01-02T20:15:00+00:00,1.929,0.339,10.14
LOC004-U02,2026-01-02T20:30:00+00:00,1.455,0.307,8.71
LOC004-U02,2026-01-02T20:45:00+00:00,1.783,0.33,10.44
LOC004-U02,2026-01-02T21:00:00+00:00,2.273,0.358,7.44
LOC004-U02,2026-01-02T21:15:00+00:00,1.843,0.234,8.98
LOC004-U02,2026-01-02T21:30:00+00:00,2.109,0.283,8.37
LOC004-U02,2026-01-02T21:45:00+00:00,0.815,0.241,9.03
LOC004-U02,2026-01-02T22:00:00+00:00,2.772,0.376,8.68
LOC004-U02,2026-01-02T22:15:00+00:00,3.158,0.368,10.87
LOC004-U02,2026-01-02T22:30:00+00:00,2.069,0.365,7.55
LOC004-U02,2026-01-02T22:45:00+00:00,2.267,0.287,7.54
LOC004-U02,2026-01-02T23:00:00+00:00,2.65,0.227,8.32
LOC004-U02,2026-01-02T23:15:00+00:00,1.313,0.225,10.78
LOC004-U02,2026-01-02T23:30:00+00:00,2.454,0.296,10.44
LOC004-U02,2026-01-02T23:45:00+00:00,2.065,0.235,10.13
LOC004-U02,2026-01-03T00:00:00+00:00,1.348,0.335,6.52
LOC004-U02,2026-01-03T00:15:00+00:00,1.991,0.351,8.67
LOC004-U02,2026-01-03T00:30:00+00:00,2.416,0.32,7.65
LOC004-U02,2026-01-03T00:45:00+00:00,2.065,0.344,8.26
LOC004-U02,2026-01-03T01:00:00+00:00,2.005,0.271,8.09
LOC004-U02,2026-01-03T01:15:00+00:00,2.772,0.315,10.26
LOC004-U02,2026-01-03T01:30:00+00:00,2.54,0.32,10.71
LOC004-U02,2026-01-03T01:45:00+00:00,1.963,0.359,9.47
LOC004-U02,2026-01-03T02:00:00+00:00,2.192,0.237,8.55
LOC004-U02,2026-01-03T02:15:00+00:00,1.756,0.224,11.0
LOC004-U02,2026-01-03T02:30:00+00:00,2.524,0.326,9.89
LOC004-U02,2026-01-03T02:45:00+00:00,2.657,0.23,9.26
LOC004-U02,2026-01-03T03:00:00+00:00,2.167,0.367,7.8
LOC004-U02,2026-01-03T03:15:00+00:00,1.343,0.305,10.16
LOC004-U02,2026-01-03T03:30:00+00:00,2.383,0.334,11.7
LOC004-U02,2026-01-03T03:45:00+00:00,1.356,0.284,8.92
LOC019-U02,2026-01-02T10:00:00+00:00,2.624,0.341,7.48
LOC019-U02,2026-01-02T10:15:00+00:00,1.927,0.28,10.75
LOC019-U02,2026-01-02T10:30:00+00:00,1.822,0.289,8.01
LOC019-U02,2026-01-02T10:45:00+00:00,1.767,0.376,10.33
LOC019-U02,2026-01-02T11:00:00+00:00,1.402,0.255,10.3
LOC019-U02,2026-01-02T11:15:00+00:00,2.533,0.374,7.75
LOC019-U02,2026-01-02T11:30:00+00:00,1.315,0.303,8.95
LOC019-U02,2026-01-02T11:45:00+00:00,1.793,0.271,7.61
LOC019-U02,2026-01-02T12:00:00+00:00,1.336,0.376,11.43
LOC019-U02,2026-01-02T12:15:00+00:00,1.927,0.312,9.55
LOC019-U02,2026-01-02T12:30:00+00:00,1.362,0.294,7.74
LOC019-U02,2026-01-02T12:45:00+00:00,2.157,0.225,7.57
LOC019-U02,2026-01-02T13:00:00+00:00,2.707,0.243,7.14
LOC019-U02,2026-01-02T13:15:00+00:00,1.504,0.235,10.52
LOC019-U02,2026-01-02T13:30:00+00:00,1.406,0.37,11.37
LOC019-U02,2026-01-02T13:45:00+00:00,2.562,0.29,7.24
LOC019-U02,2026-01-02T14:00:00+00:00,2.057,0.276,8.74
LOC019-U02,2026-01-02T14:15:00+00:00,2.222,0.318,9.68
LOC019-U02,2026-01-02T14:30:00+00:00,1.749,0.28,8.04
LOC019-U02,2026-01-02T14:45:00+00:00,1.898,0.349,10.14
LOC019-U02,2026-01-02T15:00:00+00:00,1.483,0.278,6.56
LOC019-U02,2026-01-02T15:15:00+00:00,2.204,0.341,11.37
LOC019-U02,2026-01-02T15:30:00+00:00,2.311,0.371,10.19
LOC019-U02,2026-01-02T15:45:00+00:00,2.088,0.301,7.92
LOC019-U02,2026-01-02T16:00:00+00:00,2.596,0.25,11.08
LOC019-U02,2026-01-02T16:15:00+00:00,1.993,0.222,9.98
LOC019-U02,2026-01-02T16:30:00+00:00,2.494,0.361,10.44
LOC019-U02,2026-01-02T16:45:00+00:00,2.562,0.238,7.09
LOC019-U02,2026-01-02T17:00:00+00:00,1.624,0.296,10.08
LOC019-U02,2026-01-02T17:15:00+00:00,1.968,0.324,8.92
LOC019-U02,2026-01-02T17:30:00+00:00,2.54,0.242,10.01
LOC019-U02,2026-01-02T17:45:00+00:00,2.252,0.352,6.89
LOC019-U02,2026-01-02T18:00:00+00:00,2.426,0.342,7.79
LOC019-U02,2026-01-02T18:15:00+00:00,2.426,0.26,9.49
LOC019-U02,2026-01-02T18:30:00+00:00,1.753,0.297,8.74
LOC019-U02,2026-01-02T18:45:00+00:00,1.486,0.231,8.28
LOC019-U02,2026-01-02T19:00:00+00:00,2.806,0.353,9.06
LOC019-U02,2026-01-02T19:15:00+00:00,2.085,0.378,7.88
LOC019-U02,2026-01-02T19:30:00+00:00,2.507,0.231,9.29
LOC019-U02,2026-01-02T19:45:00+00:00,2.396,0.259,7.88
LOC019-U02,2026-01-02T20:00:00+00:00,1.782,0.377,8.73
LOC019-U02,2026-01-02T20:15:00+00:00,2.491,0.313,10.68
LOC019-U02,2026-01-02T20:30:00+00:00,2.51,0.25,7.82
LOC019-U02,2026-01-02T20:45:00+00:00,2.961,0.271,9.75
LOC019-U02,2026-01-02T21:00:00+00:00,2.46,0.286,10.72
LOC019-U02,2026-01-02T21:15:00+00:00,2.323,0.289,10.04
LOC019-U02,2026-01-02T21:30:00+00:00,2.038,0.337,7.65
LOC019-U02,2026-01-02T21:45:00+00:00,2.307,0.284,8.86
LOC019-U02,2026-01-02T22:00:00+00:00,2.298,0.301,9.76
LOC019-U02,2026-01-02T22:15:00+00:00,2.226,0.293,8.32
LOC019-U02,2026-01-02T22:30:00+00:00,1.554,0.349,7.74
LOC019-U02,2026-01-02T22:45:00+00:00,2.091,0.376,10.32
LOC019-U02,2026-01-02T23:00:00+00:00,2.289,0.377,8.95
LOC019-U02,2026-01-02T23:15:00+00:00,3.117,0.297,9.91
LOC019-U02,2026-01-02T23:30:00+00:00,2.354,0.257,9.21
LOC019-U02,2026-01-02T23:45:00+00:00,1.648,0.314,8.6
LOC019-U02,2026-01-03T00:00:00+00:00,1.534,0.316,9.28
LOC019-U02,2026-01-03T00:15:00+00:00,2.345,0.335,7.57
LOC019-U02,2026-01-03T00:30:00+00:00,1.123,0.307,7.92
LOC019-U02,2026-01-03T00:45:00+00:00,2.18,0.227,8.08
LOC019-U02,2026-01-03T01:00:00+00:00,1.993,0.333,10.1
LOC019-U02,2026-01-03T01:15:00+00:00,1.911,0.364,8.81
LOC019-U02,2026-01-03T01:30:00+00:00,1.967,0.228,8.89
LOC019-U02,2026-01-03T01:45:00+00:00,2.548,0.298,7.09
LOC019-U02,2026-01-03T02:00:00+00:00,2.342,0.344,8.39
LOC019-U02,2026-01-03T02:15:00+00:00,1.141,0.32,7.96
LOC019-U02,2026-01-03T02:30:00+00:00,1.475,0.262,6.62
LOC019-U02,2026-01-03T02:45:00+00:00,1.98,0.313,7.03
LOC019-U02,2026-01-03T03:00:00+00:00,1.789,0.293,10.87
LOC019-U02,2026-01-03T03:15:00+00:00,2.888,0.24,9.36
LOC019-U02,2026-01-03T03:30:00+00:00,1.675,0.221,8.83
LOC019-U02,2026-01-03T03:45:00+00:00,2.856,0.268,11.68
LOC024-U01,2026-01-02T10:00:00+00:00,2.19,0.329,7.64
LOC024-U01,2026-01-02T10:15:00+00:00,2.198,0.324,10.81
LOC024-U01,2026-01-02T10:30:00+00:00,3.001,0.292,10.96
LOC024-U01,2026-01-02T10:45:00+00:00,1.707,0.256,8.94
LOC024-U01,2026-01-02T11:00:00+00:00,2.192,0.304,8.67
LOC024-U01,2026-01-02T11:15:00+00:00,2.367,0.338,8.79
LOC024-U01,2026-01-02T11:30:00+00:00,1.806,0.232,7.53
LOC024-U01,2026-01-02T11:45:00+00:00,2.307,0.341,11.23
LOC024-U01,2026-01-02T12:00:00+00:00,1.833,0.363,8.92
LOC024-U01,2026-01-02T12:15:00+00:00,3.195,0.262,11.7
LOC024-U01,2026-01-02T12:30:00+00:00,1.742,0.226,9.72
LOC024-U01,2026-01-02T12:45:00+00:00,2.875,0.279,10.44
LOC024-U01,2026-01-02T13:00:00+00:00,2.108,0.361,6.78
LOC024-U01,2026-01-02T13:15:00+00:00,1.289,0.298,7.69
LOC024-U01,2026-01-02T13:30:00+00:00,1.779,0.225,8.86
LOC024-U01,2026-01-02T13:45:00+00:00,3.048,0.359,11.47
LOC024-U01,2026-01-02T14:00:00+00:00,2.474,0.263,8.53
LOC024-U01,2026-01-02T14:15:00+00:00,3.05,0.3,9.46
LOC024-U01,2026-01-02T14:30:00+00:00,2.861,0.349,11.85
LOC024-U01,2026-01-02T14:45:00+00:00,2.014,0.322,10.02
LOC024-U01,2026-01-02T15:00:00+00:00,1.914,0.284,8.86
LOC024-U01,2026-01-02T15:15:00+00:00,2.179,0.288,10.68
LOC024-U01,2026-01-02T15:30:00+00:00,2.061,0.248,9.55
LOC024-U01,2026-01-02T15:45:00+00:00,1.192,0.269,8.4
LOC024-U01,2026-01-02T16:00:00+00:00,2.006,0.277,11.17
LOC024-U01,2026-01-02T16:15:00+00:00,1.979,0.309,7.98
LOC024-U01,2026-01-02T16:30:00+00:00,1.467,0.272,8.55
LOC024-U01,2026-01-02T16:45:00+00:00,1.434,0.275,7.49
LOC024-U01,2026-01-02T17:00:00+00:00,1.85,0.242,9.56
LOC024-U01,2026-01-02T17:15:00+00:00,2.321,0.243,9.9
LOC024-U01,2026-01-02T17:30:00+00:00,2.526,0.222,6.96
LOC024-U01,2026-01-02T17:45:00+00:00,2.223,0.351,7.83
LOC024-U01,2026-01-02T18:00:00+00:00,1.922,0.285,6.84
LOC024-U01,2026-01-02T18:15:00+00:00,2.22,0.26,9.76
LOC024-U01,2026-01-02T18:30:00+00:00,3.137,0.357,9.29
LOC024-U01,2026-01-02T18:45:00+00:00,1.796,0.285,10.3
LOC024-U01,2026-01-02T19:00:00+00:00,2.544,0.291,10.58
LOC024-U01,2026-01-02T19:15:00+00:00,2.006,0.375,9.99
LOC024-U01,2026-01-02T19:30:00+00:00,2.406,0.363,9.41
LOC024-U01,2026-01-02T19:45:00+00:00,1.586,0.238,8.81
LOC024-U01,2026-01-02T20:00:00+00:00,1.751,0.28,7.48
LOC024-U01,2026-01-02T20:15:00+00:00,1.57,0.303,8.8
LOC024-U01,2026-01-02T20:30:00+00:00,1.447,0.314,8.52
LOC024-U01,2026-01-02T20:45:00+00:00,1.652,0.355,8.25
LOC024-U01,2026-01-02T21:00:00+00:00,2.245,0.317,6.83
LOC024-U01,2026-01-02T21:15:00+00:00,2.505,0.231,6.98
LOC024-U01,2026-01-02T21:30:00+00:00,2.527,0.333,10.19
LOC024-U01,2026-01-02T21:45:00+00:00,2.343,0.335,9.44
LOC024-U01,2026-01-02T22:00:00+00:00,1.797,0.268,9.22
LOC024-U01,2026-01-02T22:15:00+00:00,2.401,0.221,8.26
LOC024-U01,2026-01-02T22:30:00+00:00,1.766,0.319,8.65
LOC024-U01,2026-01-02T22:45:00+00:00,2.248,0.375,11.65
LOC024-U01,2026-01-02T23:00:00+00:00,1.133,0.241,7.06
LOC024-U01,2026-01-02T23:15:00+00:00,2.385,0.254,7.86
LOC024-U01,2026-01-02T23:30:00+00:00,2.89,0.262,7.01
LOC024-U01,2026-01-02T23:45:00+00:00,2.414,0.254,6.95
LOC024-U01,2026-01-03T00:00:00+00:00,2.197,0.291,9.24
LOC024-U01,2026-01-03T00:15:00+00:00,2.148,0.325,8.64
LOC024-U01,2026-01-03T00:30:00+00:00,1.77,0.376,10.97
LOC024-U01,2026-01-03T00:45:00+00:00,2.365,0.362,8.03
LOC024-U01,2026-01-03T01:00:00+00:00,1.85,0.302,10.62
LOC024-U01,2026-01-03T01:15:00+00:00,2.001,0.25,8.78
LOC024-U01,2026-01-03T01:30:00+00:00,1.498,0.245,10.1
LOC024-U01,2026-01-03T01:45:00+00:00,2.277,0.238,9.33
LOC024-U01,2026-01-03T02:00:00+00:00,2.474,0.273,10.5
LOC024-U01,2026-01-03T02:15:00+00:00,2.491,0.285,9.45
LOC024-U01,2026-01-03T02:30:00+00:00,2.559,0.281,8.97
LOC024-U01,2026-01-03T02:45:00+00:00,2.143,0.37,8.1
LOC024-U01,2026-01-03T03:00:00+00:00,2.578,0.328,8.44
LOC024-U01,2026-01-03T03:15:00+00:00,2.48,0.282,7.07
LOC024-U01,2026-01-03T03:30:00+00:00,2.09,0.371,11.1
LOC024-U01,2026-01-03T03:45:00+00:00,2.136,0.33,7.69
LOC033-U01,2026-01-02T10:00:00+00:00,1.674,0.363,9.9
LOC033-U01,2026-01-02T10:15:00+00:00,2.76,0.358,8.24
LOC033-U01,2026-01-02T10:30:00+00:00,2.008,0.371,11.19
LOC033-U01,2026-01-02T10:45:00+00:00,1.539,0.344,9.35
LOC033-U01,2026-01-02T11:00:00+00:00,1.997,0.24,9.51
LOC033-U01,2026-01-02T11:15:00+00:00,2.473,0.272,11.39
LOC033-U01,2026-01-02T11:30:00+00:00,1.626,0.31,7.86
LOC033-U01,2026-01-02T11:45:00+00:00,2.216,0.294,8.13
LOC033-U01,2026-01-02T12:00:00+00:00,2.173,0.368,11.07
LOC033-U01,2026-01-02T12:15:00+00:00,2.357,0.353,11.7
LOC033-U01,2026-01-02T12:30:00+00:00,2.025,0.311,10.77
LOC033-U01,2026-01-02T12:45:00+00:00,2.075,0.35,10.48
LOC033-U01,2026-01-02T13:00:00+00:00,2.103,0.377,7.0
LOC033-U01,2026-01-02T13:15:00+00:00,2.57,0.231,7.76
LOC033-U01,2026-01-02T13:30:00+00:00,1.677,0.342,10.37
LOC033-U01,2026-01-02T13:45:00+00:00,2.577,0.305,10.08
LOC033-U01,2026-01-02T14:00:00+00:00,2.09,0.283,9.7
LOC033-U01,2026-01-02T14:15:00+00:00,2.094,0.277,7.26
LOC033-U01,2026-01-02T14:30:00+00:00,1.967,0.233,7.01
LOC033-U01,2026-01-02T14:45:00+00:00,2.117,0.369,9.26
LOC033-U01,2026-01-02T15:00:00+00:00,1.309,0.245,7.8
LOC033-U01,2026-01-02T15:15:00+00:00,2.794,0.305,9.74
LOC033-U01,2026-01-02T15:30:00+00:00,1.701,0.313,11.5
LOC033-U01,2026-01-02T15:45:00+00:00,1.643,0.357,10.01
LOC033-U01,2026-01-02T16:00:00+00:00,2.478,0.268,7.75
LOC033-U01,2026-01-02T16:15:00+00:00,2.474,0.343,8.96
LOC033-U01,2026-01-02T16:30:00+00:00,2.05,0.328,9.18
LOC033-U01,2026-01-02T16:45:00+00:00,1.785,0.277,9.27
LOC033-U01,2026-01-02T17:00:00+00:00,2.665,0.376,7.88
LOC033-U01,2026-01-02T17:15:00+00:00,1.808,0.263,11.14
LOC033-U01,2026-01-02T17:30:00+00:00,2.46,0.264,7.77
LOC033-U01,2026-01-02T17:45:00+00:00,2.019,0.259,10.39
LOC033-U01,2026-01-02T18:00:00+00:00,2.389,0.291,11.3
LOC033-U01,2026-01-02T18:15:00+00:00,2.412,0.334,10.68
LOC033-U01,2026-01-02T18:30:00+00:00,1.927,0.32,11.6
LOC033-U01,2026-01-02T18:45:00+00:00,1.923,0.282,8.76
LOC033-U01,2026-01-02T19:00:00+00:00,2.804,0.295,7.21
LOC033-U01,2026-01-02T19:15:00+00:00,1.417,0.273,10.57
LOC033-U01,2026-01-02T19:30:00+00:00,2.614,0.291,9.79
LOC033-U01,2026-01-02T19:45:00+00:00,2.264,0.25,7.85
LOC033-U01,2026-01-02T20:00:00+00:00,2.685,0.303,9.84
LOC033-U01,2026-01-02T20:15:00+00:00,1.82,0.338,10.65
LOC033-U01,2026-01-02T20:30:00+00:00,2.108,0.284,10.31
LOC033-U01,2026-01-02T20:45:00+00:00,1.903,0.298,7.85
LOC033-U01,2026-01-02T21:00:00+00:00,2.787,0.265,10.7
LOC033-U01,2026-01-02T21:15:00+00:00,2.988,0.278,7.1
LOC033-U01,2026-01-02T21:30:00+00:00,1.74,0.342,7.95
LOC033-U01,2026-01-02T21:45:00+00:00,2.103,0.342,10.42
LOC033-U01,2026-01-02T22:00:00+00:00,2.537,0.273,10.35
LOC033-U01,2026-01-02T22:15:00+00:00,2.604,0.248,10.06
LOC033-U01,2026-01-02T22:30:00+00:00,2.034,0.249,11.42
LOC033-U01,2026-01-02T22:45:00+00:00,1.901,0.297,7.88
LOC033-U01,2026-01-02T23:00:00+00:00,2.321,0.244,8.85
LOC033-U01,2026-01-02T23:15:00+00:00,2.191,0.259,9.62
LOC033-U01,2026-01-02T23:30:00+00:00,2.584,0.294,11.1
LOC033-U01,2026-01-02T23:45:00+00:00,1.885,0.281,11.51
LOC033-U01,2026-01-03T00:00:00+00:00,2.342,0.294,11.69
LOC033-U01,2026-01-03T00:15:00+00:00,1.606,0.344,11.06
LOC033-U01,2026-01-03T00:30:00+00:00,2.344,0.35,11.3
LOC033-U01,2026-01-03T00:45:00+00:00,2.826,0.239,7.66
LOC033-U01,2026-01-03T01:00:00+00:00,1.12,0.355,7.11
LOC033-U01,2026-01-03T01:15:00+00:00,3.205,0.234,9.34
LOC033-U01,2026-01-03T01:30:00+00:00,1.484,0.348,7.34
LOC033-U01,2026-01-03T01:45:00+00:00,2.286,0.293,6.73
LOC033-U01,2026-01-03T02:00:00+00:00,1.442,0.358,6.78
LOC033-U01,2026-01-03T02:15:00+00:00,2.429,0.22,8.04
LOC033-U01,2026-01-03T02:30:00+00:00,1.321,0.227,10.96
LOC033-U01,2026-01-03T02:45:00+00:00,2.493,0.278,10.33
LOC033-U01,2026-01-03T03:00:00+00:00,0.644,0.342,7.3
LOC033-U01,2026-01-03T03:15:00+00:00,2.492,0.247,8.34
LOC033-U01,2026-01-03T03:30:00+00:00,1.889,0.324,9.62
LOC033-U01,2026-01-03T03:45:00+00:00,1.511,0.365,10.02
LOC038-U02,2026-01-02T10:00:00+00:00,2.66,0.26,9.53
LOC038-U02,2026-01-02T10:15:00+00:00,1.706,0.246,11.23
LOC038-U02,2026-01-02T10:30:00+00:00,2.781,0.231,7.33
LOC038-U02,2026-01-02T10:45:00+00:00,1.779,0.375,7.72
LOC038-U02,2026-01-02T11:00:00+00:00,1.856,0.297,11.11
LOC038-U02,2026-01-02T11:15:00+00:00,1.937,0.236,7.7
LOC038-U02,2026-01-02T11:30:00+00:00,2.075,0.317,9.01
LOC038-U02,2026-01-02T11:45:00+00:00,2.617,0.326,8.31
LOC038-U02,2026-01-02T12:00:00+00:00,2.346,0.377,7.42
LOC038-U02,2026-01-02T12:15:00+00:00,1.566,0.228,9.73
LOC038-U02,2026-01-02T12:30:00+00:00,1.797,0.34,9.76
LOC038-U02,2026-01-02T12:45:00+00:00,2.674,0.366,10.64
LOC038-U02,2026-01-02T13:00:00+00:00,1.871,0.336,9.95
LOC038-U02,2026-01-02T13:15:00+00:00,1.554,0.329,7.89
LOC038-U02,2026-01-02T13:30:00+00:00,2.574,0.308,8.71
LOC038-U02,2026-01-02T13:45:00+00:00,2.382,0.285,8.52
LOC038-U02,2026-01-02T14:00:00+00:00,2.506,0.352,11.65
LOC038-U02,2026-01-02T14:15:00+00:00,2.263,0.305,6.85
LOC038-U02,2026-01-02T14:30:00+00:00,2.085,0.343,9.66
LOC038-U02,2026-01-02T14:45:00+00:00,1.891,0.276,11.2
LOC038-U02,2026-01-02T15:00:00+00:00,1.691,0.308,7.38
LOC038-U02,2026-01-02T15:15:00+00:00,1.583,0.228,9.96
LOC038-U02,2026-01-02T15:30:00+00:00,1.709,0.354,10.03
LOC038-U02,2026-01-02T15:45:00+00:00,2.287,0.352,7.31
LOC038-U02,2026-01-02T16:00:00+00:00,1.055,0.274,10.11
LOC038-U02,2026-01-02T16:15:00+00:00,2.684,0.3,7.44
LOC038-U02,2026-01-02T16:30:00+00:00,2.636,0.319,10.98
LOC038-U02,2026-01-02T16:45:00+00:00,2.686,0.274,9.3
LOC038-U02,2026-01-02T17:00:00+00:00,2.609,0.373,7.91
LOC038-U02,2026-01-02T17:15:00+00:00,2.282,0.262,7.15
LOC038-U02,2026-01-02T17:30:00+00:00,2.517,0.286,8.56
LOC038-U02,2026-01-02T17:45:00+00:00,2.41,0.312,7.95
LOC038-U02,2026-01-02T18:00:00+00:00,1.521,0.375,9.96
LOC038-U02,2026-01-02T18:15:00+00:00,2.18,0.332,11.08
LOC038-U02,2026-01-02T18:30:00+00:00,1.424,0.378,11.51
LOC038-U02,2026-01-02T18:45:00+00:00,1.502,0.38,7.21
LOC038-U02,2026-01-02T19:00:00+00:00,2.895,0.377,8.29
LOC038-U02,2026-01-02T19:15:00+00:00,2.169,0.337,7.01
LOC038-U02,2026-01-02T19:30:00+00:00,2.093,0.284,10.9
LOC038-U02,2026-01-02T19:45:00+00:00,1.663,0.375,7.39
LOC038-U02,2026-01-02T20:00:00+00:00,2.673,0.231,7.04
LOC038-U02,2026-01-02T20:15:00+00:00,2.802,0.342,6.96
LOC038-U02,2026-01-02T20:30:00+00:00,2.487,0.299,11.02
LOC038-U02,2026-01-02T20:45:00+00:00,2.844,0.335,9.05
LOC038-U02,2026-01-02T21:00:00+00:00,2.195,0.312,10.35
LOC038-U02,2026-01-02T21:15:00+00:00,2.873,0.299,10.98
LOC038-U02,2026-01-02T21:30:00+00:00,2.154,0.363,8.22
LOC038-U02,2026-01-02T21:45:00+00:00,2.517,0.222,8.86
LOC038-U02,2026-01-02T22:00:00+00:00,1.76,0.333,11.34
LOC038-U02,2026-01-02T22:15:00+00:00,1.812,0.221,6.67
LOC038-U02,2026-01-02T22:30:00+00:00,2.27,0.277,8.18
LOC038-U02,2026-01-02T22:45:00+00:00,2.554,0.349,10.68
LOC038-U02,2026-01-02T23:00:00+00:00,0.572,0.338,7.64
LOC038-U02,2026-01-02T23:15:00+00:00,2.33,0.286,10.32
LOC038-U02,2026-01-02T23:30:00+00:00,2.521,0.371,7.15
LOC038-U02,2026-01-02T23:45:00+00:00,2.507,0.235,9.82
LOC038-U02,2026-01-03T00:00:00+00:00,2.289,0.336,9.2
LOC038-U02,2026-01-03T00:15:00+00:00,2.709,0.302,11.07
LOC038-U02,2026-01-03T00:30:00+00:00,2.91,0.231,7.57
LOC038-U02,2026-01-03T00:45:00+00:00,2.699,0.36,8.9
LOC038-U02,2026-01-03T01:00:00+00:00,2.383,0.359,9.6
LOC038-U02,2026-01-03T01:15:00+00:00,1.838,0.255,9.64
LOC038-U02,2026-01-03T01:30:00+00:00,2.72,0.3,7.5
LOC038-U02,2026-01-03T01:45:00+00:00,1.7,0.326,10.54
LOC038-U02,2026-01-03T02:00:00+00:00,2.119,0.257,6.64
LOC038-U02,2026-01-03T02:15:00+00:00,2.18,0.332,10.17
LOC038-U02,2026-01-03T02:30:00+00:00,2.608,0.377,7.67
LOC038-U02,2026-01-03T02:45:00+00:00,1.7,0.363,8.61
LOC038-U02,2026-01-03T03:00:00+00:00,1.805,0.279,7.41
LOC038-U02,2026-01-03T03:15:00+00:00,3.029,0.374,10.82
LOC038-U02,2026-01-03T03:30:00+00:00,1.893,0.251,8.43
LOC038-U02,2026-01-03T03:45:00+00:00,0.996,0.348,10.3
LOC027-U02,2026-01-02T10:00:00+00:00,2.362,0.277,8.06
LOC027-U02,2026-01-02T10:15:00+00:00,3.096,0.242,8.88
LOC027-U02,2026-01-02T10:30:00+00:00,2.122,0.336,10.62
LOC027-U02,2026-01-02T10:45:00+00:00,0.892,0.252,9.66
LOC027-U02,2026-01-02T11:00:00+00:00,2.396,0.303,7.79
LOC027-U02,2026-01-02T11:15:00+00:00,2.316,0.22,8.55
LOC027-U02,2026-01-02T11:30:00+00:00,2.734,0.302,9.26
LOC027-U02,2026-01-02T11:45:00+00:00,1.703,0.248,11.35
LOC027-U02,2026-01-02T12:00:00+00:00,1.988,0.377,7.97
LOC027-U02,2026-01-02T12:15:00+00:00,2.511,0.307,7.4
LOC027-U02,2026-01-02T12:30:00+00:00,2.304,0.268,6.79
LOC027-U02,2026-01-02T12:45:00+00:00,2.087,0.225,8.83
LOC027-U02,2026-01-02T13:00:00+00:00,2.248,0.239,6.56
LOC027-U02,2026-01-02T13:15:00+00:00,2.926,0.349,9.39
LOC027-U02,2026-01-02T13:30:00+00:00,2.216,0.233,10.67
LOC027-U02,2026-01-02T13:45:00+00:00,3.17,0.355,9.81
LOC027-U02,2026-01-02T14:00:00+00:00,1.258,0.234,8.93
LOC027-U02,2026-01-02T14:15:00+00:00,1.809,0.24,10.14
LOC027-U02,2026-01-02T14:30:00+00:00,2.099,0.272,7.28
LOC027-U02,2026-01-02T14:45:00+00:00,1.702,0.354,10.31
LOC027-U02,2026-01-02T15:00:00+00:00,2.051,0.255,11.03
LOC027-U02,2026-01-02T15:15:00+00:00,2.084,0.284,10.42
LOC027-U02,2026-01-02T15:30:00+00:00,2.341,0.256,7.74
LOC027-U02,2026-01-02T15:45:00+00:00,2.135,0.242,8.13
LOC027-U02,2026-01-02T16:00:00+00:00,1.547,0.336,9.18
LOC027-U02,2026-01-02T16:15:00+00:00,1.627,0.225,7.85
LOC027-U02,2026-01-02T16:30:00+00:00,1.927,0.269,10.07
LOC027-U02,2026-01-02T16:45:00+00:00,2.777,0.334,7.18
LOC027-U02,2026-01-02T17:00:00+00:00,1.473,0.22,6.56
LOC027-U02,2026-01-02T17:15:00+00:00,2.321,0.342,11.64
LOC027-U02,2026-01-02T17:30:00+00:00,1.878,0.263,11.1
LOC027-U02,2026-01-02T17:45:00+00:00,2.1,0.331,9.68
LOC027-U02,2026-01-02T18:00:00+00:00,1.686,0.349,8.91
LOC027-U02,2026-01-02T18:15:00+00:00,2.023,0.26,9.71
LOC027-U02,2026-01-02T18:30:00+00:00,2.801,0.296,7.12
LOC027-U02,2026-01-02T18:45:00+00:00,2.43,0.249,8.68
LOC027-U02,2026-01-02T19:00:00+00:00,2.828,0.273,10.03
LOC027-U02,2026-01-02T19:15:00+00:00,1.819,0.368,8.43
LOC027-U02,2026-01-02T19:30:00+00:00,1.949,0.245,7.72
LOC027-U02,2026-01-02T19:45:00+00:00,1.798,0.321,7.96
LOC027-U02,2026-01-02T20:00:00+00:00,2.012,0.369,8.23
LOC027-U02,2026-01-02T20:15:00+00:00,2.726,0.325,11.43
LOC027-U02,2026-01-02T20:30:00+00:00,2.535,0.34,11.13
LOC027-U02,2026-01-02T20:45:00+00:00,2.249,0.239,9.3
LOC027-U02,2026-01-02T21:00:00+00:00,1.525,0.303,11.27
LOC027-U02,2026-01-02T21:15:00+00:00,2.757,0.276,7.62
LOC027-U02,2026-01-02T21:30:00+00:00,2.638,0.372,9.82
LOC027-U02,2026-01-02T21:45:00+00:00,2.509,0.257,7.07
LOC027-U02,2026-01-02T22:00:00+00:00,2.403,0.325,9.83
LOC027-U02,2026-01-02T22:15:00+00:00,1.837,0.275,10.01
LOC027-U02,2026-01-02T22:30:00+00:00,2.393,0.247,9.9
LOC027-U02,2026-01-02T22:45:00+00:00,2.198,0.374,9.5
LOC027-U02,2026-01-02T23:00:00+00:00,2.094,0.231,9.35
LOC027-U02,2026-01-02T23:15:00+00:00,3.023,0.234,10.64
LOC027-U02,2026-01-02T23:30:00+00:00,2.727,0.272,10.74
LOC027-U02,2026-01-02T23:45:00+00:00,1.862,0.324,7.65
LOC027-U02,2026-01-03T00:00:00+00:00,2.402,0.273,7.79
LOC027-U02,2026-01-03T00:15:00+00:00,2.722,0.315,7.27
LOC027-U02,2026-01-03T00:30:00+00:00,2.609,0.252,10.81
LOC027-U02,2026-01-03T00:45:00+00:00,1.601,0.267,7.71
LOC027-U02,2026-01-03T01:00:00+00:00,1.665,0.272,10.41
LOC027-U02,2026-01-03T01:15:00+00:00,1.159,0.374,10.93
LOC027-U02,2026-01-03T01:30:00+00:00,2.771,0.378,9.64
LOC027-U02,2026-01-03T01:45:00+00:00,2.365,0.227,8.24
LOC027-U02,2026-01-03T02:00:00+00:00,2.189,0.28,9.32
LOC027-U02,2026-01-03T02:15:00+00:00,2.973,0.28,10.87
LOC027-U02,2026-01-03T02:30:00+00:00,1.372,0.262,10.03
LOC027-U02,2026-01-03T02:45:00+00:00,1.843,0.265,7.11
LOC027-U02,2026-01-03T03:00:00+00:00,1.775,0.337,11.04
LOC027-U02,2026-01-03T03:15:00+00:00,2.666,0.374,9.11
LOC027-U02,2026-01-03T03:30:00+00:00,1.678,0.353,7.27
LOC027-U02,2026-01-03T03:45:00+00:00,1.343,0.326,8.43
LOC003-U02,2026-01-02T10:00:00+00:00,2.199,0.275,6.94
LOC003-U02,2026-01-02T10:15:00+00:00,2.175,0.233,7.96
LOC003-U02,2026-01-02T10:30:00+00:00,2.416,0.341,8.2
LOC003-U02,2026-01-02T10:45:00+00:00,1.148,0.284,9.9
LOC003-U02,2026-01-02T11:00:00+00:00,1.615,0.287,6.71
LOC003-U02,2026-01-02T11:15:00+00:00,2.809,0.239,8.34
LOC003-U02,2026-01-02T11:30:00+00:00,1.157,0.327,11.19
LOC003-U02,2026-01-02T11:45:00+00:00,1.781,0.276,9.28
LOC003-U02,2026-01-02T12:00:00+00:00,2.818,0.375,9.35
LOC003-U02,2026-01-02T12:15:00+00:00,1.806,0.344,8.0
LOC003-U02,2026-01-02T12:30:00+00:00,2.192,0.222,7.02
LOC003-U02,2026-01-02T12:45:00+00:00,2.702,0.245,9.79
LOC003-U02,2026-01-02T13:00:00+00:00,2.52,0.325,8.97
LOC003-U02,2026-01-02T13:15:00+00:00,2.41,0.305,7.98
LOC003-U02,2026-01-02T13:30:00+00:00,1.947,0.246,6.63
LOC003-U02,2026-01-02T13:45:00+00:00,2.264,0.324,9.49
LOC003-U02,2026-01-02T14:00:00+00:00,2.143,0.367,10.69
LOC003-U02,2026-01-02T14:15:00+00:00,2.525,0.283,10.25
LOC003-U02,2026-01-02T14:30:00+00:00,1.494,0.252,8.97
LOC003-U02,2026-01-02T14:45:00+00:00,2.445,0.342,8.83
LOC003-U02,2026-01-02T15:00:00+00:00,1.557,0.263,9.17
LOC003-U02,2026-01-02T15:15:00+00:00,3.325,0.309,7.53
LOC003-U02,2026-01-02T15:30:00+00:00,1.671,0.255,10.62
LOC003-U02,2026-01-02T15:45:00+00:00,2.316,0.265,10.38
LOC003-U02,2026-01-02T16:00:00+00:00,1.304,0.343,8.72
LOC003-U02,2026-01-02T16:15:00+00:00,2.966,0.292,9.49
LOC003-U02,2026-01-02T16:30:00+00:00,1.989,0.25,11.16
LOC003-U02,2026-01-02T16:45:00+00:00,1.888,0.312,6.86
LOC003-U02,2026-01-02T17:00:00+00:00,2.007,0.294,7.85
LOC003-U02,2026-01-02T17:15:00+00:00,1.475,0.286,10.6
LOC003-U02,2026-01-02T17:30:00+00:00,2.001,0.242,9.41
LOC003-U02,2026-01-02T17:45:00+00:00,2.333,0.23,7.5
LOC003-U02,2026-01-02T18:00:00+00:00,2.01,0.263,9.94
LOC003-U02,2026-01-02T18:15:00+00:00,1.936,0.272,7.01
LOC003-U02,2026-01-02T18:30:00+00:00,2.788,0.221,9.13
LOC003-U02,2026-01-02T18:45:00+00:00,1.52,0.364,9.64
LOC003-U02,2026-01-02T19:00:00+00:00,2.25,0.34,11.28
LOC003-U02,2026-01-02T19:15:00+00:00,1.871,0.261,10.68
LOC003-U02,2026-01-02T19:30:00+00:00,2.11,0.359,11.18
LOC003-U02,2026-01-02T19:45:00+00:00,1.278,0.262,6.65
LOC003-U02,2026-01-02T20:00:00+00:00,2.504,0.308,8.74
LOC003-U02,2026-01-02T20:15:00+00:00,2.558,0.324,7.35
LOC003-U02,2026-01-02T20:30:00+00:00,0.771,0.374,11.2
LOC003-U02,2026-01-02T20:45:00+00:00,2.409,0.323,9.45
LOC003-U02,2026-01-02T21:00:00+00:00,1.886,0.273,6.64
LOC003-U02,2026-01-02T21:15:00+00:00,2.454,0.313,8.23
LOC003-U02,2026-01-02T21:30:00+00:00,2.244,0.379,7.24
LOC003-U02,2026-01-02T21:45:00+00:00,1.93,0.374,10.31
LOC003-U02,2026-01-02T22:00:00+00:00,2.088,0.247,7.28
LOC003-U02,2026-01-02T22:15:00+00:00,2.592,0.357,10.45
LOC003-U02,2026-01-02T22:30:00+00:00,1.71,0.374,10.02
LOC003-U02,2026-01-02T22:45:00+00:00,1.513,0.33,6.87
LOC003-U02,2026-01-02T23:00:00+00:00,1.975,0.337,8.6
LOC003-U02,2026-01-02T23:15:00+00:00,2.471,0.306,7.81
LOC003-U02,2026-01-02T23:30:00+00:00,1.866,0.342,10.15
LOC003-U02,2026-01-02T23:45:00+00:00,2.115,0.307,7.5
LOC003-U02,2026-01-03T00:00:00+00:00,2.128,0.353,8.62
LOC003-U02,2026-01-03T00:15:00+00:00,1.987,0.265,8.4
LOC003-U02,2026-01-03T00:30:00+00:00,1.408,0.233,7.69
LOC003-U02,2026-01-03T00:45:00+00:00,0.761,0.367,9.92
LOC003-U02,2026-01-03T01:00:00+00:00,2.346,0.354,9.53
LOC003-U02,2026-01-03T01:15:00+00:00,2.338,0.37,9.85
LOC003-U02,2026-01-03T01:30:00+00:00,2.198,0.365,8.16
LOC003-U02,2026-01-03T01:45:00+00:00,2.102,0.286,7.91
LOC003-U02,2026-01-03T02:00:00+00:00,2.609,0.288,7.04
LOC003-U02,2026-01-03T02:15:00+00:00,0.925,0.286,8.9
LOC003-U02,2026-01-03T02:30:00+00:00,1.667,0.299,7.06
LOC003-U02,2026-01-03T02:45:00+00:00,1.811,0.316,7.92
LOC003-U02,2026-01-03T03:00:00+00:00,2.261,0.246,11.21
LOC003-U02,2026-01-03T03:15:00+00:00,0.48,0.26,8.37
LOC003-U02,2026-01-03T03:30:00+00:00,1.965,0.3,10.28
LOC003-U02,2026-01-03T03:45:00+00:00,2.478,0.33,8.04
LOC036-U01,2026-01-02T10:00:00+00:00,2.935,0.226,11.33
LOC036-U01,2026-01-02T10:15:00+00:00,1.829,0.288,7.89
LOC036-U01,2026-01-02T10:30:00+00:00,2.095,0.326,8.23
LOC036-U01,2026-01-02T10:45:00+00:00,3.239,0.232,8.04
LOC036-U01,2026-01-02T11:00:00+00:00,2.82,0.24,8.14
LOC036-U01,2026-01-02T11:15:00+00:00,2.117,0.267,11.37
LOC036-U01,2026-01-02T11:30:00+00:00,2.592,0.222,6.68
LOC036-U01,2026-01-02T11:45:00+00:00,1.143,0.312,9.61
LOC036-U01,2026-01-02T12:00:00+00:00,3.175,0.277,10.32
LOC036-U01,2026-01-02T12:15:00+00:00,1.858,0.232,8.82
LOC036-U01,2026-01-02T12:30:00+00:00,2.435,0.272,9.47
LOC036-U01,2026-01-02T12:45:00+00:00,1.752,0.337,10.45
LOC036-U01,2026-01-02T13:00:00+00:00,1.496,0.305,9.29
LOC036-U01,2026-01-02T13:15:00+00:00,2.209,0.347,9.94
LOC036-U01,2026-01-02T13:30:00+00:00,2.527,0.321,9.33
LOC036-U01,2026-01-02T13:45:00+00:00,2.976,0.243,9.46
LOC036-U01,2026-01-02T14:00:00+00:00,2.686,0.348,10.15
LOC036-U01,2026-01-02T14:15:00+00:00,2.216,0.332,7.47
LOC036-U01,2026-01-02T14:30:00+00:00,2.83,0.353,8.62
LOC036-U01,2026-01-02T14:45:00+00:00,1.436,0.269,10.42
LOC036-U01,2026-01-02T15:00:00+00:00,2.135,0.262,11.07
LOC036-U01,2026-01-02T15:15:00+00:00,2.182,0.363,9.4
LOC036-U01,2026-01-02T15:30:00+00:00,2.553,0.324,10.44
LOC036-U01,2026-01-02T15:45:00+00:00,2.407,0.347,9.47
LOC036-U01,2026-01-02T16:00:00+00:00,1.731,0.293,8.24
LOC036-U01,2026-01-02T16:15:00+00:00,0.943,0.238,6.43
LOC036-U01,2026-01-02T16:30:00+00:00,1.336,0.282,7.58
LOC036-U01,2026-01-02T16:45:00+00:00,2.552,0.353,7.5
LOC036-U01,2026-01-02T17:00:00+00:00,2.029,0.27,6.84
LOC036-U01,2026-01-02T17:15:00+00:00,1.939,0.318,10.7
LOC036-U01,2026-01-02T17:30:00+00:00,1.182,0.271,9.49
LOC036-U01,2026-01-02T17:45:00+00:00,1.599,0.276,8.44
LOC036-U01,2026-01-02T18:00:00+00:00,2.191,0.247,9.15
LOC036-U01,2026-01-02T18:15:00+00:00,2.405,0.298,10.31
LOC036-U01,2026-01-02T18:30:00+00:00,1.593,0.289,10.27
LOC036-U01,2026-01-02T18:45:00+00:00,1.901,0.319,6.77
LOC036-U01,2026-01-02T19:00:00+00:00,1.943,0.342,7.37
LOC036-U01,2026-01-02T19:15:00+00:00,2.231,0.241,8.28
LOC036-U01,2026-01-02T19:30:00+00:00,1.597,0.287,10.37
LOC036-U01,2026-01-02T19:45:00+00:00,1.577,0.266,7.27
LOC036-U01,2026-01-02T20:00:00+00:00,2.061,0.283,11.56
LOC036-U01,2026-01-02T20:15:00+00:00,1.832,0.22,7.07
LOC036-U01,2026-01-02T20:30:00+00:00,2.424,0.317,11.66
LOC036-U01,2026-01-02T20:45:00+00:00,3.356,0.224,9.12
LOC036-U01,2026-01-02T21:00:00+00:00,1.641,0.269,7.28
LOC036-U01,2026-01-02T21:15:00+00:00,1.774,0.365,10.73
LOC036-U01,2026-01-02T21:30:00+00:00,2.791,0.274,7.87
LOC036-U01,2026-01-02T21:45:00+00:00,1.803,0.296,6.99
LOC036-U01,2026-01-02T22:00:00+00:00,2.012,0.326,8.48
LOC036-U01,2026-01-02T22:15:00+00:00,3.002,0.238,9.87
LOC036-U01,2026-01-02T22:30:00+00:00,1.669,0.3,9.82
LOC036-U01,2026-01-02T22:45:00+00:00,2.09,0.308,8.3
LOC036-U01,2026-01-02T23:00:00+00:00,1.399,0.323,6.65
LOC036-U01,2026-01-02T23:15:00+00:00,2.216,0.274,9.02
LOC036-U01,2026-01-02T23:30:00+00:00,1.861,0.352,9.93
LOC036-U01,2026-01-02T23:45:00+00:00,1.895,0.258,8.59
LOC036-U01,2026-01-03T00:00:00+00:00,2.027,0.249,8.63
LOC036-U01,2026-01-03T00:15:00+00:00,1.953,0.369,11.63
LOC036-U01,2026-01-03T00:30:00+00:00,2.243,0.314,8.61
LOC036-U01,2026-01-03T00:45:00+00:00,1.556,0.302,10.09
LOC036-U01,2026-01-03T01:00:00+00:00,1.87,0.323,10.04
LOC036-U01,2026-01-03T01:15:00+00:00,1.42,0.291,8.93
LOC036-U01,2026-01-03T01:30:00+00:00,2.305,0.248,7.87
LOC036-U01,2026-01-03T01:45:00+00:00,1.339,0.334,8.26
LOC036-U01,2026-01-03T02:00:00+00:00,2.211,0.341,11.73
LOC036-U01,2026-01-03T02:15:00+00:00,1.802,0.27,8.15
LOC036-U01,2026-01-03T02:30:00+00:00,1.695,0.249,9.8
LOC036-U01,2026-01-03T02:45:00+00:00,2.525,0.369,9.17
LOC036-U01,2026-01-03T03:00:00+00:00,2.91,0.231,10.45
LOC036-U01,2026-01-03T03:15:00+00:00,1.461,0.227,11.11
LOC036-U01,2026-01-03T03:30:00+00:00,1.683,0.295,9.68
LOC036-U01,2026-01-03T03:45:00+00:00,3.279,0.325,11.68
LOC035-U01,2026-01-02T10:00:00+00:00,1.104,0.22,11.21
LOC035-U01,2026-01-02T10:15:00+00:00,2.328,0.299,7.38
LOC035-U01,2026-01-02T10:30:00+00:00,2.476,0.371,10.17
LOC035-U01,2026-01-02T10:45:00+00:00,2.295,0.334,10.17
LOC035-U01,2026-01-02T11:00:00+00:00,2.211,0.364,10.67
LOC035-U01,2026-01-02T11:15:00+00:00,2.313,0.222,8.62
LOC035-U01,2026-01-02T11:30:00+00:00,1.638,0.273,7.2
LOC035-U01,2026-01-02T11:45:00+00:00,2.745,0.328,7.52
LOC035-U01,2026-01-02T12:00:00+00:00,1.776,0.375,7.93
LOC035-U01,2026-01-02T12:15:00+00:00,1.452,0.335,9.29
LOC035-U01,2026-01-02T12:30:00+00:00,1.801,0.346,9.29
LOC035-U01,2026-01-02T12:45:00+00:00,2.366,0.371,7.44
LOC035-U01,2026-01-02T13:00:00+00:00,1.394,0.356,11.28
LOC035-U01,2026-01-02T13:15:00+00:00,2.318,0.311,11.15
LOC035-U01,2026-01-02T13:30:00+00:00,2.619,0.224,11.22
LOC035-U01,2026-01-02T13:45:00+00:00,2.269,0.357,9.1
LOC035-U01,2026-01-02T14:00:00+00:00,1.489,0.261,9.9
LOC035-U01,2026-01-02T14:15:00+00:00,2.053,0.363,8.52
LOC035-U01,2026-01-02T14:30:00+00:00,2.831,0.327,7.45
LOC035-U01,2026-01-02T14:45:00+00:00,2.149,0.28,6.99
LOC035-U01,2026-01-02T15:00:00+00:00,2.464,0.297,10.31
LOC035-U01,2026-01-02T15:15:00+00:00,2.877,0.299,8.22
LOC035-U01,2026-01-02T15:30:00+00:00,2.173,0.352,10.37
LOC035-U01,2026-01-02T15:45:00+00:00,2.269,0.271,8.11
LOC035-U01,2026-01-02T16:00:00+00:00,1.822,0.337,8.87
LOC035-U01,2026-01-02T16:15:00+00:00,1.776,0.25,8.69
LOC035-U01,2026-01-02T16:30:00+00:00,1.743,0.333,8.75
LOC035-U01,2026-01-02T16:45:00+00:00,2.716,0.337,8.33
LOC035-U01,2026-01-02T17:00:00+00:00,1.797,0.309,10.54
LOC035-U01,2026-01-02T17:15:00+00:00,2.136,0.22,10.05
LOC035-U01,2026-01-02T17:30:00+00:00,2.539,0.305,8.32
LOC035-U01,2026-01-02T17:45:00+00:00,1.947,0.319,8.68
LOC035-U01,2026-01-02T18:00:00+00:00,2.033,0.254,8.16
LOC035-U01,2026-01-02T18:15:00+00:00,1.403,0.356,10.91
LOC035-U01,2026-01-02T18:30:00+00:00,1.352,0.241,7.81
LOC035-U01,2026-01-02T18:45:00+00:00,1.017,0.369,10.89
LOC035-U01,2026-01-02T19:00:00+00:00,1.78,0.313,10.18
LOC035-U01,2026-01-02T19:15:00+00:00,1.944,0.341,11.47
LOC035-U01,2026-01-02T19:30:00+00:00,2.054,0.222,7.15
LOC035-U01,2026-01-02T19:45:00+00:00,2.12,0.232,9.79
LOC035-U01,2026-01-02T20:00:00+00:00,2.205,0.237,7.3
LOC035-U01,2026-01-02T20:15:00+00:00,2.058,0.31,7.89
LOC035-U01,2026-01-02T20:30:00+00:00,1.71,0.377,8.22
LOC035-U01,2026-01-02T20:45:00+00:00,2.451,0.299,7.97
LOC035-U01,2026-01-02T21:00:00+00:00,2.287,0.318,9.96
LOC035-U01,2026-01-02T21:15:00+00:00,2.654,0.322,8.27
LOC035-U01,2026-01-02T21:30:00+00:00,2.116,0.291,8.74
LOC035-U01,2026-01-02T21:45:00+00:00,1.776,0.253,6.46
LOC035-U01,2026-01-02T22:00:00+00:00,1.641,0.356,6.93
LOC035-U01,2026-01-02T22:15:00+00:00,2.958,0.285,8.27
LOC035-U01,2026-01-02T22:30:00+00:00,2.659,0.261,10.23
LOC035-U01,2026-01-02T22:45:00+00:00,1.373,0.375,8.0
LOC035-U01,2026-01-02T23:00:00+00:00,2.469,0.33,10.1
LOC035-U01,2026-01-02T23:15:00+00:00,2.452,0.223,10.07
LOC035-U01,2026-01-02T23:30:00+00:00,1.124,0.293,10.87
LOC035-U01,2026-01-02T23:45:00+00:00,1.095,0.254,8.5
LOC035-U01,2026-01-03T00:00:00+00:00,2.296,0.37,6.91
LOC035-U01,2026-01-03T00:15:00+00:00,2.188,0.344,10.95
LOC035-U01,2026-01-03T00:30:00+00:00,2.444,0.23,8.29
LOC035-U01,2026-01-03T00:45:00+00:00,3.138,0.294,7.13
LOC035-U01,2026-01-03T01:00:00+00:00,2.389,0.227,8.78
LOC035-U01,2026-01-03T01:15:00+00:00,1.798,0.37,10.83
LOC035-U01,2026-01-03T01:30:00+00:00,3.036,0.353,9.53
LOC035-U01,2026-01-03T01:45:00+00:00,1.357,0.357,9.19
LOC035-U01,2026-01-03T02:00:00+00:00,1.338,0.265,10.01
LOC035-U01,2026-01-03T02:15:00+00:00,1.563,0.37,8.0
LOC035-U01,2026-01-03T02:30:00+00:00,3.262,0.226,10.47
LOC035-U01,2026-01-03T02:45:00+00:00,2.217,0.281,7.66
LOC035-U01,2026-01-03T03:00:00+00:00,2.482,0.379,10.05
LOC035-U01,2026-01-03T03:15:00+00:00,2.284,0.231,6.99
LOC035-U01,2026-01-03T03:30:00+00:00,2.94,0.265,7.21
LOC035-U01,2026-01-03T03:45:00+00:00,2.239,0.277,8.67
LOC001-U01,2026-01-02T10:00:00+00:00,1.991,0.28,9.31
LOC001-U01,2026-01-02T10:15:00+00:00,1.801,0.266,7.16
LOC001-U01,2026-01-02T10:30:00+00:00,3.078,0.338,10.84
LOC001-U01,2026-01-02T10:45:00+00:00,2.447,0.266,10.38
LOC001-U01,2026-01-02T11:00:00+00:00,2.459,0.319,10.56
LOC001-U01,2026-01-02T11:15:00+00:00,1.444,0.315,9.83
LOC001-U01,2026-01-02T11:30:00+00:00,1.835,0.313,6.58
LOC001-U01,2026-01-02T11:45:00+00:00,2.111,0.274,10.44
LOC001-U01,2026-01-02T12:00:00+00:00,2.434,0.352,11.51
LOC001-U01,2026-01-02T12:15:00+00:00,1.939,0.297,8.8
LOC001-U01,2026-01-02T12:30:00+00:00,2.638,0.339,7.03
LOC001-U01,2026-01-02T12:45:00+00:00,2.364,0.235,7.74
LOC001-U01,2026-01-02T13:00:00+00:00,2.146,0.265,8.55
LOC001-U01,2026-01-02T13:15:00+00:00,1.687,0.291,7.59
LOC001-U01,2026-01-02T13:30:00+00:00,1.439,0.31,8.37
LOC001-U01,2026-01-02T13:45:00+00:00,2.495,0.38,11.17
LOC001-U01,2026-01-02T14:00:00+00:00,2.658,0.279,8.64
LOC001-U01,2026-01-02T14:15:00+00:00,1.413,0.233,8.96
LOC001-U01,2026-01-02T14:30:00+00:00,1.59,0.379,7.66
LOC001-U01,2026-01-02T14:45:00+00:00,2.926,0.256,7.43
LOC001-U01,2026-01-02T15:00:00+00:00,1.796,0.272,6.7
LOC001-U01,2026-01-02T15:15:00+00:00,1.9,0.28,8.13
LOC001-U01,2026-01-02T15:30:00+00:00,1.479,0.3,10.57
LOC001-U01,2026-01-02T15:45:00+00:00,2.134,0.369,8.7
LOC001-U01,2026-01-02T16:00:00+00:00,2.848,0.375,11.76
LOC001-U01,2026-01-02T16:15:00+00:00,2.145,0.272,8.3
LOC001-U01,2026-01-02T16:30:00+00:00,2.024,0.36,7.44
LOC001-U01,2026-01-02T16:45:00+00:00,2.068,0.226,8.0
LOC001-U01,2026-01-02T17:00:00+00:00,1.345,0.229,6.54
LOC001-U01,2026-01-02T17:15:00+00:00,2.546,0.278,10.29
LOC001-U01,2026-01-02T17:30:00+00:00,2.042,0.256,9.2
LOC001-U01,2026-01-02T17:45:00+00:00,2.255,0.328,11.63
LOC001-U01,2026-01-02T18:00:00+00:00,1.445,0.321,8.18
LOC001-U01,2026-01-02T18:15:00+00:00,2.405,0.33,9.82
LOC001-U01,2026-01-02T18:30:00+00:00,1.891,0.278,9.13
LOC001-U01,2026-01-02T18:45:00+00:00,2.578,0.37,11.77
LOC001-U01,2026-01-02T19:00:00+00:00,2.256,0.3,9.83
LOC001-U01,2026-01-02T19:15:00+00:00,2.435,0.278,8.62
LOC001-U01,2026-01-02T19:30:00+00:00,1.358,0.336,10.74
LOC001-U01,2026-01-02T19:45:00+00:00,1.835,0.35,7.4
LOC001-U01,2026-01-02T20:00:00+00:00,2.731,0.226,10.45
LOC001-U01,2026-01-02T20:15:00+00:00,0.961,0.263,9.31
LOC001-U01,2026-01-02T20:30:00+00:00,2.72,0.242,8.36
LOC001-U01,2026-01-02T20:45:00+00:00,2.592,0.333,7.15
LOC001-U01,2026-01-02T21:00:00+00:00,2.127,0.254,9.41
LOC001-U01,2026-01-02T21:15:00+00:00,2.338,0.261,9.95
LOC001-U01,2026-01-02T21:30:00+00:00,2.642,0.313,7.01
LOC001-U01,2026-01-02T21:45:00+00:00,2.807,0.333,9.31
LOC001-U01,2026-01-02T22:00:00+00:00,2.07,0.354,9.56
LOC001-U01,2026-01-02T22:15:00+00:00,1.278,0.26,9.34
LOC001-U01,2026-01-02T22:30:00+00:00,1.821,0.379,10.63
LOC001-U01,2026-01-02T22:45:00+00:00,2.379,0.33,9.61
LOC001-U01,2026-01-02T23:00:00+00:00,2.888,0.24,9.43
LOC001-U01,2026-01-02T23:15:00+00:00,2.273,0.283,7.35
LOC001-U01,2026-01-02T23:30:00+00:00,2.374,0.311,10.28
LOC001-U01,2026-01-02T23:45:00+00:00,1.543,0.35,10.43
LOC001-U01,2026-01-03T00:00:00+00:00,1.791,0.256,8.55
LOC001-U01,2026-01-03T00:15:00+00:00,1.617,0.224,6.87
LOC001-U01,2026-01-03T00:30:00+00:00,1.113,0.308,10.65
LOC001-U01,2026-01-03T00:45:00+00:00,2.231,0.34,10.36
LOC001-U01,2026-01-03T01:00:00+00:00,1.892,0.375,11.42
LOC001-U01,2026-01-03T01:15:00+00:00,3.595,0.361,10.21
LOC001-U01,2026-01-03T01:30:00+00:00,1.559,0.24,6.99
LOC001-U01,2026-01-03T01:45:00+00:00,2.823,0.291,10.41
LOC001-U01,2026-01-03T02:00:00+00:00,2.247,0.257,7.12
LOC001-U01,2026-01-03T02:15:00+00:00,1.412,0.25,8.56
LOC001-U01,2026-01-03T02:30:00+00:00,1.691,0.313,8.45
LOC001-U01,2026-01-03T02:45:00+00:00,2.37,0.324,8.09
LOC001-U01,2026-01-03T03:00:00+00:00,2.376,0.358,9.64
LOC001-U01,2026-01-03T03:15:00+00:00,1.941,0.351,10.68
LOC001-U01,2026-01-03T03:30:00+00:00,1.766,0.342,10.9
LOC001-U01,2026-01-03T03:45:00+00:00,1.765,0.272,10.53
LOC017-U02,2026-01-02T10:00:00+00:00,1.373,0.327,8.39
LOC017-U02,2026-01-02T10:15:00+00:00,1.832,0.307,7.04
LOC017-U02,2026-01-02T10:30:00+00:00,2.799,0.326,7.01
LOC017-U02,2026-01-02T10:45:00+00:00,2.256,0.359,9.05
LOC017-U02,2026-01-02T11:00:00+00:00,2.769,0.349,9.18
LOC017-U02,2026-01-02T11:15:00+00:00,2.127,0.318,9.72
LOC017-U02,2026-01-02T11:30:00+00:00,2.085,0.262,10.5
LOC017-U02,2026-01-02T11:45:00+00:00,2.083,0.295,10.39
LOC017-U02,2026-01-02T12:00:00+00:00,1.743,0.355,8.76
LOC017-U02,2026-01-02T12:15:00+00:00,2.319,0.373,10.1
LOC017-U02,2026-01-02T12:30:00+00:00,2.083,0.34,8.7
LOC017-U02,2026-01-02T12:45:00+00:00,1.847,0.352,10.04
LOC017-U02,2026-01-02T13:00:00+00:00,1.739,0.264,7.31
LOC017-U02,2026-01-02T13:15:00+00:00,2.113,0.255,11.14
LOC017-U02,2026-01-02T13:30:00+00:00,2.013,0.289,9.95
LOC017-U02,2026-01-02T13:45:00+00:00,2.211,0.326,9.38
LOC017-U02,2026-01-02T14:00:00+00:00,1.595,0.23,11.21
LOC017-U02,2026-01-02T14:15:00+00:00,2.417,0.28,10.93
LOC017-U02,2026-01-02T14:30:00+00:00,2.27,0.341,7.78
LOC017-U02,2026-01-02T14:45:00+00:00,2.076,0.22,10.73
LOC017-U02,2026-01-02T15:00:00+00:00,1.988,0.336,10.62
LOC017-U02,2026-01-02T15:15:00+00:00,2.325,0.246,11.2
LOC017-U02,2026-01-02T15:30:00+00:00,1.947,0.336,7.93
LOC017-U02,2026-01-02T15:45:00+00:00,1.921,0.271,11.4
LOC017-U02,2026-01-02T16:00:00+00:00,2.443,0.367,11.31
LOC017-U02,2026-01-02T16:15:00+00:00,1.836,0.274,11.3
LOC017-U02,2026-01-02T16:30:00+00:00,1.5,0.266,6.92
LOC017-U02,2026-01-02T16:45:00+00:00,1.083,0.321,7.07
LOC017-U02,2026-01-02T17:00:00+00:00,2.21,0.327,7.91
LOC017-U02,2026-01-02T17:15:00+00:00,2.028,0.248,8.33
LOC017-U02,2026-01-02T17:30:00+00:00,1.777,0.221,7.25
LOC017-U02,2026-01-02T17:45:00+00:00,1.939,0.367,8.09
LOC017-U02,2026-01-02T18:00:00+00:00,2.243,0.258,6.74
LOC017-U02,2026-01-02T18:15:00+00:00,1.71,0.377,11.57
LOC017-U02,2026-01-02T18:30:00+00:00,2.469,0.321,9.53
LOC017-U02,2026-01-02T18:45:00+00:00,1.745,0.221,11.26
LOC017-U02,2026-01-02T19:00:00+00:00,1.312,0.317,11.34
LOC017-U02,2026-01-02T19:15:00+00:00,2.533,0.37,8.2
LOC017-U02,2026-01-02T19:30:00+00:00,1.801,0.33,10.31
LOC017-U02,2026-01-02T19:45:00+00:00,1.863,0.268,8.9
LOC017-U02,2026-01-02T20:00:00+00:00,1.907,0.363,8.9
LOC017-U02,2026-01-02T20:15:00+00:00,2.363,0.286,11.05
LOC017-U02,2026-01-02T20:30:00+00:00,1.768,0.321,8.97
LOC017-U02,2026-01-02T20:45:00+00:00,1.444,0.23,10.46
LOC017-U02,2026-01-02T21:00:00+00:00,2.002,0.305,7.93
LOC017-U02,2026-01-02T21:15:00+00:00,1.979,0.287,8.37
LOC017-U02,2026-01-02T21:30:00+00:00,1.799,0.359,10.35
LOC017-U02,2026-01-02T21:45:00+00:00,2.496,0.223,8.23
LOC017-U02,2026-01-02T22:00:00+00:00,1.975,0.363,9.65
LOC017-U02,2026-01-02T22:15:00+00:00,2.148,0.323,10.74
LOC017-U02,2026-01-02T22:30:00+00:00,2.872,0.253,10.25
LOC017-U02,2026-01-02T22:45:00+00:00,2.006,0.241,10.88
LOC017-U02,2026-01-02T23:00:00+00:00,1.341,0.316,8.21
LOC017-U02,2026-01-02T23:15:00+00:00,1.92,0.346,6.7
LOC017-U02,2026-01-02T23:30:00+00:00,3.025,0.309,7.93
LOC017-U02,2026-01-02T23:45:00+00:00,2.814,0.31,8.54
LOC017-U02,2026-01-03T00:00:00+00:00,2.666,0.325,7.23
LOC017-U02,2026-01-03T00:15:00+00:00,1.616,0.305,10.35
LOC017-U02,2026-01-03T00:30:00+00:00,3.005,0.237,7.27
LOC017-U02,2026-01-03T00:45:00+00:00,1.556,0.291,11.42
LOC017-U02,2026-01-03T01:00:00+00:00,2.129,0.332,9.2
LOC017-U02,2026-01-03T01:15:00+00:00,2.433,0.342,8.05
LOC017-U02,2026-01-03T01:30:00+00:00,1.87,0.247,6.48
LOC017-U02,2026-01-03T01:45:00+00:00,1.709,0.325,10.14
LOC017-U02,2026-01-03T02:00:00+00:00,2.407,0.339,7.1
LOC017-U02,2026-01-03T02:15:00+00:00,1.802,0.304,11.53
LOC017-U02,2026-01-03T02:30:00+00:00,1.543,0.323,7.63
LOC017-U02,2026-01-03T02:45:00+00:00,2.902,0.253,11.61
LOC017-U02,2026-01-03T03:00:00+00:00,1.323,0.3,10.11
LOC017-U02,2026-01-03T03:15:00+00:00,1.839,0.327,9.35
LOC017-U02,2026-01-03T03:30:00+00:00,2.645,0.329,10.11
LOC017-U02,2026-01-03T03:45:00+00:00,2.795,0.277,7.03
LOC013-U01,2026-01-02T10:00:00+00:00,2.074,0.343,6.75
LOC013-U01,2026-01-02T10:15:00+00:00,1.783,0.297,10.98
LOC013-U01,2026-01-02T10:30:00+00:00,2.042,0.222,10.24
LOC013-U01,2026-01-02T10:45:00+00:00,1.817,0.359,9.11
LOC013-U01,2026-01-02T11:00:00+00:00,2.316,0.361,7.97
LOC013-U01,2026-01-02T11:15:00+00:00,2.563,0.261,6.93
LOC013-U01,2026-01-02T11:30:00+00:00,2.8,0.342,10.42
LOC013-U01,2026-01-02T11:45:00+00:00,2.436,0.326,9.73
LOC013-U01,2026-01-02T12:00:00+00:00,1.953,0.294,6.97
LOC013-U01,2026-01-02T12:15:00+00:00,2.127,0.268,8.91
LOC013-U01,2026-01-02T12:30:00+00:00,2.934,0.368,7.42
LOC013-U01,2026-01-02T12:45:00+00:00,1.938,0.377,7.83
LOC013-U01,2026-01-02T13:00:00+00:00,2.596,0.359,9.59
LOC013-U01,2026-01-02T13:15:00+00:00,1.765,0.311,7.56
LOC013-U01,2026-01-02T13:30:00+00:00,2.944,0.372,7.67
LOC013-U01,2026-01-02T13:45:00+00:00,1.623,0.264,7.75
LOC013-U01,2026-01-02T14:00:00+00:00,2.411,0.246,6.88
LOC013-U01,2026-01-02T14:15:00+00:00,1.885,0.346,9.32
LOC013-U01,2026-01-02T14:30:00+00:00,1.714,0.302,9.48
LOC013-U01,2026-01-02T14:45:00+00:00,2.181,0.303,10.88
LOC013-U01,2026-01-02T15:00:00+00:00,1.776,0.255,10.23
LOC013-U01,2026-01-02T15:15:00+00:00,2.767,0.221,8.87
LOC013-U01,2026-01-02T15:30:00+00:00,2.383,0.35,8.63
LOC013-U01,2026-01-02T15:45:00+00:00,2.7,0.371,9.81
LOC013-U01,2026-01-02T16:00:00+00:00,2.612,0.318,9.37
LOC013-U01,2026-01-02T16:15:00+00:00,2.695,0.339,11.29
LOC013-U01,2026-01-02T16:30:00+00:00,2.073,0.228,6.68
LOC013-U01,2026-01-02T16:45:00+00:00,0.75,0.296,10.35
LOC013-U01,2026-01-02T17:00:00+00:00,2.55,0.265,9.54
LOC013-U01,2026-01-02T17:15:00+00:00,1.867,0.339,9.91
LOC013-U01,2026-01-02T17:30:00+00:00,2.215,0.325,9.52
LOC013-U01,2026-01-02T17:45:00+00:00,2.301,0.262,10.4
LOC013-U01,2026-01-02T18:00:00+00:00,1.401,0.286,9.66
LOC013-U01,2026-01-02T18:15:00+00:00,2.148,0.266,10.08
LOC013-U01,2026-01-02T18:30:00+00:00,1.791,0.28,8.06
LOC013-U01,2026-01-02T18:45:00+00:00,1.538,0.268,10.77
LOC013-U01,2026-01-02T19:00:00+00:00,1.931,0.351,7.4
LOC013-U01,2026-01-02T19:15:00+00:00,2.375,0.241,11.15
LOC013-U01,2026-01-02T19:30:00+00:00,1.572,0.281,7.96
LOC013-U01,2026-01-02T19:45:00+00:00,2.791,0.296,7.2
LOC013-U01,2026-01-02T20:00:00+00:00,2.699,0.244,8.63
LOC013-U01,2026-01-02T20:15:00+00:00,2.234,0.237,6.63
LOC013-U01,2026-01-02T20:30:00+00:00,2.136,0.303,8.99
LOC013-U01,2026-01-02T20:45:00+00:00,2.056,0.258,7.94
LOC013-U01,2026-01-02T21:00:00+00:00,1.822,0.253,8.42
LOC013-U01,2026-01-02T21:15:00+00:00,1.806,0.331,8.39
LOC013-U01,2026-01-02T21:30:00+00:00,1.648,0.286,6.54
LOC013-U01,2026-01-02T21:45:00+00:00,1.12,0.245,7.39
LOC013-U01,2026-01-02T22:00:00+00:00,1.358,0.296,9.34
LOC013-U01,2026-01-02T22:15:00+00:00,2.188,0.363,8.52
LOC013-U01,2026-01-02T22:30:00+00:00,1.861,0.299,7.92
LOC013-U01,2026-01-02T22:45:00+00:00,1.665,0.271,9.06
LOC013-U01,2026-01-02T23:00:00+00:00,2.099,0.285,8.7
LOC013-U01,2026-01-02T23:15:00+00:00,1.842,0.321,6.74
LOC013-U01,2026-01-02T23:30:00+00:00,2.844,0.372,9.92
LOC013-U01,2026-01-02T23:45:00+00:00,2.953,0.356,7.51
LOC013-U01,2026-01-03T00:00:00+00:00,2.551,0.362,11.07
LOC013-U01,2026-01-03T00:15:00+00:00,1.572,0.292,9.14
LOC013-U01,2026-01-03T00:30:00+00:00,2.494,0.318,9.45
LOC013-U01,2026-01-03T00:45:00+00:00,1.667,0.233,6.89
LOC013-U01,2026-01-03T01:00:00+00:00,2.14,0.333,10.29
LOC013-U01,2026-01-03T01:15:00+00:00,2.942,0.253,11.71
LOC013-U01,2026-01-03T01:30:00+00:00,2.545,0.285,9.64
LOC013-U01,2026-01-03T01:45:00+00:00,1.432,0.273,10.04
LOC013-U01,2026-01-03T02:00:00+00:00,2.358,0.335,7.88
LOC013-U01,2026-01-03T02:15:00+00:00,1.878,0.243,10.45
LOC013-U01,2026-01-03T02:30:00+00:00,1.904,0.23,9.66
LOC013-U01,2026-01-03T02:45:00+00:00,2.533,0.359,7.25
LOC013-U01,2026-01-03T03:00:00+00:00,1.318,0.292,7.38
LOC013-U01,2026-01-03T03:15:00+00:00,2.363,0.372,9.73
LOC013-U01,2026-01-03T03:30:00+00:00,2.366,0.222,10.87
LOC013-U01,2026-01-03T03:45:00+00:00,3.193,0.249,8.76
LOC013-U02,2026-01-02T10:00:00+00:00,1.974,0.287,9.05
LOC013-U02,2026-01-02T10:15:00+00:00,2.098,0.313,7.24
LOC013-U02,2026-01-02T10:30:00+00:00,1.75,0.341,7.68
LOC013-U02,2026-01-02T10:45:00+00:00,2.605,0.332,8.14
LOC013-U02,2026-01-02T11:00:00+00:00,2.743,0.346,10.73
LOC013-U02,2026-01-02T11:15:00+00:00,2.663,0.246,8.57
LOC013-U02,2026-01-02T11:30:00+00:00,2.425,0.241,8.86
LOC013-U02,2026-01-02T11:45:00+00:00,1.953,0.362,9.62
LOC013-U02,2026-01-02T12:00:00+00:00,1.658,0.319,8.91
LOC013-U02,2026-01-02T12:15:00+00:00,1.812,0.295,11.42
LOC013-U02,2026-01-02T12:30:00+00:00,2.619,0.289,9.4
LOC013-U02,2026-01-02T12:45:00+00:00,2.605,0.319,9.43
LOC013-U02,2026-01-02T13:00:00+00:00,1.997,0.331,11.64
LOC013-U02,2026-01-02T13:15:00+00:00,2.447,0.344,10.47
LOC013-U02,2026-01-02T13:30:00+00:00,1.843,0.296,8.79
LOC013-U02,2026-01-02T13:45:00+00:00,0.607,0.233,9.25
LOC013-U02,2026-01-02T14:00:00+00:00,1.932,0.242,8.55
LOC013-U02,2026-01-02T14:15:00+00:00,2.217,0.234,8.62
LOC013-U02,2026-01-02T14:30:00+00:00,1.192,0.279,6.69
LOC013-U02,2026-01-02T14:45:00+00:00,2.1,0.234,11.07
LOC013-U02,2026-01-02T15:00:00+00:00,1.549,0.344,7.77
LOC013-U02,2026-01-02T15:15:00+00:00,2.39,0.352,10.65
LOC013-U02,2026-01-02T15:30:00+00:00,2.451,0.334,10.35
LOC013-U02,2026-01-02T15:45:00+00:00,1.941,0.282,11.45
LOC013-U02,2026-01-02T16:00:00+00:00,2.4,0.297,11.02
LOC013-U02,2026-01-02T16:15:00+00:00,2.385,0.302,10.29
LOC013-U02,2026-01-02T16:30:00+00:00,1.683,0.32,7.4
LOC013-U02,2026-01-02T16:45:00+00:00,1.628,0.265,7.89
LOC013-U02,2026-01-02T17:00:00+00:00,1.541,0.265,9.13
LOC013-U02,2026-01-02T17:15:00+00:00,2.683,0.289,11.59
LOC013-U02,2026-01-02T17:30:00+00:00,2.32,0.376,10.35
LOC013-U02,2026-01-02T17:45:00+00:00,1.796,0.323,11.49
LOC013-U02,2026-01-02T18:00:00+00:00,2.132,0.337,7.96
LOC013-U02,2026-01-02T18:15:00+00:00,2.633,0.282,7.71
LOC013-U02,2026-01-02T18:30:00+00:00,2.814,0.361,10.72
LOC013-U02,2026-01-02T18:45:00+00:00,1.699,0.369,7.97
LOC013-U02,2026-01-02T19:00:00+00:00,1.453,0.348,6.65
LOC013-U02,2026-01-02T19:15:00+00:00,1.7,0.306,8.31
LOC013-U02,2026-01-02T19:30:00+00:00,1.835,0.227,9.69
LOC013-U02,2026-01-02T19:45:00+00:00,1.49,0.349,10.33
LOC013-U02,2026-01-02T20:00:00+00:00,2.846,0.279,9.46
LOC013-U02,2026-01-02T20:15:00+00:00,3.014,0.288,9.72
LOC013-U02,2026-01-02T20:30:00+00:00,2.529,0.249,10.81
LOC013-U02,2026-01-02T20:45:00+00:00,1.366,0.357,7.68
LOC013-U02,2026-01-02T21:00:00+00:00,1.925,0.309,9.53
LOC013-U02,2026-01-02T21:15:00+00:00,2.794,0.285,8.74
LOC013-U02,2026-01-02T21:30:00+00:00,1.493,0.311,10.99
LOC013-U02,2026-01-02T21:45:00+00:00,2.413,0.317,7.57
LOC013-U02,2026-01-02T22:00:00+00:00,2.92,0.226,8.09
LOC013-U02,2026-01-02T22:15:00+00:00,1.977,0.226,8.5
LOC013-U02,2026-01-02T22:30:00+00:00,2.319,0.273,7.54
LOC013-U02,2026-01-02T22:45:00+00:00,1.814,0.373,8.55
LOC013-U02,2026-01-02T23:00:00+00:00,1.313,0.286,10.61
LOC013-U02,2026-01-02T23:15:00+00:00,2.602,0.309,6.98
LOC013-U02,2026-01-02T23:30:00+00:00,2.331,0.378,10.15
LOC013-U02,2026-01-02T23:45:00+00:00,3.119,0.246,11.36
LOC013-U02,2026-01-03T00:00:00+00:00,2.532,0.306,10.27
LOC013-U02,2026-01-03T00:15:00+00:00,2.622,0.357,11.83
LOC013-U02,2026-01-03T00:30:00+00:00,2.237,0.238,8.5
LOC013-U02,2026-01-03T00:45:00+00:00,2.342,0.326,11.53
LOC013-U02,2026-01-03T01:00:00+00:00,3.101,0.352,11.99
LOC013-U02,2026-01-03T01:15:00+00:00,2.087,0.28,10.13
LOC013-U02,2026-01-03T01:30:00+00:00,2.821,0.296,7.43
LOC013-U02,2026-01-03T01:45:00+00:00,2.687,0.362,10.31
LOC013-U02,2026-01-03T02:00:00+00:00,3.479,0.308,9.9
LOC013-U02,2026-01-03T02:15:00+00:00,1.964,0.354,10.52
LOC013-U02,2026-01-03T02:30:00+00:00,1.727,0.369,9.16
LOC013-U02,2026-01-03T02:45:00+00:00,2.084,0.271,9.25
LOC013-U02,2026-01-03T03:00:00+00:00,1.812,0.342,8.66
LOC013-U02,2026-01-03T03:15:00+00:00,1.243,0.316,9.91
LOC013-U02,2026-01-03T03:30:00+00:00,2.228,0.244,11.15
LOC013-U02,2026-01-03T03:45:00+00:00,2.105,0.364,9.99
LOC038-U01,2026-01-02T10:00:00+00:00,1.341,0.289,6.39
LOC038-U01,2026-01-02T10:15:00+00:00,2.983,0.267,9.58
LOC038-U01,2026-01-02T10:30:00+00:00,1.563,0.329,10.04
LOC038-U01,2026-01-02T10:45:00+00:00,2.901,0.344,11.23
LOC038-U01,2026-01-02T11:00:00+00:00,2.066,0.297,9.67
LOC038-U01,2026-01-02T11:15:00+00:00,2.13,0.307,7.55
LOC038-U01,2026-01-02T11:30:00+00:00,1.45,0.379,11.1
LOC038-U01,2026-01-02T11:45:00+00:00,2.502,0.282,9.03
LOC038-U01,2026-01-02T12:00:00+00:00,2.577,0.225,6.87
LOC038-U01,2026-01-02T12:15:00+00:00,2.394,0.272,8.6
LOC038-U01,2026-01-02T12:30:00+00:00,1.92,0.281,11.45
LOC038-U01,2026-01-02T12:45:00+00:00,2.635,0.315,9.67
LOC038-U01,2026-01-02T13:00:00+00:00,2.12,0.312,11.3
LOC038-U01,2026-01-02T13:15:00+00:00,2.745,0.271,8.73
LOC038-U01,2026-01-02T13:30:00+00:00,1.059,0.246,7.51
LOC038-U01,2026-01-02T13:45:00+00:00,2.069,0.339,11.01
LOC038-U01,2026-01-02T14:00:00+00:00,2.573,0.276,7.74
LOC038-U01,2026-01-02T14:15:00+00:00,1.847,0.284,6.75
LOC038-U01,2026-01-02T14:30:00+00:00,2.516,0.226,10.43
LOC038-U01,2026-01-02T14:45:00+00:00,2.84,0.356,11.1
LOC038-U01,2026-01-02T15:00:00+00:00,2.816,0.226,9.28
LOC038-U01,2026-01-02T15:15:00+00:00,2.471,0.31,8.27
LOC038-U01,2026-01-02T15:30:00+00:00,1.166,0.267,8.55
LOC038-U01,2026-01-02T15:45:00+00:00,1.677,0.315,9.67
LOC038-U01,2026-01-02T16:00:00+00:00,1.996,0.273,9.73
LOC038-U01,2026-01-02T16:15:00+00:00,2.616,0.316,6.83
LOC038-U01,2026-01-02T16:30:00+00:00,1.712,0.232,8.09
LOC038-U01,2026-01-02T16:45:00+00:00,2.151,0.319,7.54
LOC038-U01,2026-01-02T17:00:00+00:00,2.218,0.235,10.29
LOC038-U01,2026-01-02T17:15:00+00:00,2.787,0.228,7.27
LOC038-U01,2026-01-02T17:30:00+00:00,1.826,0.375,11.3
LOC038-U01,2026-01-02T17:45:00+00:00,1.63,0.313,9.86
LOC038-U01,2026-01-02T18:00:00+00:00,1.655,0.352,8.54
LOC038-U01,2026-01-02T18:15:00+00:00,1.839,0.308,10.99
LOC038-U01,2026-01-02T18:30:00+00:00,2.061,0.31,10.09
LOC038-U01,2026-01-02T18:45:00+00:00,2.976,0.252,7.36
LOC038-U01,2026-01-02T19:00:00+00:00,1.924,0.35,9.44
LOC038-U01,2026-01-02T19:15:00+00:00,1.496,0.362,7.74
LOC038-U01,2026-01-02T19:30:00+00:00,2.575,0.289,9.92
LOC038-U01,2026-01-02T19:45:00+00:00,1.528,0.345,9.17
LOC038-U01,2026-01-02T20:00:00+00:00,2.342,0.32,8.12
LOC038-U01,2026-01-02T20:15:00+00:00,2.466,0.263,9.54
LOC038-U01,2026-01-02T20:30:00+00:00,1.893,0.305,11.56
LOC038-U01,2026-01-02T20:45:00+00:00,1.934,0.322,11.09
LOC038-U01,2026-01-02T21:00:00+00:00,2.993,0.279,9.9
LOC038-U01,2026-01-02T21:15:00+00:00,2.373,0.294,7.75
LOC038-U01,2026-01-02T21:30:00+00:00,1.988,0.312,8.38
LOC038-U01,2026-01-02T21:45:00+00:00,2.1,0.25,8.18
LOC038-U01,2026-01-02T22:00:00+00:00,2.158,0.247,8.47
LOC038-U01,2026-01-02T22:15:00+00:00,1.106,0.326,11.32
LOC038-U01,2026-01-02T22:30:00+00:00,1.751,0.238,10.12
LOC038-U01,2026-01-02T22:45:00+00:00,3.012,0.283,9.65
LOC038-U01,2026-01-02T23:00:00+00:00,2.14,0.371,7.04
LOC038-U01,2026-01-02T23:15:00+00:00,2.357,0.313,8.77
LOC038-U01,2026-01-02T23:30:00+00:00,2.066,0.252,9.64
LOC038-U01,2026-01-02T23:45:00+00:00,1.833,0.332,9.57
LOC038-U01,2026-01-03T00:00:00+00:00,2.028,0.279,8.06
LOC038-U01,2026-01-03T00:15:00+00:00,2.074,0.279,11.35
LOC038-U01,2026-01-03T00:30:00+00:00,1.845,0.237,6.92
LOC038-U01,2026-01-03T00:45:00+00:00,1.159,0.318,9.41
LOC038-U01,2026-01-03T01:00:00+00:00,2.966,0.344,9.88
LOC038-U01,2026-01-03T01:15:00+00:00,2.378,0.307,11.21
LOC038-U01,2026-01-03T01:30:00+00:00,2.518,0.38,10.22
LOC038-U01,2026-01-03T01:45:00+00:00,2.64,0.374,11.59
LOC038-U01,2026-01-03T02:00:00+00:00,1.917,0.377,10.59
LOC038-U01,2026-01-03T02:15:00+00:00,2.519,0.25,10.63
LOC038-U01,2026-01-03T02:30:00+00:00,2.136,0.234,7.29
LOC038-U01,2026-01-03T02:45:00+00:00,2.04,0.243,7.04
LOC038-U01,2026-01-03T03:00:00+00:00,1.295,0.344,10.26
LOC038-U01,2026-01-03T03:15:00+00:00,2.122,0.253,7.66
LOC038-U01,2026-01-03T03:30:00+00:00,1.986,0.367,11.17
LOC038-U01,2026-01-03T03:45:00+00:00,1.73,0.362,10.61
LOC008-U02,2026-01-02T10:00:00+00:00,2.362,0.331,7.74
LOC008-U02,2026-01-02T10:15:00+00:00,2.325,0.304,9.15
LOC008-U02,2026-01-02T10:30:00+00:00,2.65,0.246,10.96
LOC008-U02,2026-01-02T10:45:00+00:00,2.235,0.362,8.17
LOC008-U02,2026-01-02T11:00:00+00:00,2.652,0.323,11.55
LOC008-U02,2026-01-02T11:15:00+00:00,1.868,0.264,8.6
LOC008-U02,2026-01-02T11:30:00+00:00,1.549,0.264,9.71
LOC008-U02,2026-01-02T11:45:00+00:00,2.462,0.342,8.31
LOC008-U02,2026-01-02T12:00:00+00:00,1.634,0.273,8.84
LOC008-U02,2026-01-02T12:15:00+00:00,1.722,0.331,10.98
LOC008-U02,2026-01-02T12:30:00+00:00,2.203,0.353,7.5
LOC008-U02,2026-01-02T12:45:00+00:00,2.684,0.292,11.36
LOC008-U02,2026-01-02T13:00:00+00:00,2.496,0.375,10.52
LOC008-U02,2026-01-02T13:15:00+00:00,2.198,0.363,10.58
LOC008-U02,2026-01-02T13:30:00+00:00,2.202,0.223,7.61
LOC008-U02,2026-01-02T13:45:00+00:00,1.694,0.323,10.5
LOC008-U02,2026-01-02T14:00:00+00:00,1.785,0.326,11.24
LOC008-U02,2026-01-02T14:15:00+00:00,1.61,0.24,7.34
LOC008-U02,2026-01-02T14:30:00+00:00,1.902,0.222,8.45
LOC008-U02,2026-01-02T14:45:00+00:00,2.559,0.236,8.83
LOC008-U02,2026-01-02T15:00:00+00:00,2.921,0.346,9.5
LOC008-U02,2026-01-02T15:15:00+00:00,1.341,0.236,9.42
LOC008-U02,2026-01-02T15:30:00+00:00,1.75,0.349,11.03
LOC008-U02,2026-01-02T15:45:00+00:00,1.567,0.274,9.85
LOC008-U02,2026-01-02T16:00:00+00:00,1.529,0.331,8.6
LOC008-U02,2026-01-02T16:15:00+00:00,1.698,0.371,9.69
LOC008-U02,2026-01-02T16:30:00+00:00,1.45,0.331,7.99
LOC008-U02,2026-01-02T16:45:00+00:00,2.131,0.26,8.48
LOC008-U02,2026-01-02T17:00:00+00:00,2.564,0.281,11.21
LOC008-U02,2026-01-02T17:15:00+00:00,2.37,0.369,10.09
LOC008-U02,2026-01-02T17:30:00+00:00,2.125,0.353,6.86
LOC008-U02,2026-01-02T17:45:00+00:00,2.247,0.312,7.42
LOC008-U02,2026-01-02T18:00:00+00:00,1.618,0.291,7.89
LOC008-U02,2026-01-02T18:15:00+00:00,1.516,0.375,8.69
LOC008-U02,2026-01-02T18:30:00+00:00,2.348,0.333,9.93
LOC008-U02,2026-01-02T18:45:00+00:00,2.064,0.367,10.97
LOC008-U02,2026-01-02T19:00:00+00:00,1.613,0.357,10.58
LOC008-U02,2026-01-02T19:15:00+00:00,2.822,0.241,9.99
LOC008-U02,2026-01-02T19:30:00+00:00,1.471,0.354,6.83
LOC008-U02,2026-01-02T19:45:00+00:00,2.91,0.316,7.56
LOC008-U02,2026-01-02T20:00:00+00:00,2.413,0.239,11.24
LOC008-U02,2026-01-02T20:15:00+00:00,0.851,0.228,8.25
LOC008-U02,2026-01-02T20:30:00+00:00,2.371,0.272,7.81
LOC008-U02,2026-01-02T20:45:00+00:00,2.802,0.272,9.24
LOC008-U02,2026-01-02T21:00:00+00:00,2.136,0.298,11.43
LOC008-U02,2026-01-02T21:15:00+00:00,2.254,0.298,9.17
LOC008-U02,2026-01-02T21:30:00+00:00,2.412,0.23,9.19
LOC008-U02,2026-01-02T21:45:00+00:00,1.383,0.311,10.06
LOC008-U02,2026-01-02T22:00:00+00:00,1.839,0.25,7.55
LOC008-U02,2026-01-02T22:15:00+00:00,1.358,0.232,8.09
LOC008-U02,2026-01-02T22:30:00+00:00,1.523,0.327,7.86
LOC008-U02,2026-01-02T22:45:00+00:00,2.245,0.349,7.94
LOC008-U02,2026-01-02T23:00:00+00:00,1.901,0.357,8.46
LOC008-U02,2026-01-02T23:15:00+00:00,2.852,0.367,7.38
LOC008-U02,2026-01-02T23:30:00+00:00,2.135,0.347,7.52
LOC008-U02,2026-01-02T23:45:00+00:00,2.093,0.328,7.11
LOC008-U02,2026-01-03T00:00:00+00:00,1.456,0.304,8.13
LOC008-U02,2026-01-03T00:15:00+00:00,2.188,0.261,10.08
LOC008-U02,2026-01-03T00:30:00+00:00,1.979,0.229,10.27
LOC008-U02,2026-01-03T00:45:00+00:00,1.988,0.375,6.8
LOC008-U02,2026-01-03T01:00:00+00:00,2.026,0.36,7.47
LOC008-U02,2026-01-03T01:15:00+00:00,2.791,0.287,7.89
LOC008-U02,2026-01-03T01:30:00+00:00,2.036,0.28,6.68
LOC008-U02,2026-01-03T01:45:00+00:00,2.353,0.331,11.69
LOC008-U02,2026-01-03T02:00:00+00:00,1.449,0.244,6.62
LOC008-U02,2026-01-03T02:15:00+00:00,2.605,0.308,9.23
LOC008-U02,2026-01-03T02:30:00+00:00,2.015,0.347,10.86
LOC008-U02,2026-01-03T02:45:00+00:00,1.545,0.291,8.06
LOC008-U02,2026-01-03T03:00:00+00:00,2.569,0.356,8.36
LOC008-U02,2026-01-03T03:15:00+00:00,1.813,0.367,8.54
LOC008-U02,2026-01-03T03:30:00+00:00,2.932,0.343,7.58
LOC008-U02,2026-01-03T03:45:00+00:00,1.621,0.254,9.74
LOC014-U01,2026-01-02T10:00:00+00:00,2.059,0.254,10.25
LOC014-U01,2026-01-02T10:15:00+00:00,1.485,0.231,6.91
LOC014-U01,2026-01-02T10:30:00+00:00,2.535,0.228,11.22
LOC014-U01,2026-01-02T10:45:00+00:00,2.462,0.277,9.15
LOC014-U01,2026-01-02T11:00:00+00:00,1.453,0.324,10.13
LOC014-U01,2026-01-02T11:15:00+00:00,2.945,0.357,11.82
LOC014-U01,2026-01-02T11:30:00+00:00,1.839,0.284,9.03
LOC014-U01,2026-01-02T11:45:00+00:00,2.947,0.319,10.11
LOC014-U01,2026-01-02T12:00:00+00:00,1.754,0.347,10.65
LOC014-U01,2026-01-02T12:15:00+00:00,2.728,0.234,11.36
LOC014-U01,2026-01-02T12:30:00+00:00,2.069,0.272,11.09
LOC014-U01,2026-01-02T12:45:00+00:00,1.72,0.335,7.5
LOC014-U01,2026-01-02T13:00:00+00:00,1.178,0.304,9.28
LOC014-U01,2026-01-02T13:15:00+00:00,2.345,0.363,7.18
LOC014-U01,2026-01-02T13:30:00+00:00,2.475,0.291,8.77
LOC014-U01,2026-01-02T13:45:00+00:00,2.548,0.341,8.27
LOC014-U01,2026-01-02T14:00:00+00:00,2.497,0.376,8.82
LOC014-U01,2026-01-02T14:15:00+00:00,2.443,0.338,8.8
LOC014-U01,2026-01-02T14:30:00+00:00,1.577,0.301,9.34
LOC014-U01,2026-01-02T14:45:00+00:00,2.356,0.339,9.94
LOC014-U01,2026-01-02T15:00:00+00:00,2.063,0.265,10.86
LOC014-U01,2026-01-02T15:15:00+00:00,2.714,0.221,8.87
LOC014-U01,2026-01-02T15:30:00+00:00,2.103,0.368,11.57
LOC014-U01,2026-01-02T15:45:00+00:00,2.641,0.294,9.69
LOC014-U01,2026-01-02T16:00:00+00:00,2.6,0.352,7.95
LOC014-U01,2026-01-02T16:15:00+00:00,1.469,0.303,11.02
LOC014-U01,2026-01-02T16:30:00+00:00,2.198,0.378,10.21
LOC014-U01,2026-01-02T16:45:00+00:00,2.65,0.29,7.56
LOC014-U01,2026-01-02T17:00:00+00:00,2.004,0.257,9.05
LOC014-U01,2026-01-02T17:15:00+00:00,2.726,0.23,7.83
LOC014-U01,2026-01-02T17:30:00+00:00,1.601,0.281,8.0
LOC014-U01,2026-01-02T17:45:00+00:00,1.737,0.324,10.51
LOC014-U01,2026-01-02T18:00:00+00:00,2.512,0.357,11.77
LOC014-U01,2026-01-02T18:15:00+00:00,2.221,0.338,6.93
LOC014-U01,2026-01-02T18:30:00+00:00,1.037,0.38,8.08
LOC014-U01,2026-01-02T18:45:00+00:00,1.846,0.242,9.5
LOC014-U01,2026-01-02T19:00:00+00:00,2.139,0.351,9.13
LOC014-U01,2026-01-02T19:15:00+00:00,1.742,0.233,8.19
LOC014-U01,2026-01-02T19:30:00+00:00,1.861,0.245,8.05
LOC014-U01,2026-01-02T19:45:00+00:00,1.613,0.257,9.3
LOC014-U01,2026-01-02T20:00:00+00:00,1.855,0.352,10.46
LOC014-U01,2026-01-02T20:15:00+00:00,2.369,0.342,11.41
LOC014-U01,2026-01-02T20:30:00+00:00,2.352,0.295,8.57
LOC014-U01,2026-01-02T20:45:00+00:00,2.31,0.315,10.88
LOC014-U01,2026-01-02T21:00:00+00:00,1.884,0.226,7.53
LOC014-U01,2026-01-02T21:15:00+00:00,2.677,0.232,8.06
LOC014-U01,2026-01-02T21:30:00+00:00,2.667,0.282,7.04
LOC014-U01,2026-01-02T21:45:00+00:00,2.379,0.271,7.83
LOC014-U01,2026-01-02T22:00:00+00:00,1.909,0.324,7.69
LOC014-U01,2026-01-02T22:15:00+00:00,1.548,0.354,9.46
LOC014-U01,2026-01-02T22:30:00+00:00,1.535,0.252,9.31
LOC014-U01,2026-01-02T22:45:00+00:00,2.008,0.265,6.9
LOC014-U01,2026-01-02T23:00:00+00:00,2.115,0.237,9.0
LOC014-U01,2026-01-02T23:15:00+00:00,2.8,0.253,11.07
LOC014-U01,2026-01-02T23:30:00+00:00,1.954,0.377,7.3
LOC014-U01,2026-01-02T23:45:00+00:00,2.427,0.334,9.55
LOC014-U01,2026-01-03T00:00:00+00:00,2.536,0.247,7.5
LOC014-U01,2026-01-03T00:15:00+00:00,1.864,0.356,9.5
LOC014-U01,2026-01-03T00:30:00+00:00,2.069,0.282,9.91
LOC014-U01,2026-01-03T00:45:00+00:00,2.129,0.252,11.12
LOC014-U01,2026-01-03T01:00:00+00:00,3.222,0.353,11.51
LOC014-U01,2026-01-03T01:15:00+00:00,2.685,0.258,9.48
LOC014-U01,2026-01-03T01:30:00+00:00,2.863,0.378,7.93
LOC014-U01,2026-01-03T01:45:00+00:00,2.378,0.308,10.46
LOC014-U01,2026-01-03T02:00:00+00:00,2.047,0.333,11.06
LOC014-U01,2026-01-03T02:15:00+00:00,1.972,0.33,10.89
LOC014-U01,2026-01-03T02:30:00+00:00,1.714,0.247,10.9
LOC014-U01,2026-01-03T02:45:00+00:00,2.337,0.376,10.89
LOC014-U01,2026-01-03T03:00:00+00:00,2.047,0.316,11.58
LOC014-U01,2026-01-03T03:15:00+00:00,2.332,0.254,7.55
LOC014-U01,2026-01-03T03:30:00+00:00,2.405,0.279,9.38
LOC014-U01,2026-01-03T03:45:00+00:00,1.512,0.357,7.32
LOC009-U02,2026-01-02T10:00:00+00:00,2.317,0.302,8.48
LOC009-U02,2026-01-02T10:15:00+00:00,1.787,0.229,8.77
LOC009-U02,2026-01-02T10:30:00+00:00,1.448,0.24,9.21
LOC009-U02,2026-01-02T10:45:00+00:00,2.473,0.33,9.11
LOC009-U02,2026-01-02T11:00:00+00:00,2.336,0.25,10.51
LOC009-U02,2026-01-02T11:15:00+00:00,1.963,0.282,9.84
LOC009-U02,2026-01-02T11:30:00+00:00,2.337,0.246,8.15
LOC009-U02,2026-01-02T11:45:00+00:00,1.776,0.313,7.43
LOC009-U02,2026-01-02T12:00:00+00:00,2.353,0.224,9.21
LOC009-U02,2026-01-02T12:15:00+00:00,2.322,0.283,9.76
LOC009-U02,2026-01-02T12:30:00+00:00,1.917,0.252,8.82
LOC009-U02,2026-01-02T12:45:00+00:00,2.569,0.378,7.08
LOC009-U02,2026-01-02T13:00:00+00:00,2.793,0.269,11.55
LOC009-U02,2026-01-02T13:15:00+00:00,1.61,0.306,10.31
LOC009-U02,2026-01-02T13:30:00+00:00,2.548,0.344,8.31
LOC009-U02,2026-01-02T13:45:00+00:00,1.611,0.372,6.99
LOC009-U02,2026-01-02T14:00:00+00:00,2.265,0.319,10.91
LOC009-U02,2026-01-02T14:15:00+00:00,1.959,0.3,10.3
LOC009-U02,2026-01-02T14:30:00+00:00,2.124,0.261,11.39
LOC009-U02,2026-01-02T14:45:00+00:00,0.941,0.242,10.32
LOC009-U02,2026-01-02T15:00:00+00:00,2.501,0.373,9.53
LOC009-U02,2026-01-02T15:15:00+00:00,1.838,0.241,9.25
LOC009-U02,2026-01-02T15:30:00+00:00,1.594,0.28,6.52
LOC009-U02,2026-01-02T15:45:00+00:00,2.483,0.271,10.35
LOC009-U02,2026-01-02T16:00:00+00:00,1.821,0.293,11.49
LOC009-U02,2026-01-02T16:15:00+00:00,1.005,0.269,6.93
LOC009-U02,2026-01-02T16:30:00+00:00,2.186,0.337,7.6
LOC009-U02,2026-01-02T16:45:00+00:00,1.347,0.245,10.08
LOC009-U02,2026-01-02T17:00:00+00:00,1.696,0.313,7.92
LOC009-U02,2026-01-02T17:15:00+00:00,1.654,0.269,6.56
LOC009-U02,2026-01-02T17:30:00+00:00,1.939,0.333,9.64
LOC009-U02,2026-01-02T17:45:00+00:00,2.234,0.241,10.77
LOC009-U02,2026-01-02T18:00:00+00:00,2.46,0.236,9.22
LOC009-U02,2026-01-02T18:15:00+00:00,2.381,0.357,10.85
LOC009-U02,2026-01-02T18:30:00+00:00,1.761,0.226,7.33
LOC009-U02,2026-01-02T18:45:00+00:00,1.712,0.224,7.31
LOC009-U02,2026-01-02T19:00:00+00:00,1.919,0.24,8.81
LOC009-U02,2026-01-02T19:15:00+00:00,2.691,0.296,7.76
LOC009-U02,2026-01-02T19:30:00+00:00,1.317,0.364,11.07
LOC009-U02,2026-01-02T19:45:00+00:00,2.553,0.336,7.62
LOC009-U02,2026-01-02T20:00:00+00:00,2.513,0.292,9.96
LOC009-U02,2026-01-02T20:15:00+00:00,2.238,0.238,9.15
LOC009-U02,2026-01-02T20:30:00+00:00,1.025,0.358,9.41
LOC009-U02,2026-01-02T20:45:00+00:00,1.687,0.269,10.38
LOC009-U02,2026-01-02T21:00:00+00:00,1.799,0.283,7.48
LOC009-U02,2026-01-02T21:15:00+00:00,2.599,0.24,7.99
LOC009-U02,2026-01-02T21:30:00+00:00,2.487,0.376,9.83
LOC009-U02,2026-01-02T21:45:00+00:00,1.697,0.244,9.55
LOC009-U02,2026-01-02T22:00:00+00:00,2.122,0.272,9.08
LOC009-U02,2026-01-02T22:15:00+00:00,2.177,0.269,8.37
LOC009-U02,2026-01-02T22:30:00+00:00,2.362,0.349,8.19
LOC009-U02,2026-01-02T22:45:00+00:00,1.787,0.362,11.03
LOC009-U02,2026-01-02T23:00:00+00:00,2.547,0.226,8.35
LOC009-U02,2026-01-02T23:15:00+00:00,1.853,0.339,9.71
LOC009-U02,2026-01-02T23:30:00+00:00,1.746,0.299,6.78
LOC009-U02,2026-01-02T23:45:00+00:00,2.22,0.368,11.58
LOC009-U02,2026-01-03T00:00:00+00:00,3.107,0.359,7.42
LOC009-U02,2026-01-03T00:15:00+00:00,2.607,0.251,11.5
LOC009-U02,2026-01-03T00:30:00+00:00,2.644,0.374,10.53
LOC009-U02,2026-01-03T00:45:00+00:00,1.951,0.318,9.33
LOC009-U02,2026-01-03T01:00:00+00:00,1.641,0.322,10.44
LOC009-U02,2026-01-03T01:15:00+00:00,1.796,0.32,10.74
LOC009-U02,2026-01-03T01:30:00+00:00,1.854,0.287,8.32
LOC009-U02,2026-01-03T01:45:00+00:00,1.797,0.347,6.67
LOC009-U02,2026-01-03T02:00:00+00:00,1.958,0.326,8.04
LOC009-U02,2026-01-03T02:15:00+00:00,1.505,0.241,8.28
LOC009-U02,2026-01-03T02:30:00+00:00,1.79,0.299,9.84
LOC009-U02,2026-01-03T02:45:00+00:00,2.883,0.293,11.21
LOC009-U02,2026-01-03T03:00:00+00:00,2.334,0.347,10.65
LOC009-U02,2026-01-03T03:15:00+00:00,1.461,0.331,11.08
LOC009-U02,2026-01-03T03:30:00+00:00,1.803,0.294,7.06
LOC009-U02,2026-01-03T03:45:00+00:00,2.68,0.294,11.29
LOC014-U02,2026-01-02T10:00:00+00:00,2.528,0.375,8.97
LOC014-U02,2026-01-02T10:15:00+00:00,2.267,0.238,10.64
LOC014-U02,2026-01-02T10:30:00+00:00,2.664,0.351,10.06
LOC014-U02,2026-01-02T10:45:00+00:00,1.57,0.29,9.46
LOC014-U02,2026-01-02T11:00:00+00:00,2.516,0.261,7.76
LOC014-U02,2026-01-02T11:15:00+00:00,2.372,0.268,9.73
LOC014-U02,2026-01-02T11:30:00+00:00,1.486,0.328,11.03
LOC014-U02,2026-01-02T11:45:00+00:00,1.924,0.223,8.89
LOC014-U02,2026-01-02T12:00:00+00:00,2.485,0.379,11.46
LOC014-U02,2026-01-02T12:15:00+00:00,1.287,0.376,8.74
LOC014-U02,2026-01-02T12:30:00+00:00,2.469,0.321,8.89
LOC014-U02,2026-01-02T12:45:00+00:00,1.767,0.252,8.55
LOC014-U02,2026-01-02T13:00:00+00:00,1.384,0.341,9.91
LOC014-U02,2026-01-02T13:15:00+00:00,1.908,0.329,11.15
LOC014-U02,2026-01-02T13:30:00+00:00,2.639,0.348,8.79
LOC014-U02,2026-01-02T13:45:00+00:00,1.879,0.364,8.62
LOC014-U02,2026-01-02T14:00:00+00:00,2.504,0.281,9.58
LOC014-U02,2026-01-02T14:15:00+00:00,1.762,0.268,9.63
LOC014-U02,2026-01-02T14:30:00+00:00,2.175,0.337,8.71
LOC014-U02,2026-01-02T14:45:00+00:00,2.647,0.273,6.82
LOC014-U02,2026-01-02T15:00:00+00:00,2.306,0.248,11.33
LOC014-U02,2026-01-02T15:15:00+00:00,3.266,0.296,9.86
LOC014-U02,2026-01-02T15:30:00+00:00,0.773,0.25,7.81
LOC014-U02,2026-01-02T15:45:00+00:00,2.242,0.36,7.86
LOC014-U02,2026-01-02T16:00:00+00:00,1.81,0.27,11.2
LOC014-U02,2026-01-02T16:15:00+00:00,2.399,0.352,9.39
LOC014-U02,2026-01-02T16:30:00+00:00,2.312,0.32,7.68
LOC014-U02,2026-01-02T16:45:00+00:00,2.283,0.358,10.0
LOC014-U02,2026-01-02T17:00:00+00:00,2.324,0.327,9.75
LOC014-U02,2026-01-02T17:15:00+00:00,3.078,0.288,9.81
LOC014-U02,2026-01-02T17:30:00+00:00,1.908,0.351,11.08
LOC014-U02,2026-01-02T17:45:00+00:00,2.41,0.242,8.31
LOC014-U02,2026-01-02T18:00:00+00:00,1.938,0.329,11.2
LOC014-U02,2026-01-02T18:15:00+00:00,1.453,0.287,7.19
LOC014-U02,2026-01-02T18:30:00+00:00,2.488,0.259,6.85
LOC014-U02,2026-01-02T18:45:00+00:00,1.987,0.312,9.11
LOC014-U02,2026-01-02T19:00:00+00:00,1.756,0.228,10.72
LOC014-U02,2026-01-02T19:15:00+00:00,1.935,0.265,10.41
LOC014-U02,2026-01-02T19:30:00+00:00,2.235,0.28,8.19
LOC014-U02,2026-01-02T19:45:00+00:00,2.099,0.234,10.64
LOC014-U02,2026-01-02T20:00:00+00:00,2.077,0.339,9.35
LOC014-U02,2026-01-02T20:15:00+00:00,1.803,0.293,8.61
LOC014-U02,2026-01-02T20:30:00+00:00,1.772,0.36,10.05
LOC014-U02,2026-01-02T20:45:00+00:00,1.164,0.24,8.53
LOC014-U02,2026-01-02T21:00:00+00:00,1.479,0.259,10.91
LOC014-U02,2026-01-02T21:15:00+00:00,2.731,0.287,10.15
LOC014-U02,2026-01-02T21:30:00+00:00,2.004,0.356,8.96
LOC014-U02,2026-01-02T21:45:00+00:00,2.027,0.38,10.12
LOC014-U02,2026-01-02T22:00:00+00:00,1.366,0.339,11.21
LOC014-U02,2026-01-02T22:15:00+00:00,1.177,0.362,11.06
LOC014-U02,2026-01-02T22:30:00+00:00,1.913,0.225,10.98
LOC014-U02,2026-01-02T22:45:00+00:00,1.744,0.375,7.43
LOC014-U02,2026-01-02T23:00:00+00:00,1.852,0.35,7.74
LOC014-U02,2026-01-02T23:15:00+00:00,2.882,0.346,10.81
LOC014-U02,2026-01-02T23:30:00+00:00,2.353,0.226,10.73
LOC014-U02,2026-01-02T23:45:00+00:00,2.287,0.244,11.15
LOC014-U02,2026-01-03T00:00:00+00:00,2.464,0.262,7.02
LOC014-U02,2026-01-03T00:15:00+00:00,1.673,0.378,8.58
LOC014-U02,2026-01-03T00:30:00+00:00,2.259,0.34,10.25
LOC014-U02,2026-01-03T00:45:00+00:00,2.407,0.328,8.1
LOC014-U02,2026-01-03T01:00:00+00:00,3.135,0.362,10.53
LOC014-U02,2026-01-03T01:15:00+00:00,2.039,0.355,8.45
LOC014-U02,2026-01-03T01:30:00+00:00,2.022,0.319,7.89
LOC014-U02,2026-01-03T01:45:00+00:00,2.248,0.344,10.71
LOC014-U02,2026-01-03T02:00:00+00:00,1.582,0.349,6.68
LOC014-U02,2026-01-03T02:15:00+00:00,1.523,0.371,9.88
LOC014-U02,2026-01-03T02:30:00+00:00,1.678,0.355,7.87
LOC014-U02,2026-01-03T02:45:00+00:00,2.468,0.235,7.08
LOC014-U02,2026-01-03T03:00:00+00:00,2.059,0.37,10.19
LOC014-U02,2026-01-03T03:15:00+00:00,1.836,0.315,6.98
LOC014-U02,2026-01-03T03:30:00+00:00,1.673,0.371,9.96
LOC014-U02,2026-01-03T03:45:00+00:00,1.644,0.297,9.19
LOC022-U02,2026-01-02T10:00:00+00:00,1.995,0.256,6.92
LOC022-U02,2026-01-02T10:15:00+00:00,2.038,0.337,10.95
LOC022-U02,2026-01-02T10:30:00+00:00,1.735,0.315,7.82
LOC022-U02,2026-01-02T10:45:00+00:00,3.056,0.36,7.12
LOC022-U02,2026-01-02T11:00:00+00:00,2.674,0.356,8.73
LOC022-U02,2026-01-02T11:15:00+00:00,2.34,0.285,11.32
LOC022-U02,2026-01-02T11:30:00+00:00,1.953,0.229,10.75
LOC022-U02,2026-01-02T11:45:00+00:00,2.243,0.344,7.86
LOC022-U02,2026-01-02T12:00:00+00:00,1.611,0.266,10.7
LOC022-U02,2026-01-02T12:15:00+00:00,2.168,0.316,11.42
LOC022-U02,2026-01-02T12:30:00+00:00,1.508,0.229,8.57
LOC022-U02,2026-01-02T12:45:00+00:00,2.344,0.378,7.33
LOC022-U02,2026-01-02T13:00:00+00:00,1.934,0.246,7.23
LOC022-U02,2026-01-02T13:15:00+00:00,2.078,0.34,7.85
LOC022-U02,2026-01-02T13:30:00+00:00,2.018,0.319,8.32
LOC022-U02,2026-01-02T13:45:00+00:00,1.945,0.361,11.59
LOC022-U02,2026-01-02T14:00:00+00:00,2.275,0.269,9.4
LOC022-U02,2026-01-02T14:15:00+00:00,2.399,0.278,11.1
LOC022-U02,2026-01-02T14:30:00+00:00,1.348,0.307,7.48
LOC022-U02,2026-01-02T14:45:00+00:00,2.6,0.239,9.77
LOC022-U02,2026-01-02T15:00:00+00:00,2.742,0.366,11.64
LOC022-U02,2026-01-02T15:15:00+00:00,1.262,0.246,6.5
LOC022-U02,2026-01-02T15:30:00+00:00,2.486,0.268,8.37
LOC022-U02,2026-01-02T15:45:00+00:00,2.045,0.341,11.01
LOC022-U02,2026-01-02T16:00:00+00:00,2.41,0.262,11.05
LOC022-U02,2026-01-02T16:15:00+00:00,1.756,0.246,11.01
LOC022-U02,2026-01-02T16:30:00+00:00,2.864,0.276,7.14
LOC022-U02,2026-01-02T16:45:00+00:00,3.049,0.288,8.27
LOC022-U02,2026-01-02T17:00:00+00:00,1.96,0.252,9.0
LOC022-U02,2026-01-02T17:15:00+00:00,1.763,0.223,6.44
LOC022-U02,2026-01-02T17:30:00+00:00,2.575,0.314,9.28
LOC022-U02,2026-01-02T17:45:00+00:00,1.966,0.34,9.37
LOC022-U02,2026-01-02T18:00:00+00:00,1.795,0.249,9.49
LOC022-U02,2026-01-02T18:15:00+00:00,1.911,0.255,8.69
LOC022-U02,2026-01-02T18:30:00+00:00,1.706,0.32,9.01
LOC022-U02,2026-01-02T18:45:00+00:00,2.404,0.314,11.67
LOC022-U02,2026-01-02T19:00:00+00:00,2.58,0.251,10.65
LOC022-U02,2026-01-02T19:15:00+00:00,1.66,0.364,8.33
LOC022-U02,2026-01-02T19:30:00+00:00,2.394,0.244,9.46
LOC022-U02,2026-01-02T19:45:00+00:00,2.312,0.369,10.58
LOC022-U02,2026-01-02T20:00:00+00:00,2.783,0.365,8.69
LOC022-U02,2026-01-02T20:15:00+00:00,1.556,0.226,10.04
LOC022-U02,2026-01-02T20:30:00+00:00,2.359,0.303,11.16
LOC022-U02,2026-01-02T20:45:00+00:00,2.399,0.255,10.56
LOC022-U02,2026-01-02T21:00:00+00:00,2.07,0.312,11.46
LOC022-U02,2026-01-02T21:15:00+00:00,2.014,0.227,7.69
LOC022-U02,2026-01-02T21:30:00+00:00,2.084,0.237,7.53
LOC022-U02,2026-01-02T21:45:00+00:00,1.78,0.281,7.28
LOC022-U02,2026-01-02T22:00:00+00:00,2.327,0.242,9.33
LOC022-U02,2026-01-02T22:15:00+00:00,1.725,0.233,6.84
LOC022-U02,2026-01-02T22:30:00+00:00,2.595,0.259,9.9
LOC022-U02,2026-01-02T22:45:00+00:00,2.558,0.283,10.75
LOC022-U02,2026-01-02T23:00:00+00:00,1.97,0.321,11.18
LOC022-U02,2026-01-02T23:15:00+00:00,2.575,0.298,7.42
LOC022-U02,2026-01-02T23:30:00+00:00,1.994,0.332,8.22
LOC022-U02,2026-01-02T23:45:00+00:00,2.661,0.268,11.56
LOC022-U02,2026-01-03T00:00:00+00:00,1.467,0.262,9.69
LOC022-U02,2026-01-03T00:15:00+00:00,2.398,0.344,7.28
LOC022-U02,2026-01-03T00:30:00+00:00,1.933,0.372,10.88
LOC022-U02,2026-01-03T00:45:00+00:00,1.335,0.372,10.7
LOC022-U02,2026-01-03T01:00:00+00:00,1.298,0.287,9.65
LOC022-U02,2026-01-03T01:15:00+00:00,2.074,0.275,6.58
LOC022-U02,2026-01-03T01:30:00+00:00,1.955,0.247,11.4
LOC022-U02,2026-01-03T01:45:00+00:00,1.849,0.361,7.65
LOC022-U02,2026-01-03T02:00:00+00:00,1.698,0.345,8.49
LOC022-U02,2026-01-03T02:15:00+00:00,1.102,0.378,8.32
LOC022-U02,2026-01-03T02:30:00+00:00,2.525,0.279,9.39
LOC022-U02,2026-01-03T02:45:00+00:00,2.812,0.241,11.51
LOC022-U02,2026-01-03T03:00:00+00:00,2.055,0.288,7.76
LOC022-U02,2026-01-03T03:15:00+00:00,1.474,0.24,10.26
LOC022-U02,2026-01-03T03:30:00+00:00,2.218,0.359,8.58
LOC022-U02,2026-01-03T03:45:00+00:00,1.926,0.372,8.86
LOC030-U01,2026-01-03T10:00:00+00:00,1.465,0.257,10.89
LOC030-U01,2026-01-03T10:15:00+00:00,1.257,0.348,8.21
LOC030-U01,2026-01-03T10:30:00+00:00,1.452,0.363,10.35
LOC030-U01,2026-01-03T10:45:00+00:00,1.752,0.228,10.79
LOC030-U01,2026-01-03T11:00:00+00:00,1.968,0.368,8.21
LOC030-U01,2026-01-03T11:15:00+00:00,2.873,0.321,7.03
LOC030-U01,2026-01-03T11:30:00+00:00,1.819,0.285,7.04
LOC030-U01,2026-01-03T11:45:00+00:00,0.986,0.372,11.32
LOC030-U01,2026-01-03T12:00:00+00:00,1.957,0.227,11.24
LOC030-U01,2026-01-03T12:15:00+00:00,1.539,0.308,9.79
LOC030-U01,2026-01-03T12:30:00+00:00,2.065,0.303,7.19
LOC030-U01,2026-01-03T12:45:00+00:00,1.902,0.237,9.43
LOC030-U01,2026-01-03T13:00:00+00:00,1.345,0.373,8.42
LOC030-U01,2026-01-03T13:15:00+00:00,2.696,0.337,8.92
LOC030-U01,2026-01-03T13:30:00+00:00,1.592,0.248,8.84
LOC030-U01,2026-01-03T13:45:00+00:00,2.66,0.303,9.92
LOC030-U01,2026-01-03T14:00:00+00:00,1.501,0.306,9.13
LOC030-U01,2026-01-03T14:15:00+00:00,2.312,0.289,10.98
LOC030-U01,2026-01-03T14:30:00+00:00,1.771,0.243,11.38
LOC030-U01,2026-01-03T14:45:00+00:00,1.082,0.353,6.46
LOC030-U01,2026-01-03T15:00:00+00:00,2.757,0.359,9.02
LOC030-U01,2026-01-03T15:15:00+00:00,1.406,0.257,7.4
LOC030-U01,2026-01-03T15:30:00+00:00,1.521,0.321,7.22
LOC030-U01,2026-01-03T15:45:00+00:00,2.207,0.291,7.52
LOC030-U01,2026-01-03T16:00:00+00:00,2.238,0.351,9.19
LOC030-U01,2026-01-03T16:15:00+00:00,1.988,0.307,10.62
LOC030-U01,2026-01-03T16:30:00+00:00,1.777,0.32,8.08
LOC030-U01,2026-01-03T16:45:00+00:00,2.141,0.292,7.39
LOC030-U01,2026-01-03T17:00:00+00:00,1.002,0.34,6.65
LOC030-U01,2026-01-03T17:15:00+00:00,2.664,0.257,9.96
LOC030-U01,2026-01-03T17:30:00+00:00,2.994,0.244,7.1
LOC030-U01,2026-01-03T17:45:00+00:00,0.932,0.362,6.88
LOC030-U01,2026-01-03T18:00:00+00:00,2.088,0.34,9.22
LOC030-U01,2026-01-03T18:15:00+00:00,1.576,0.334,10.8
LOC030-U01,2026-01-03T18:30:00+00:00,2.616,0.246,7.34
LOC030-U01,2026-01-03T18:45:00+00:00,2.052,0.256,10.58
LOC030-U01,2026-01-03T19:00:00+00:00,2.263,0.259,11.21
LOC030-U01,2026-01-03T19:15:00+00:00,1.357,0.357,7.23
LOC030-U01,2026-01-03T19:30:00+00:00,2.91,0.244,10.15
LOC030-U01,2026-01-03T19:45:00+00:00,1.614,0.348,8.98
LOC030-U01,2026-01-03T20:00:00+00:00,2.057,0.272,8.04
LOC030-U01,2026-01-03T20:15:00+00:00,1.613,0.267,6.71
LOC030-U01,2026-01-03T20:30:00+00:00,2.031,0.32,11.19
LOC030-U01,2026-01-03T20:45:00+00:00,1.314,0.364,6.82
LOC030-U01,2026-01-03T21:00:00+00:00,2.53,0.242,9.33
LOC030-U01,2026-01-03T21:15:00+00:00,2.094,0.334,9.1
LOC030-U01,2026-01-03T21:30:00+00:00,2.201,0.268,10.33
LOC030-U01,2026-01-03T21:45:00+00:00,2.025,0.328,8.94
LOC030-U01,2026-01-03T22:00:00+00:00,2.709,0.355,9.97
LOC030-U01,2026-01-03T22:15:00+00:00,1.495,0.277,8.35
LOC030-U01,2026-01-03T22:30:00+00:00,2.04,0.244,7.47
LOC030-U01,2026-01-03T22:45:00+00:00,1.07,0.305,8.39
LOC030-U01,2026-01-03T23:00:00+00:00,2.373,0.331,10.34
LOC030-U01,2026-01-03T23:15:00+00:00,1.846,0.343,6.9
LOC030-U01,2026-01-03T23:30:00+00:00,2.147,0.374,9.15
LOC030-U01,2026-01-03T23:45:00+00:00,1.465,0.301,9.94
LOC030-U01,2026-01-04T00:00:00+00:00,2.081,0.26,8.97
LOC030-U01,2026-01-04T00:15:00+00:00,2.342,0.297,10.7
LOC030-U01,2026-01-04T00:30:00+00:00,1.967,0.262,11.47
LOC030-U01,2026-01-04T00:45:00+00:00,2.54,0.342,9.96
LOC030-U01,2026-01-04T01:00:00+00:00,1.734,0.329,10.79
LOC030-U01,2026-01-04T01:15:00+00:00,2.158,0.293,9.61
LOC030-U01,2026-01-04T01:30:00+00:00,1.276,0.236,9.36
LOC030-U01,2026-01-04T01:45:00+00:00,1.37,0.331,10.12
LOC030-U01,2026-01-04T02:00:00+00:00,1.724,0.274,9.64
LOC030-U01,2026-01-04T02:15:00+00:00,2.169,0.26,7.11
LOC030-U01,2026-01-04T02:30:00+00:00,2.531,0.36,8.97
LOC030-U01,2026-01-04T02:45:00+00:00,2.099,0.359,11.44
LOC030-U01,2026-01-04T03:00:00+00:00,2.829,0.336,9.98
LOC030-U01,2026-01-04T03:15:00+00:00,2.049,0.311,9.0
LOC030-U01,2026-01-04T03:30:00+00:00,2.114,0.254,7.55
LOC030-U01,2026-01-04T03:45:00+00:00,1.757,0.27,11.42
LOC028-U01,2026-01-03T10:00:00+00:00,2.462,0.343,8.09
LOC028-U01,2026-01-03T10:15:00+00:00,1.815,0.232,9.41
LOC028-U01,2026-01-03T10:30:00+00:00,1.679,0.31,11.15
LOC028-U01,2026-01-03T10:45:00+00:00,2.636,0.268,9.9
LOC028-U01,2026-01-03T11:00:00+00:00,2.375,0.245,11.56
LOC028-U01,2026-01-03T11:15:00+00:00,2.253,0.308,9.18
LOC028-U01,2026-01-03T11:30:00+00:00,1.328,0.335,6.63
LOC028-U01,2026-01-03T11:45:00+00:00,2.789,0.269,8.67
LOC028-U01,2026-01-03T12:00:00+00:00,2.331,0.324,9.25
LOC028-U01,2026-01-03T12:15:00+00:00,2.235,0.236,11.12
LOC028-U01,2026-01-03T12:30:00+00:00,2.571,0.257,7.13
LOC028-U01,2026-01-03T12:45:00+00:00,0.923,0.345,10.42
LOC028-U01,2026-01-03T13:00:00+00:00,2.072,0.312,6.89
LOC028-U01,2026-01-03T13:15:00+00:00,1.384,0.238,9.31
LOC028-U01,2026-01-03T13:30:00+00:00,1.482,0.378,10.68
LOC028-U01,2026-01-03T13:45:00+00:00,2.784,0.328,6.92
LOC028-U01,2026-01-03T14:00:00+00:00,1.879,0.227,6.83
LOC028-U01,2026-01-03T14:15:00+00:00,3.161,0.222,7.86
LOC028-U01,2026-01-03T14:30:00+00:00,2.093,0.304,11.29
LOC028-U01,2026-01-03T14:45:00+00:00,1.98,0.345,8.63
LOC028-U01,2026-01-03T15:00:00+00:00,2.078,0.255,10.74
LOC028-U01,2026-01-03T15:15:00+00:00,2.755,0.326,10.41
LOC028-U01,2026-01-03T15:30:00+00:00,2.828,0.265,11.17
LOC028-U01,2026-01-03T15:45:00+00:00,2.1,0.291,8.27
LOC028-U01,2026-01-03T16:00:00+00:00,2.258,0.308,6.71
LOC028-U01,2026-01-03T16:15:00+00:00,1.815,0.246,7.56
LOC028-U01,2026-01-03T16:30:00+00:00,1.888,0.351,6.95
LOC028-U01,2026-01-03T16:45:00+00:00,1.352,0.291,7.98
LOC028-U01,2026-01-03T17:00:00+00:00,2.893,0.268,10.54
LOC028-U01,2026-01-03T17:15:00+00:00,2.785,0.238,7.54
LOC028-U01,2026-01-03T17:30:00+00:00,1.896,0.239,9.88
LOC028-U01,2026-01-03T17:45:00+00:00,2.204,0.341,9.68
LOC028-U01,2026-01-03T18:00:00+00:00,2.438,0.257,10.54
LOC028-U01,2026-01-03T18:15:00+00:00,1.526,0.372,8.15
LOC028-U01,2026-01-03T18:30:00+00:00,2.302,0.367,8.25
LOC028-U01,2026-01-03T18:45:00+00:00,0.941,0.321,10.71
LOC028-U01,2026-01-03T19:00:00+00:00,2.132,0.331,7.85
LOC028-U01,2026-01-03T19:15:00+00:00,2.186,0.318,11.05
LOC028-U01,2026-01-03T19:30:00+00:00,2.787,0.374,9.84
LOC028-U01,2026-01-03T19:45:00+00:00,2.158,0.291,7.23
LOC028-U01,2026-01-03T20:00:00+00:00,2.309,0.228,7.04
LOC028-U01,2026-01-03T20:15:00+00:00,1.981,0.274,8.32
LOC028-U01,2026-01-03T20:30:00+00:00,2.907,0.254,11.41
LOC028-U01,2026-01-03T20:45:00+00:00,1.907,0.376,6.82
LOC028-U01,2026-01-03T21:00:00+00:00,1.078,0.275,10.54
LOC028-U01,2026-01-03T21:15:00+00:00,1.592,0.24,10.37
LOC028-U01,2026-01-03T21:30:00+00:00,2.468,0.253,11.07
LOC028-U01,2026-01-03T21:45:00+00:00,2.288,0.249,11.15
LOC028-U01,2026-01-03T22:00:00+00:00,1.932,0.364,8.56
LOC028-U01,2026-01-03T22:15:00+00:00,3.032,0.245,10.37
LOC028-U01,2026-01-03T22:30:00+00:00,2.244,0.237,7.87
LOC028-U01,2026-01-03T22:45:00+00:00,3.178,0.324,11.33
LOC028-U01,2026-01-03T23:00:00+00:00,2.843,0.373,10.31
LOC028-U01,2026-01-03T23:15:00+00:00,2.762,0.341,7.21
LOC028-U01,2026-01-03T23:30:00+00:00,1.357,0.256,7.15
LOC028-U01,2026-01-03T23:45:00+00:00,2.245,0.261,10.57
LOC028-U01,2026-01-04T00:00:00+00:00,1.958,0.23,10.45
LOC028-U01,2026-01-04T00:15:00+00:00,1.678,0.283,10.24
LOC028-U01,2026-01-04T00:30:00+00:00,0.688,0.323,8.8
LOC028-U01,2026-01-04T00:45:00+00:00,2.266,0.25,8.67
LOC028-U01,2026-01-04T01:00:00+00:00,2.762,0.324,10.87
LOC028-U01,2026-01-04T01:15:00+00:00,1.94,0.241,8.38
LOC028-U01,2026-01-04T01:30:00+00:00,2.032,0.322,11.43
LOC028-U01,2026-01-04T01:45:00+00:00,1.794,0.352,11.62
LOC028-U01,2026-01-04T02:00:00+00:00,1.502,0.255,6.47
LOC028-U01,2026-01-04T02:15:00+00:00,2.374,0.273,10.75
LOC028-U01,2026-01-04T02:30:00+00:00,1.155,0.357,6.72
LOC028-U01,2026-01-04T02:45:00+00:00,1.699,0.331,9.63
LOC028-U01,2026-01-04T03:00:00+00:00,1.422,0.356,7.21
LOC028-U01,2026-01-04T03:15:00+00:00,1.811,0.352,10.42
LOC028-U01,2026-01-04T03:30:00+00:00,2.816,0.371,10.69
LOC028-U01,2026-01-04T03:45:00+00:00,1.167,0.251,8.48
LOC022-U01,2026-01-03T10:00:00+00:00,2.739,0.272,10.67
LOC022-U01,2026-01-03T10:15:00+00:00,1.265,0.256,11.1
LOC022-U01,2026-01-03T10:30:00+00:00,2.361,0.31,8.9
LOC022-U01,2026-01-03T10:45:00+00:00,1.879,0.307,9.4
LOC022-U01,2026-01-03T11:00:00+00:00,2.289,0.341,9.0
LOC022-U01,2026-01-03T11:15:00+00:00,2.26,0.327,10.1
LOC022-U01,2026-01-03T11:30:00+00:00,2.119,0.303,11.55
LOC022-U01,2026-01-03T11:45:00+00:00,2.224,0.287,10.93
LOC022-U01,2026-01-03T12:00:00+00:00,2.661,0.342,10.05
LOC022-U01,2026-01-03T12:15:00+00:00,2.045,0.233,8.8
LOC022-U01,2026-01-03T12:30:00+00:00,1.989,0.245,11.12
LOC022-U01,2026-01-03T12:45:00+00:00,2.183,0.365,9.91
LOC022-U01,2026-01-03T13:00:00+00:00,2.409,0.266,7.57
LOC022-U01,2026-01-03T13:15:00+00:00,0.968,0.331,9.69
LOC022-U01,2026-01-03T13:30:00+00:00,2.576,0.345,11.32
LOC022-U01,2026-01-03T13:45:00+00:00,1.839,0.273,7.87
LOC022-U01,2026-01-03T14:00:00+00:00,1.472,0.307,8.3
LOC022-U01,2026-01-03T14:15:00+00:00,2.462,0.332,9.79
LOC022-U01,2026-01-03T14:30:00+00:00,2.163,0.339,11.53
LOC022-U01,2026-01-03T14:45:00+00:00,1.568,0.346,10.57
LOC022-U01,2026-01-03T15:00:00+00:00,1.896,0.265,11.25
LOC022-U01,2026-01-03T15:15:00+00:00,1.495,0.296,6.98
LOC022-U01,2026-01-03T15:30:00+00:00,2.061,0.321,6.84
LOC022-U01,2026-01-03T15:45:00+00:00,1.914,0.372,8.71
LOC022-U01,2026-01-03T16:00:00+00:00,1.998,0.253,7.63
LOC022-U01,2026-01-03T16:15:00+00:00,2.266,0.229,11.52
LOC022-U01,2026-01-03T16:30:00+00:00,2.407,0.222,6.89
LOC022-U01,2026-01-03T16:45:00+00:00,2.71,0.334,9.7
LOC022-U01,2026-01-03T17:00:00+00:00,1.493,0.325,7.19
LOC022-U01,2026-01-03T17:15:00+00:00,2.182,0.262,10.3
LOC022-U01,2026-01-03T17:30:00+00:00,2.381,0.29,6.77
LOC022-U01,2026-01-03T17:45:00+00:00,2.957,0.257,11.01
LOC022-U01,2026-01-03T18:00:00+00:00,2.196,0.265,10.16
LOC022-U01,2026-01-03T18:15:00+00:00,2.147,0.339,8.92
LOC022-U01,2026-01-03T18:30:00+00:00,2.056,0.233,7.57
LOC022-U01,2026-01-03T18:45:00+00:00,2.195,0.322,10.41
LOC022-U01,2026-01-03T19:00:00+00:00,1.918,0.321,8.76
LOC022-U01,2026-01-03T19:15:00+00:00,2.402,0.316,10.75
LOC022-U01,2026-01-03T19:30:00+00:00,1.741,0.223,8.41
LOC022-U01,2026-01-03T19:45:00+00:00,2.031,0.246,9.58
LOC022-U01,2026-01-03T20:00:00+00:00,2.345,0.354,8.2
LOC022-U01,2026-01-03T20:15:00+00:00,1.653,0.327,9.48
LOC022-U01,2026-01-03T20:30:00+00:00,1.972,0.275,10.31
LOC022-U01,2026-01-03T20:45:00+00:00,2.126,0.311,9.07
LOC022-U01,2026-01-03T21:00:00+00:00,1.746,0.278,10.74
LOC022-U01,2026-01-03T21:15:00+00:00,1.955,0.364,7.7
LOC022-U01,2026-01-03T21:30:00+00:00,2.123,0.366,11.12
LOC022-U01,2026-01-03T21:45:00+00:00,2.033,0.354,7.51
LOC022-U01,2026-01-03T22:00:00+00:00,2.8,0.24,9.59
LOC022-U01,2026-01-03T22:15:00+00:00,2.151,0.332,10.74
LOC022-U01,2026-01-03T22:30:00+00:00,2.522,0.265,11.21
LOC022-U01,2026-01-03T22:45:00+00:00,1.823,0.308,9.99
LOC022-U01,2026-01-03T23:00:00+00:00,2.291,0.293,6.94
LOC022-U01,2026-01-03T23:15:00+00:00,2.089,0.252,11.52
LOC022-U01,2026-01-03T23:30:00+00:00,1.767,0.355,9.53
LOC022-U01,2026-01-03T23:45:00+00:00,2.052,0.331,8.38
LOC022-U01,2026-01-04T00:00:00+00:00,2.078,0.236,7.09
LOC022-U01,2026-01-04T00:15:00+00:00,2.955,0.249,10.41
LOC022-U01,2026-01-04T00:30:00+00:00,2.417,0.229,7.05
LOC022-U01,2026-01-04T00:45:00+00:00,2.752,0.31,9.16
LOC022-U01,2026-01-04T01:00:00+00:00,1.416,0.289,10.85
LOC022-U01,2026-01-04T01:15:00+00:00,2.483,0.353,9.24
LOC022-U01,2026-01-04T01:30:00+00:00,3.219,0.222,10.24
LOC022-U01,2026-01-04T01:45:00+00:00,1.672,0.311,8.99
LOC022-U01,2026-01-04T02:00:00+00:00,2.08,0.3,11.52
LOC022-U01,2026-01-04T02:15:00+00:00,2.092,0.224,9.45
LOC022-U01,2026-01-04T02:30:00+00:00,2.335,0.266,8.14
LOC022-U01,2026-01-04T02:45:00+00:00,1.984,0.361,8.03
LOC022-U01,2026-01-04T03:00:00+00:00,2.579,0.236,10.43
LOC022-U01,2026-01-04T03:15:00+00:00,2.238,0.249,9.55
LOC022-U01,2026-01-04T03:30:00+00:00,1.938,0.244,10.07
LOC022-U01,2026-01-04T03:45:00+00:00,3.03,0.356,9.9
LOC034-U01,2026-01-03T10:00:00+00:00,2.408,0.248,10.87
LOC034-U01,2026-01-03T10:15:00+00:00,3.236,0.272,7.8
LOC034-U01,2026-01-03T10:30:00+00:00,1.194,0.363,7.72
LOC034-U01,2026-01-03T10:45:00+00:00,2.209,0.242,11.1
LOC034-U01,2026-01-03T11:00:00+00:00,2.391,0.366,9.41
LOC034-U01,2026-01-03T11:15:00+00:00,2.118,0.274,6.95
LOC034-U01,2026-01-03T11:30:00+00:00,2.624,0.344,11.39
LOC034-U01,2026-01-03T11:45:00+00:00,1.241,0.281,7.06
LOC034-U01,2026-01-03T12:00:00+00:00,1.381,0.336,6.8
LOC034-U01,2026-01-03T12:15:00+00:00,1.217,0.272,8.44
LOC034-U01,2026-01-03T12:30:00+00:00,1.797,0.247,10.92
LOC034-U01,2026-01-03T12:45:00+00:00,2.338,0.35,11.82
LOC034-U01,2026-01-03T13:00:00+00:00,2.882,0.355,8.23
LOC034-U01,2026-01-03T13:15:00+00:00,2.533,0.314,10.67
LOC034-U01,2026-01-03T13:30:00+00:00,2.538,0.237,8.4
LOC034-U01,2026-01-03T13:45:00+00:00,1.998,0.298,10.77
LOC034-U01,2026-01-03T14:00:00+00:00,1.72,0.325,6.56
LOC034-U01,2026-01-03T14:15:00+00:00,2.388,0.341,10.38
LOC034-U01,2026-01-03T14:30:00+00:00,2.219,0.242,6.79
LOC034-U01,2026-01-03T14:45:00+00:00,2.153,0.273,10.97
LOC034-U01,2026-01-03T15:00:00+00:00,2.588,0.309,9.77
LOC034-U01,2026-01-03T15:15:00+00:00,1.922,0.348,9.43
LOC034-U01,2026-01-03T15:30:00+00:00,2.545,0.333,9.12
LOC034-U01,2026-01-03T15:45:00+00:00,2.673,0.249,9.86
LOC034-U01,2026-01-03T16:00:00+00:00,2.795,0.365,11.98
LOC034-U01,2026-01-03T16:15:00+00:00,2.454,0.319,7.64
LOC034-U01,2026-01-03T16:30:00+00:00,1.667,0.357,7.93
LOC034-U01,2026-01-03T16:45:00+00:00,2.333,0.226,10.12
LOC034-U01,2026-01-03T17:00:00+00:00,1.48,0.244,8.94
LOC034-U01,2026-01-03T17:15:00+00:00,2.023,0.317,8.05
LOC034-U01,2026-01-03T17:30:00+00:00,2.12,0.297,6.92
LOC034-U01,2026-01-03T17:45:00+00:00,2.22,0.268,9.79
LOC034-U01,2026-01-03T18:00:00+00:00,1.757,0.351,10.27
LOC034-U01,2026-01-03T18:15:00+00:00,2.471,0.257,11.07
LOC034-U01,2026-01-03T18:30:00+00:00,1.697,0.271,7.19
LOC034-U01,2026-01-03T18:45:00+00:00,2.136,0.289,10.09
LOC034-U01,2026-01-03T19:00:00+00:00,2.227,0.373,7.73
LOC034-U01,2026-01-03T19:15:00+00:00,2.213,0.329,9.41
LOC034-U01,2026-01-03T19:30:00+00:00,1.46,0.358,11.41
LOC034-U01,2026-01-03T19:45:00+00:00,2.742,0.307,10.99
LOC034-U01,2026-01-03T20:00:00+00:00,2.581,0.376,10.74
LOC034-U01,2026-01-03T20:15:00+00:00,2.11,0.258,9.06
LOC034-U01,2026-01-03T20:30:00+00:00,2.606,0.329,8.81
LOC034-U01,2026-01-03T20:45:00+00:00,2.583,0.338,11.8
LOC034-U01,2026-01-03T21:00:00+00:00,1.187,0.316,10.29
LOC034-U01,2026-01-03T21:15:00+00:00,2.247,0.277,7.46
LOC034-U01,2026-01-03T21:30:00+00:00,2.391,0.259,6.79
LOC034-U01,2026-01-03T21:45:00+00:00,2.245,0.229,9.34
LOC034-U01,2026-01-03T22:00:00+00:00,3.2,0.316,10.81
LOC034-U01,2026-01-03T22:15:00+00:00,1.951,0.246,10.56
LOC034-U01,2026-01-03T22:30:00+00:00,1.65,0.318,10.06
LOC034-U01,2026-01-03T22:45:00+00:00,2.49,0.298,8.24
LOC034-U01,2026-01-03T23:00:00+00:00,2.542,0.28,6.92
LOC034-U01,2026-01-03T23:15:00+00:00,1.254,0.33,8.2
LOC034-U01,2026-01-03T23:30:00+00:00,2.605,0.332,7.13
LOC034-U01,2026-01-03T23:45:00+00:00,1.959,0.276,7.54
LOC034-U01,2026-01-04T00:00:00+00:00,1.791,0.223,6.81
LOC034-U01,2026-01-04T00:15:00+00:00,1.675,0.242,9.39
LOC034-U01,2026-01-04T00:30:00+00:00,1.88,0.237,10.96
LOC034-U01,2026-01-04T00:45:00+00:00,1.748,0.339,9.36
LOC034-U01,2026-01-04T01:00:00+00:00,0.944,0.363,8.12
LOC034-U01,2026-01-04T01:15:00+00:00,2.222,0.317,11.04
LOC034-U01,2026-01-04T01:30:00+00:00,2.038,0.347,11.69
LOC034-U01,2026-01-04T01:45:00+00:00,1.476,0.268,7.98
LOC034-U01,2026-01-04T02:00:00+00:00,2.026,0.294,10.25
LOC034-U01,2026-01-04T02:15:00+00:00,3.706,0.358,7.54
LOC034-U01,2026-01-04T02:30:00+00:00,1.762,0.336,7.22
LOC034-U01,2026-01-04T02:45:00+00:00,1.741,0.264,10.75
LOC034-U01,2026-01-04T03:00:00+00:00,2.452,0.309,11.68
LOC034-U01,2026-01-04T03:15:00+00:00,1.802,0.242,6.64
LOC034-U01,2026-01-04T03:30:00+00:00,3.746,0.318,11.23
LOC034-U01,2026-01-04T03:45:00+00:00,3.376,0.333,8.73
LOC003-U01,2026-01-03T10:00:00+00:00,0.376,0.301,10.56
LOC003-U01,2026-01-03T10:15:00+00:00,2.362,0.323,7.92
LOC003-U01,2026-01-03T10:30:00+00:00,2.256,0.31,11.24
LOC003-U01,2026-01-03T10:45:00+00:00,1.698,0.325,8.98
LOC003-U01,2026-01-03T11:00:00+00:00,2.342,0.326,11.13
LOC003-U01,2026-01-03T11:15:00+00:00,1.414,0.254,8.05
LOC003-U01,2026-01-03T11:30:00+00:00,2.432,0.279,11.0
LOC003-U01,2026-01-03T11:45:00+00:00,2.441,0.369,10.12
LOC003-U01,2026-01-03T12:00:00+00:00,2.611,0.362,8.63
LOC003-U01,2026-01-03T12:15:00+00:00,2.196,0.228,9.18
LOC003-U01,2026-01-03T12:30:00+00:00,1.633,0.258,7.91
LOC003-U01,2026-01-03T12:45:00+00:00,1.756,0.258,7.69
LOC003-U01,2026-01-03T13:00:00+00:00,3.008,0.265,7.13
LOC003-U01,2026-01-03T13:15:00+00:00,1.631,0.304,7.77
LOC003-U01,2026-01-03T13:30:00+00:00,1.955,0.268,9.41
LOC003-U01,2026-01-03T13:45:00+00:00,1.353,0.304,11.41
LOC003-U01,2026-01-03T14:00:00+00:00,1.431,0.318,11.21
LOC003-U01,2026-01-03T14:15:00+00:00,2.418,0.264,8.13
LOC003-U01,2026-01-03T14:30:00+00:00,3.239,0.318,10.63
LOC003-U01,2026-01-03T14:45:00+00:00,2.429,0.312,7.19
LOC003-U01,2026-01-03T15:00:00+00:00,1.564,0.358,10.58
LOC003-U01,2026-01-03T15:15:00+00:00,2.139,0.272,10.9
LOC003-U01,2026-01-03T15:30:00+00:00,1.728,0.38,9.31
LOC003-U01,2026-01-03T15:45:00+00:00,1.9,0.221,7.04
LOC003-U01,2026-01-03T16:00:00+00:00,2.27,0.327,7.77
LOC003-U01,2026-01-03T16:15:00+00:00,1.801,0.376,7.51
LOC003-U01,2026-01-03T16:30:00+00:00,2.161,0.226,11.17
LOC003-U01,2026-01-03T16:45:00+00:00,1.711,0.304,9.72
LOC003-U01,2026-01-03T17:00:00+00:00,2.507,0.35,8.81
LOC003-U01,2026-01-03T17:15:00+00:00,1.682,0.235,8.33
LOC003-U01,2026-01-03T17:30:00+00:00,1.806,0.342,8.66
LOC003-U01,2026-01-03T17:45:00+00:00,2.432,0.315,6.99
LOC003-U01,2026-01-03T18:00:00+00:00,2.089,0.365,9.48
LOC003-U01,2026-01-03T18:15:00+00:00,2.129,0.3,7.27
LOC003-U01,2026-01-03T18:30:00+00:00,2.689,0.378,8.17
LOC003-U01,2026-01-03T18:45:00+00:00,1.393,0.321,9.92
LOC003-U01,2026-01-03T19:00:00+00:00,2.068,0.263,10.55
LOC003-U01,2026-01-03T19:15:00+00:00,2.212,0.261,8.71
LOC003-U01,2026-01-03T19:30:00+00:00,2.608,0.259,9.17
LOC003-U01,2026-01-03T19:45:00+00:00,2.072,0.322,7.01
LOC003-U01,2026-01-03T20:00:00+00:00,1.74,0.306,11.16
LOC003-U01,2026-01-03T20:15:00+00:00,2.41,0.226,6.92
LOC003-U01,2026-01-03T20:30:00+00:00,1.947,0.331,11.1
LOC003-U01,2026-01-03T20:45:00+00:00,1.988,0.291,7.3
LOC003-U01,2026-01-03T21:00:00+00:00,2.54,0.238,9.03
LOC003-U01,2026-01-03T21:15:00+00:00,2.057,0.287,11.41
LOC003-U01,2026-01-03T21:30:00+00:00,2.185,0.227,8.01
LOC003-U01,2026-01-03T21:45:00+00:00,2.192,0.341,11.41
LOC003-U01,2026-01-03T22:00:00+00:00,1.58,0.316,11.17
LOC003-U01,2026-01-03T22:15:00+00:00,2.488,0.243,10.35
LOC003-U01,2026-01-03T22:30:00+00:00,2.223,0.28,7.05
LOC003-U01,2026-01-03T22:45:00+00:00,2.367,0.237,7.07
LOC003-U01,2026-01-03T23:00:00+00:00,1.664,0.228,11.16
LOC003-U01,2026-01-03T23:15:00+00:00,1.856,0.238,7.81
LOC003-U01,2026-01-03T23:30:00+00:00,2.271,0.28,9.49
LOC003-U01,2026-01-03T23:45:00+00:00,1.106,0.344,7.87
LOC003-U01,2026-01-04T00:00:00+00:00,1.368,0.367,7.05
LOC003-U01,2026-01-04T00:15:00+00:00,2.006,0.311,7.25
LOC003-U01,2026-01-04T00:30:00+00:00,2.536,0.303,7.62
LOC003-U01,2026-01-04T00:45:00+00:00,2.38,0.259,9.26
LOC003-U01,2026-01-04T01:00:00+00:00,2.125,0.311,10.51
LOC003-U01,2026-01-04T01:15:00+00:00,1.392,0.312,9.79
LOC003-U01,2026-01-04T01:30:00+00:00,2.453,0.224,7.58
LOC003-U01,2026-01-04T01:45:00+00:00,3.034,0.233,9.92
LOC003-U01,2026-01-04T02:00:00+00:00,1.92,0.35,10.37
LOC003-U01,2026-01-04T02:15:00+00:00,2.105,0.34,7.2
LOC003-U01,2026-01-04T02:30:00+00:00,1.336,0.345,8.05
LOC003-U01,2026-01-04T02:45:00+00:00,2.169,0.362,11.16
LOC003-U01,2026-01-04T03:00:00+00:00,2.043,0.247,9.5
LOC003-U01,2026-01-04T03:15:00+00:00,2.06,0.338,7.31
LOC003-U01,2026-01-04T03:30:00+00:00,1.844,0.296,6.8
LOC003-U01,2026-01-04T03:45:00+00:00,1.537,0.261,7.94
LOC004-U02,2026-01-03T10:00:00+00:00,1.841,0.255,8.92
LOC004-U02,2026-01-03T10:15:00+00:00,2.002,0.257,9.82
LOC004-U02,2026-01-03T10:30:00+00:00,2.032,0.348,10.94
LOC004-U02,2026-01-03T10:45:00+00:00,2.244,0.334,10.39
LOC004-U02,2026-01-03T11:00:00+00:00,2.104,0.337,11.18
LOC004-U02,2026-01-03T11:15:00+00:00,2.527,0.372,11.2
LOC004-U02,2026-01-03T11:30:00+00:00,1.617,0.36,10.75
LOC004-U02,2026-01-03T11:45:00+00:00,1.813,0.285,10.2
LOC004-U02,2026-01-03T12:00:00+00:00,1.561,0.344,6.76
LOC004-U02,2026-01-03T12:15:00+00:00,1.402,0.38,7.91
LOC004-U02,2026-01-03T12:30:00+00:00,1.817,0.23,9.37
LOC004-U02,2026-01-03T12:45:00+00:00,1.78,0.256,6.81
LOC004-U02,2026-01-03T13:00:00+00:00,1.778,0.35,10.7
LOC004-U02,2026-01-03T13:15:00+00:00,0.987,0.251,8.27
LOC004-U02,2026-01-03T13:30:00+00:00,2.27,0.352,9.38
LOC004-U02,2026-01-03T13:45:00+00:00,2.367,0.231,9.06
LOC004-U02,2026-01-03T14:00:00+00:00,1.7,0.271,7.63
LOC004-U02,2026-01-03T14:15:00+00:00,1.552,0.335,10.41
LOC004-U02,2026-01-03T14:30:00+00:00,1.423,0.357,11.3
LOC004-U02,2026-01-03T14:45:00+00:00,2.207,0.254,6.86
LOC004-U02,2026-01-03T15:00:00+00:00,3.149,0.286,10.2
LOC004-U02,2026-01-03T15:15:00+00:00,1.862,0.377,9.06
LOC004-U02,2026-01-03T15:30:00+00:00,2.547,0.304,9.47
LOC004-U02,2026-01-03T15:45:00+00:00,1.913,0.292,9.28
LOC004-U02,2026-01-03T16:00:00+00:00,3.396,0.27,7.29
LOC004-U02,2026-01-03T16:15:00+00:00,2.425,0.354,10.82
LOC004-U02,2026-01-03T16:30:00+00:00,1.636,0.317,7.41
LOC004-U02,2026-01-03T16:45:00+00:00,3.117,0.369,9.51
LOC004-U02,2026-01-03T17:00:00+00:00,2.415,0.344,7.2
LOC004-U02,2026-01-03T17:15:00+00:00,3.182,0.373,7.8
LOC004-U02,2026-01-03T17:30:00+00:00,1.939,0.358,7.16
LOC004-U02,2026-01-03T17:45:00+00:00,1.806,0.363,7.85
LOC004-U02,2026-01-03T18:00:00+00:00,1.953,0.317,7.44
LOC004-U02,2026-01-03T18:15:00+00:00,2.486,0.24,10.8
LOC004-U02,2026-01-03T18:30:00+00:00,1.988,0.353,10.42
LOC004-U02,2026-01-03T18:45:00+00:00,2.415,0.332,11.64
LOC004-U02,2026-01-03T19:00:00+00:00,2.204,0.243,8.74
LOC004-U02,2026-01-03T19:15:00+00:00,2.198,0.324,10.13
LOC004-U02,2026-01-03T19:30:00+00:00,1.411,0.277,10.28
LOC004-U02,2026-01-03T19:45:00+00:00,1.565,0.221,10.63
LOC004-U02,2026-01-03T20:00:00+00:00,2.428,0.343,8.78
LOC004-U02,2026-01-03T20:15:00+00:00,2.559,0.376,7.11
LOC004-U02,2026-01-03T20:30:00+00:00,3.041,0.265,9.32
LOC004-U02,2026-01-03T20:45:00+00:00,2.575,0.246,6.8
LOC004-U02,2026-01-03T21:00:00+00:00,2.1,0.361,9.97
LOC004-U02,2026-01-03T21:15:00+00:00,1.907,0.329,7.98
LOC004-U02,2026-01-03T21:30:00+00:00,1.743,0.226,11.05
LOC004-U02,2026-01-03T21:45:00+00:00,2.693,0.28,10.13
LOC004-U02,2026-01-03T22:00:00+00:00,2.038,0.361,11.16
LOC004-U02,2026-01-03T22:15:00+00:00,1.837,0.286,8.61
LOC004-U02,2026-01-03T22:30:00+00:00,1.436,0.327,8.79
LOC004-U02,2026-01-03T22:45:00+00:00,1.903,0.377,8.21
LOC004-U02,2026-01-03T23:00:00+00:00,3.078,0.256,7.42
LOC004-U02,2026-01-03T23:15:00+00:00,1.913,0.308,10.57
LOC004-U02,2026-01-03T23:30:00+00:00,1.761,0.259,9.65
LOC004-U02,2026-01-03T23:45:00+00:00,2.617,0.328,6.99
LOC004-U02,2026-01-04T00:00:00+00:00,1.959,0.312,8.15
LOC004-U02,2026-01-04T00:15:00+00:00,2.734,0.379,10.11
LOC004-U02,2026-01-04T00:30:00+00:00,2.428,0.317,8.39
LOC004-U02,2026-01-04T00:45:00+00:00,1.84,0.339,10.2
LOC004-U02,2026-01-04T01:00:00+00:00,1.927,0.32,10.02
LOC004-U02,2026-01-04T01:15:00+00:00,2.661,0.258,7.51
LOC004-U02,2026-01-04T01:30:00+00:00,1.978,0.31,6.68
LOC004-U02,2026-01-04T01:45:00+00:00,2.087,0.304,9.37
LOC004-U02,2026-01-04T02:00:00+00:00,1.854,0.368,11.22
LOC004-U02,2026-01-04T02:15:00+00:00,1.561,0.363,9.35
LOC004-U02,2026-01-04T02:30:00+00:00,2.221,0.36,7.88
LOC004-U02,2026-01-04T02:45:00+00:00,1.829,0.311,7.17
LOC004-U02,2026-01-04T03:00:00+00:00,2.429,0.338,10.77
LOC004-U02,2026-01-04T03:15:00+00:00,1.554,0.287,9.56
LOC004-U02,2026-01-04T03:30:00+00:00,1.921,0.333,8.88
LOC004-U02,2026-01-04T03:45:00+00:00,1.817,0.358,11.15
LOC019-U02,2026-01-03T10:00:00+00:00,2.808,0.328,7.0
LOC019-U02,2026-01-03T10:15:00+00:00,1.909,0.261,7.02
LOC019-U02,2026-01-03T10:30:00+00:00,2.526,0.271,9.81
LOC019-U02,2026-01-03T10:45:00+00:00,2.47,0.314,7.33
LOC019-U02,2026-01-03T11:00:00+00:00,2.322,0.287,9.97
LOC019-U02,2026-01-03T11:15:00+00:00,1.761,0.371,11.62
LOC019-U02,2026-01-03T11:30:00+00:00,1.824,0.353,10.54
LOC019-U02,2026-01-03T11:45:00+00:00,2.352,0.346,10.54
LOC019-U02,2026-01-03T12:00:00+00:00,2.123,0.295,10.05
LOC019-U02,2026-01-03T12:15:00+00:00,1.835,0.235,11.32
LOC019-U02,2026-01-03T12:30:00+00:00,2.142,0.32,10.85
LOC019-U02,2026-01-03T12:45:00+00:00,2.117,0.38,11.2
LOC019-U02,2026-01-03T13:00:00+00:00,2.276,0.281,8.27
LOC019-U02,2026-01-03T13:15:00+00:00,1.92,0.329,7.09
LOC019-U02,2026-01-03T13:30:00+00:00,1.585,0.368,7.23
LOC019-U02,2026-01-03T13:45:00+00:00,1.176,0.357,9.54
LOC019-U02,2026-01-03T14:00:00+00:00,0.835,0.296,6.28
LOC019-U02,2026-01-03T14:15:00+00:00,1.82,0.301,9.91
LOC019-U02,2026-01-03T14:30:00+00:00,1.331,0.225,8.83
LOC019-U02,2026-01-03T14:45:00+00:00,1.205,0.263,6.38
LOC019-U02,2026-01-03T15:00:00+00:00,2.109,0.348,10.3
LOC019-U02,2026-01-03T15:15:00+00:00,2.441,0.309,8.48
LOC019-U02,2026-01-03T15:30:00+00:00,1.985,0.225,7.53
LOC019-U02,2026-01-03T15:45:00+00:00,2.52,0.245,9.01
LOC019-U02,2026-01-03T16:00:00+00:00,2.014,0.237,8.12
LOC019-U02,2026-01-03T16:15:00+00:00,2.374,0.238,7.65
LOC019-U02,2026-01-03T16:30:00+00:00,3.004,0.335,10.22
LOC019-U02,2026-01-03T16:45:00+00:00,2.21,0.369,9.76
LOC019-U02,2026-01-03T17:00:00+00:00,2.173,0.349,11.65
LOC019-U02,2026-01-03T17:15:00+00:00,2.716,0.342,9.16
LOC019-U02,2026-01-03T17:30:00+00:00,1.698,0.373,11.44
LOC019-U02,2026-01-03T17:45:00+00:00,1.654,0.289,10.98
LOC019-U02,2026-01-03T18:00:00+00:00,1.754,0.268,7.4
LOC019-U02,2026-01-03T18:15:00+00:00,2.673,0.338,8.96
LOC019-U02,2026-01-03T18:30:00+00:00,1.905,0.349,10.9
LOC019-U02,2026-01-03T18:45:00+00:00,1.828,0.255,7.0
LOC019-U02,2026-01-03T19:00:00+00:00,1.735,0.302,7.27
LOC019-U02,2026-01-03T19:15:00+00:00,2.326,0.363,7.28
LOC019-U02,2026-01-03T19:30:00+00:00,2.645,0.285,8.05
LOC019-U02,2026-01-03T19:45:00+00:00,2.659,0.302,8.46
LOC019-U02,2026-01-03T20:00:00+00:00,1.331,0.269,7.45
LOC019-U02,2026-01-03T20:15:00+00:00,2.849,0.259,7.38
LOC019-U02,2026-01-03T20:30:00+00:00,2.071,0.303,6.73
LOC019-U02,2026-01-03T20:45:00+00:00,1.924,0.288,7.64
LOC019-U02,2026-01-03T21:00:00+00:00,1.878,0.255,9.49
LOC019-U02,2026-01-03T21:15:00+00:00,1.368,0.314,9.17
LOC019-U02,2026-01-03T21:30:00+00:00,2.376,0.365,11.02
LOC019-U02,2026-01-03T21:45:00+00:00,2.618,0.362,7.09
LOC019-U02,2026-01-03T22:00:00+00:00,1.704,0.226,10.75
LOC019-U02,2026-01-03T22:15:00+00:00,2.347,0.276,11.54
LOC019-U02,2026-01-03T22:30:00+00:00,1.831,0.337,7.64
LOC019-U02,2026-01-03T22:45:00+00:00,2.371,0.353,9.86
LOC019-U02,2026-01-03T23:00:00+00:00,1.778,0.341,10.99
LOC019-U02,2026-01-03T23:15:00+00:00,1.986,0.231,11.1
LOC019-U02,2026-01-03T23:30:00+00:00,2.038,0.232,6.66
LOC019-U02,2026-01-03T23:45:00+00:00,1.72,0.274,10.9
LOC019-U02,2026-01-04T00:00:00+00:00,2.461,0.345,9.27
LOC019-U02,2026-01-04T00:15:00+00:00,2.42,0.329,9.17
LOC019-U02,2026-01-04T00:30:00+00:00,1.744,0.361,11.29
LOC019-U02,2026-01-04T00:45:00+00:00,2.717,0.291,9.34
LOC019-U02,2026-01-04T01:00:00+00:00,1.939,0.25,6.54
LOC019-U02,2026-01-04T01:15:00+00:00,2.979,0.365,11.32
LOC019-U02,2026-01-04T01:30:00+00:00,1.949,0.259,8.53
LOC019-U02,2026-01-04T01:45:00+00:00,1.751,0.22,9.94
LOC019-U02,2026-01-04T02:00:00+00:00,1.613,0.306,7.75
LOC019-U02,2026-01-04T02:15:00+00:00,1.9,0.282,7.31
LOC019-U02,2026-01-04T02:30:00+00:00,2.208,0.324,10.78
LOC019-U02,2026-01-04T02:45:00+00:00,1.337,0.271,9.07
LOC019-U02,2026-01-04T03:00:00+00:00,2.372,0.251,11.39
LOC019-U02,2026-01-04T03:15:00+00:00,2.261,0.284,7.36
LOC019-U02,2026-01-04T03:30:00+00:00,1.783,0.288,6.55
LOC019-U02,2026-01-04T03:45:00+00:00,2.033,0.364,10.48
LOC024-U01,2026-01-03T10:00:00+00:00,2.019,0.306,10.02
LOC024-U01,2026-01-03T10:15:00+00:00,1.429,0.377,6.55
LOC024-U01,2026-01-03T10:30:00+00:00,1.774,0.268,10.61
LOC024-U01,2026-01-03T10:45:00+00:00,1.744,0.26,8.15
LOC024-U01,2026-01-03T11:00:00+00:00,2.514,0.227,9.55
LOC024-U01,2026-01-03T11:15:00+00:00,1.897,0.291,7.94
LOC024-U01,2026-01-03T11:30:00+00:00,1.997,0.335,10.22
LOC024-U01,2026-01-03T11:45:00+00:00,2.473,0.233,9.03
LOC024-U01,2026-01-03T12:00:00+00:00,1.058,0.252,6.71
LOC024-U01,2026-01-03T12:15:00+00:00,1.696,0.228,6.89
LOC024-U01,2026-01-03T12:30:00+00:00,1.724,0.356,9.57
LOC024-U01,2026-01-03T12:45:00+00:00,1.585,0.265,9.99
LOC024-U01,2026-01-03T13:00:00+00:00,2.436,0.266,8.6
LOC024-U01,2026-01-03T13:15:00+00:00,1.753,0.308,9.0
LOC024-U01,2026-01-03T13:30:00+00:00,2.0,0.334,10.76
LOC024-U01,2026-01-03T13:45:00+00:00,2.207,0.342,9.31
LOC024-U01,2026-01-03T14:00:00+00:00,2.356,0.221,8.97
LOC024-U01,2026-01-03T14:15:00+00:00,1.551,0.362,7.76
LOC024-U01,2026-01-03T14:30:00+00:00,1.772,0.35,6.73
LOC024-U01,2026-01-03T14:45:00+00:00,1.426,0.31,7.68
LOC024-U01,2026-01-03T15:00:00+00:00,2.122,0.231,6.83
LOC024-U01,2026-01-03T15:15:00+00:00,1.796,0.271,10.83
LOC024-U01,2026-01-03T15:30:00+00:00,2.632,0.306,8.33
LOC024-U01,2026-01-03T15:45:00+00:00,2.553,0.323,10.13
LOC024-U01,2026-01-03T16:00:00+00:00,2.093,0.276,9.28
LOC024-U01,2026-01-03T16:15:00+00:00,1.745,0.264,10.28
LOC024-U01,2026-01-03T16:30:00+00:00,2.283,0.305,11.64
LOC024-U01,2026-01-03T16:45:00+00:00,2.091,0.266,9.6
LOC024-U01,2026-01-03T17:00:00+00:00,2.067,0.349,7.63
LOC024-U01,2026-01-03T17:15:00+00:00,2.009,0.316,7.0
LOC024-U01,2026-01-03T17:30:00+00:00,2.446,0.257,7.66
LOC024-U01,2026-01-03T17:45:00+00:00,2.551,0.335,7.2
LOC024-U01,2026-01-03T18:00:00+00:00,1.669,0.283,6.58
LOC024-U01,2026-01-03T18:15:00+00:00,2.673,0.353,8.1
LOC024-U01,2026-01-03T18:30:00+00:00,2.335,0.34,7.12
LOC024-U01,2026-01-03T18:45:00+00:00,2.157,0.326,7.75
LOC024-U01,2026-01-03T19:00:00+00:00,0.896,0.341,10.36
LOC024-U01,2026-01-03T19:15:00+00:00,3.149,0.259,7.93
LOC024-U01,2026-01-03T19:30:00+00:00,2.187,0.304,10.51
LOC024-U01,2026-01-03T19:45:00+00:00,1.709,0.274,11.21
LOC024-U01,2026-01-03T20:00:00+00:00,2.292,0.331,10.42
LOC024-U01,2026-01-03T20:15:00+00:00,3.152,0.318,9.81
LOC024-U01,2026-01-03T20:30:00+00:00,2.373,0.301,6.94
LOC024-U01,2026-01-03T20:45:00+00:00,2.11,0.271,6.99
LOC024-U01,2026-01-03T21:00:00+00:00,2.981,0.327,8.61
LOC024-U01,2026-01-03T21:15:00+00:00,1.588,0.306,7.49
LOC024-U01,2026-01-03T21:30:00+00:00,2.269,0.249,9.19
LOC024-U01,2026-01-03T21:45:00+00:00,2.027,0.36,8.22
LOC024-U01,2026-01-03T22:00:00+00:00,1.945,0.254,7.43
LOC024-U01,2026-01-03T22:15:00+00:00,1.703,0.283,10.82
LOC024-U01,2026-01-03T22:30:00+00:00,2.544,0.276,10.92
LOC024-U01,2026-01-03T22:45:00+00:00,2.46,0.366,9.41
LOC024-U01,2026-01-03T23:00:00+00:00,0.939,0.27,10.34
LOC024-U01,2026-01-03T23:15:00+00:00,2.361,0.295,10.26
LOC024-U01,2026-01-03T23:30:00+00:00,1.402,0.247,10.32
LOC024-U01,2026-01-03T23:45:00+00:00,2.308,0.231,10.31
LOC024-U01,2026-01-04T00:00:00+00:00,1.523,0.305,6.53
LOC024-U01,2026-01-04T00:15:00+00:00,1.613,0.241,10.52
LOC024-U01,2026-01-04T00:30:00+00:00,2.247,0.323,8.06
LOC024-U01,2026-01-04T00:45:00+00:00,2.346,0.276,6.78
LOC024-U01,2026-01-04T01:00:00+00:00,2.433,0.327,10.8
LOC024-U01,2026-01-04T01:15:00+00:00,1.325,0.224,9.14
LOC024-U01,2026-01-04T01:30:00+00:00,1.455,0.259,7.7
LOC024-U01,2026-01-04T01:45:00+00:00,2.969,0.227,9.42
LOC024-U01,2026-01-04T02:00:00+00:00,1.314,0.242,7.85
LOC024-U01,2026-01-04T02:15:00+00:00,1.963,0.238,9.12
LOC024-U01,2026-01-04T02:30:00+00:00,1.972,0.349,10.06
LOC024-U01,2026-01-04T02:45:00+00:00,1.671,0.339,9.74
LOC024-U01,2026-01-04T03:00:00+00:00,1.909,0.288,9.91
LOC024-U01,2026-01-04T03:15:00+00:00,2.483,0.255,10.08
LOC024-U01,2026-01-04T03:30:00+00:00,1.835,0.379,8.65
LOC024-U01,2026-01-04T03:45:00+00:00,1.451,0.373,8.28
LOC033-U01,2026-01-03T10:00:00+00:00,1.771,0.235,9.14
LOC033-U01,2026-01-03T10:15:00+00:00,1.835,0.27,10.19
LOC033-U01,2026-01-03T10:30:00+00:00,1.725,0.36,7.43
LOC033-U01,2026-01-03T10:45:00+00:00,2.571,0.317,11.13
LOC033-U01,2026-01-03T11:00:00+00:00,1.772,0.262,8.7
LOC033-U01,2026-01-03T11:15:00+00:00,1.985,0.233,9.11
LOC033-U01,2026-01-03T11:30:00+00:00,0.619,0.282,8.18
LOC033-U01,2026-01-03T11:45:00+00:00,2.65,0.368,11.8
LOC033-U01,2026-01-03T12:00:00+00:00,2.692,0.292,7.34
LOC033-U01,2026-01-03T12:15:00+00:00,0.838,0.366,9.73
LOC033-U01,2026-01-03T12:30:00+00:00,2.135,0.253,9.44
LOC033-U01,2026-01-03T12:45:00+00:00,2.496,0.288,7.7
LOC033-U01,2026-01-03T13:00:00+00:00,1.866,0.253,8.27
LOC033-U01,2026-01-03T13:15:00+00:00,2.213,0.35,8.37
LOC033-U01,2026-01-03T13:30:00+00:00,2.588,0.23,10.05
LOC033-U01,2026-01-03T13:45:00+00:00,2.541,0.313,10.33
LOC033-U01,2026-01-03T14:00:00+00:00,2.763,0.269,9.32
LOC033-U01,2026-01-03T14:15:00+00:00,2.365,0.302,10.98
LOC033-U01,2026-01-03T14:30:00+00:00,1.784,0.379,9.78
LOC033-U01,2026-01-03T14:45:00+00:00,3.048,0.223,6.75
LOC033-U01,2026-01-03T15:00:00+00:00,2.264,0.252,6.86
LOC033-U01,2026-01-03T15:15:00+00:00,2.718,0.328,8.05
LOC033-U01,2026-01-03T15:30:00+00:00,1.305,0.338,10.9
LOC033-U01,2026-01-03T15:45:00+00:00,2.428,0.241,6.95
LOC033-U01,2026-01-03T16:00:00+00:00,2.384,0.302,9.09
LOC033-U01,2026-01-03T16:15:00+00:00,2.311,0.348,9.52
LOC033-U01,2026-01-03T16:30:00+00:00,2.267,0.245,8.88
LOC033-U01,2026-01-03T16:45:00+00:00,1.396,0.271,10.81
LOC033-U01,2026-01-03T17:00:00+00:00,2.135,0.346,7.37
LOC033-U01,2026-01-03T17:15:00+00:00,2.729,0.241,8.06
LOC033-U01,2026-01-03T17:30:00+00:00,2.073,0.293,7.45
LOC033-U01,2026-01-03T17:45:00+00:00,1.779,0.375,8.96
LOC033-U01,2026-01-03T18:00:00+00:00,1.537,0.375,7.47
LOC033-U01,2026-01-03T18:15:00+00:00,2.197,0.261,9.78
LOC033-U01,2026-01-03T18:30:00+00:00,1.574,0.264,7.45
LOC033-U01,2026-01-03T18:45:00+00:00,1.957,0.343,11.57
LOC033-U01,2026-01-03T19:00:00+00:00,2.765,0.282,11.7
LOC033-U01,2026-01-03T19:15:00+00:00,2.258,0.372,9.57
LOC033-U01,2026-01-03T19:30:00+00:00,2.306,0.234,10.44
LOC033-U01,2026-01-03T19:45:00+00:00,2.123,0.336,10.84
LOC033-U01,2026-01-03T20:00:00+00:00,3.13,0.33,11.07
LOC033-U01,2026-01-03T20:15:00+00:00,2.536,0.339,8.59
LOC033-U01,2026-01-03T20:30:00+00:00,2.971,0.246,10.15
LOC033-U01,2026-01-03T20:45:00+00:00,2.182,0.243,9.62
LOC033-U01,2026-01-03T21:00:00+00:00,1.922,0.335,7.62
LOC033-U01,2026-01-03T21:15:00+00:00,2.36,0.238,11.22
LOC033-U01,2026-01-03T21:30:00+00:00,1.961,0.358,8.77
LOC033-U01,2026-01-03T21:45:00+00:00,2.585,0.237,6.76
LOC033-U01,2026-01-03T22:00:00+00:00,1.729,0.374,9.45
LOC033-U01,2026-01-03T22:15:00+00:00,2.578,0.31,7.1
LOC033-U01,2026-01-03T22:30:00+00:00,1.905,0.283,7.49
LOC033-U01,2026-01-03T22:45:00+00:00,2.026,0.278,9.27
LOC033-U01,2026-01-03T23:00:00+00:00,2.377,0.35,6.95
LOC033-U01,2026-01-03T23:15:00+00:00,1.497,0.305,6.9
LOC033-U01,2026-01-03T23:30:00+00:00,2.06,0.227,9.58
LOC033-U01,2026-01-03T23:45:00+00:00,1.738,0.357,7.66
LOC033-U01,2026-01-04T00:00:00+00:00,2.445,0.261,9.95
LOC033-U01,2026-01-04T00:15:00+00:00,1.736,0.241,7.38
LOC033-U01,2026-01-04T00:30:00+00:00,2.542,0.34,7.78
LOC033-U01,2026-01-04T00:45:00+00:00,2.324,0.353,10.21
LOC033-U01,2026-01-04T01:00:00+00:00,2.367,0.355,10.29
LOC033-U01,2026-01-04T01:15:00+00:00,2.184,0.236,7.98
LOC033-U01,2026-01-04T01:30:00+00:00,2.134,0.351,10.13
LOC033-U01,2026-01-04T01:45:00+00:00,2.279,0.337,7.41
LOC033-U01,2026-01-04T02:00:00+00:00,1.653,0.377,7.88
LOC033-U01,2026-01-04T02:15:00+00:00,2.231,0.327,8.44
LOC033-U01,2026-01-04T02:30:00+00:00,1.221,0.353,9.89
LOC033-U01,2026-01-04T02:45:00+00:00,3.36,0.255,8.56
LOC033-U01,2026-01-04T03:00:00+00:00,1.855,0.377,8.92
LOC033-U01,2026-01-04T03:15:00+00:00,1.319,0.301,7.04
LOC033-U01,2026-01-04T03:30:00+00:00,2.301,0.344,8.72
LOC033-U01,2026-01-04T03:45:00+00:00,1.964,0.26,8.7
LOC038-U02,2026-01-03T10:00:00+00:00,1.912,0.343,6.78
LOC038-U02,2026-01-03T10:15:00+00:00,1.779,0.359,7.02
LOC038-U02,2026-01-03T10:30:00+00:00,1.907,0.234,10.16
LOC038-U02,2026-01-03T10:45:00+00:00,2.328,0.334,11.07
LOC038-U02,2026-01-03T11:00:00+00:00,2.639,0.257,11.65
LOC038-U02,2026-01-03T11:15:00+00:00,1.474,0.304,7.7
LOC038-U02,2026-01-03T11:30:00+00:00,1.624,0.221,7.08
LOC038-U02,2026-01-03T11:45:00+00:00,2.308,0.269,9.18
LOC038-U02,2026-01-03T12:00:00+00:00,2.369,0.363,7.25
LOC038-U02,2026-01-03T12:15:00+00:00,1.883,0.334,9.96
LOC038-U02,2026-01-03T12:30:00+00:00,3.201,0.369,8.3
LOC038-U02,2026-01-03T12:45:00+00:00,2.496,0.341,9.98
LOC038-U02,2026-01-03T13:00:00+00:00,1.063,0.341,6.83
LOC038-U02,2026-01-03T13:15:00+00:00,2.682,0.335,9.16
LOC038-U02,2026-01-03T13:30:00+00:00,2.002,0.261,9.73
LOC038-U02,2026-01-03T13:45:00+00:00,2.138,0.247,7.41
LOC038-U02,2026-01-03T14:00:00+00:00,2.353,0.345,10.76
LOC038-U02,2026-01-03T14:15:00+00:00,2.088,0.259,6.78
LOC038-U02,2026-01-03T14:30:00+00:00,2.324,0.242,7.35
LOC038-U02,2026-01-03T14:45:00+00:00,2.266,0.366,6.87
LOC038-U02,2026-01-03T15:00:00+00:00,1.807,0.259,8.42
LOC038-U02,2026-01-03T15:15:00+00:00,2.199,0.335,6.81
LOC038-U02,2026-01-03T15:30:00+00:00,2.354,0.245,10.04
LOC038-U02,2026-01-03T15:45:00+00:00,2.202,0.371,11.42
LOC038-U02,2026-01-03T16:00:00+00:00,2.359,0.295,7.49
LOC038-U02,2026-01-03T16:15:00+00:00,2.687,0.24,10.39
LOC038-U02,2026-01-03T16:30:00+00:00,2.798,0.31,11.18
LOC038-U02,2026-01-03T16:45:00+00:00,1.768,0.282,7.46
LOC038-U02,2026-01-03T17:00:00+00:00,2.118,0.313,10.5
LOC038-U02,2026-01-03T17:15:00+00:00,2.829,0.257,8.59
LOC038-U02,2026-01-03T17:30:00+00:00,1.672,0.291,10.2
LOC038-U02,2026-01-03T17:45:00+00:00,2.922,0.352,9.55
LOC038-U02,2026-01-03T18:00:00+00:00,1.917,0.25,10.27
LOC038-U02,2026-01-03T18:15:00+00:00,1.103,0.25,10.02
LOC038-U02,2026-01-03T18:30:00+00:00,2.343,0.253,9.52
LOC038-U02,2026-01-03T18:45:00+00:00,1.698,0.316,7.95
LOC038-U02,2026-01-03T19:00:00+00:00,1.266,0.229,8.65
LOC038-U02,2026-01-03T19:15:00+00:00,2.718,0.265,8.39
LOC038-U02,2026-01-03T19:30:00+00:00,1.679,0.361,8.05
LOC038-U02,2026-01-03T19:45:00+00:00,2.232,0.336,9.41
LOC038-U02,2026-01-03T20:00:00+00:00,1.86,0.264,10.86
LOC038-U02,2026-01-03T20:15:00+00:00,2.346,0.341,8.95
LOC038-U02,2026-01-03T20:30:00+00:00,1.446,0.361,8.65
LOC038-U02,2026-01-03T20:45:00+00:00,1.848,0.325,9.69
LOC038-U02,2026-01-03T21:00:00+00:00,2.277,0.377,10.62
LOC038-U02,2026-01-03T21:15:00+00:00,1.774,0.351,8.55
LOC038-U02,2026-01-03T21:30:00+00:00,1.909,0.328,7.91
LOC038-U02,2026-01-03T21:45:00+00:00,2.9,0.255,9.9
LOC038-U02,2026-01-03T22:00:00+00:00,2.355,0.251,11.01
LOC038-U02,2026-01-03T22:15:00+00:00,2.499,0.375,11.91
LOC038-U02,2026-01-03T22:30:00+00:00,1.787,0.377,8.86
LOC038-U02,2026-01-03T22:45:00+00:00,2.185,0.366,7.92
LOC038-U02,2026-01-03T23:00:00+00:00,1.813,0.34,8.24
LOC038-U02,2026-01-03T23:15:00+00:00,2.13,0.3,10.3
LOC038-U02,2026-01-03T23:30:00+00:00,1.979,0.258,7.09
LOC038-U02,2026-01-03T23:45:00+00:00,0.854,0.349,8.43
LOC038-U02,2026-01-04T00:00:00+00:00,2.491,0.246,8.33
LOC038-U02,2026-01-04T00:15:00+00:00,1.535,0.304,9.4
LOC038-U02,2026-01-04T00:30:00+00:00,1.326,0.352,9.81
LOC038-U02,2026-01-04T00:45:00+00:00,2.756,0.292,10.11
LOC038-U02,2026-01-04T01:00:00+00:00,2.038,0.293,9.21
LOC038-U02,2026-01-04T01:15:00+00:00,1.987,0.241,10.02
LOC038-U02,2026-01-04T01:30:00+00:00,2.574,0.254,10.2
LOC038-U02,2026-01-04T01:45:00+00:00,2.184,0.325,9.51
LOC038-U02,2026-01-04T02:00:00+00:00,2.457,0.296,11.35
LOC038-U02,2026-01-04T02:15:00+00:00,2.417,0.226,7.16
LOC038-U02,2026-01-04T02:30:00+00:00,2.879,0.232,10.27
LOC038-U02,2026-01-04T02:45:00+00:00,2.291,0.374,9.18
LOC038-U02,2026-01-04T03:00:00+00:00,2.135,0.356,11.45
LOC038-U02,2026-01-04T03:15:00+00:00,1.849,0.324,11.15
LOC038-U02,2026-01-04T03:30:00+00:00,1.889,0.319,9.82
LOC038-U02,2026-01-04T03:45:00+00:00,2.297,0.339,10.6
LOC027-U02,2026-01-03T10:00:00+00:00,1.978,0.247,8.36
LOC027-U02,2026-01-03T10:15:00+00:00,2.197,0.285,7.5
LOC027-U02,2026-01-03T10:30:00+00:00,1.58,0.303,6.88
LOC027-U02,2026-01-03T10:45:00+00:00,2.629,0.357,7.9
LOC027-U02,2026-01-03T11:00:00+00:00,2.195,0.29,10.03
LOC027-U02,2026-01-03T11:15:00+00:00,2.552,0.35,7.98
LOC027-U02,2026-01-03T11:30:00+00:00,2.357,0.274,6.66
LOC027-U02,2026-01-03T11:45:00+00:00,1.788,0.232,10.69
LOC027-U02,2026-01-03T12:00:00+00:00,2.503,0.379,7.06
LOC027-U02,2026-01-03T12:15:00+00:00,0.482,0.264,7.4
LOC027-U02,2026-01-03T12:30:00+00:00,1.979,0.234,8.17
LOC027-U02,2026-01-03T12:45:00+00:00,2.738,0.324,11.45
LOC027-U02,2026-01-03T13:00:00+00:00,2.204,0.268,6.64
LOC027-U02,2026-01-03T13:15:00+00:00,1.071,0.34,6.92
LOC027-U02,2026-01-03T13:30:00+00:00,2.147,0.339,7.36
LOC027-U02,2026-01-03T13:45:00+00:00,2.552,0.36,11.61
LOC027-U02,2026-01-03T14:00:00+00:00,1.571,0.263,9.39
LOC027-U02,2026-01-03T14:15:00+00:00,1.809,0.285,8.43
LOC027-U02,2026-01-03T14:30:00+00:00,2.649,0.282,9.9
LOC027-U02,2026-01-03T14:45:00+00:00,3.188,0.305,7.05
LOC027-U02,2026-01-03T15:00:00+00:00,1.63,0.28,8.82
LOC027-U02,2026-01-03T15:15:00+00:00,1.302,0.283,6.61
LOC027-U02,2026-01-03T15:30:00+00:00,2.386,0.243,9.95
LOC027-U02,2026-01-03T15:45:00+00:00,1.086,0.358,11.25
LOC027-U02,2026-01-03T16:00:00+00:00,2.324,0.296,9.78
LOC027-U02,2026-01-03T16:15:00+00:00,1.576,0.376,6.64
LOC027-U02,2026-01-03T16:30:00+00:00,1.705,0.322,11.44
LOC027-U02,2026-01-03T16:45:00+00:00,3.132,0.259,7.24
LOC027-U02,2026-01-03T17:00:00+00:00,1.955,0.274,11.48
LOC027-U02,2026-01-03T17:15:00+00:00,1.894,0.328,7.21
LOC027-U02,2026-01-03T17:30:00+00:00,2.584,0.249,9.95
LOC027-U02,2026-01-03T17:45:00+00:00,1.872,0.374,10.74
LOC027-U02,2026-01-03T18:00:00+00:00,2.187,0.345,9.62
LOC027-U02,2026-01-03T18:15:00+00:00,1.866,0.294,9.77
LOC027-U02,2026-01-03T18:30:00+00:00,2.034,0.344,8.82
LOC027-U02,2026-01-03T18:45:00+00:00,1.371,0.258,8.99
LOC027-U02,2026-01-03T19:00:00+00:00,2.549,0.307,8.92
LOC027-U02,2026-01-03T19:15:00+00:00,2.166,0.324,7.51
LOC027-U02,2026-01-03T19:30:00+00:00,1.994,0.31,9.1
LOC027-U02,2026-01-03T19:45:00+00:00,2.287,0.293,9.51
LOC027-U02,2026-01-03T20:00:00+00:00,2.3,0.345,6.82
LOC027-U02,2026-01-03T20:15:00+00:00,0.866,0.245,9.67
LOC027-U02,2026-01-03T20:30:00+00:00,1.783,0.356,11.11
LOC027-U02,2026-01-03T20:45:00+00:00,2.971,0.344,11.36
LOC027-U02,2026-01-03T21:00:00+00:00,3.166,0.251,10.46
LOC027-U02,2026-01-03T21:15:00+00:00,0.432,0.298,8.52
LOC027-U02,2026-01-03T21:30:00+00:00,1.867,0.271,8.76
LOC027-U02,2026-01-03T21:45:00+00:00,1.551,0.347,7.18
LOC027-U02,2026-01-03T22:00:00+00:00,2.212,0.251,9.85
LOC027-U02,2026-01-03T22:15:00+00:00,2.44,0.229,10.28
LOC027-U02,2026-01-03T22:30:00+00:00,2.026,0.253,6.62
LOC027-U02,2026-01-03T22:45:00+00:00,2.302,0.272,7.91
LOC027-U02,2026-01-03T23:00:00+00:00,2.639,0.301,8.54
LOC027-U02,2026-01-03T23:15:00+00:00,2.15,0.22,8.66
LOC027-U02,2026-01-03T23:30:00+00:00,1.943,0.239,6.73
LOC027-U02,2026-01-03T23:45:00+00:00,2.522,0.362,7.73
LOC027-U02,2026-01-04T00:00:00+00:00,3.078,0.278,7.0
LOC027-U02,2026-01-04T00:15:00+00:00,3.181,0.36,7.99
LOC027-U02,2026-01-04T00:30:00+00:00,1.595,0.331,6.74
LOC027-U02,2026-01-04T00:45:00+00:00,2.252,0.352,6.98
LOC027-U02,2026-01-04T01:00:00+00:00,2.1,0.34,8.69
LOC027-U02,2026-01-04T01:15:00+00:00,1.915,0.377,9.48
LOC027-U02,2026-01-04T01:30:00+00:00,2.212,0.337,10.73
LOC027-U02,2026-01-04T01:45:00+00:00,2.302,0.288,8.34
LOC027-U02,2026-01-04T02:00:00+00:00,2.233,0.328,7.68
LOC027-U02,2026-01-04T02:15:00+00:00,2.271,0.294,7.42
LOC027-U02,2026-01-04T02:30:00+00:00,3.104,0.247,8.26
LOC027-U02,2026-01-04T02:45:00+00:00,2.959,0.273,10.73
LOC027-U02,2026-01-04T03:00:00+00:00,2.086,0.358,7.86
LOC027-U02,2026-01-04T03:15:00+00:00,1.853,0.293,9.06
LOC027-U02,2026-01-04T03:30:00+00:00,2.322,0.243,7.55
LOC027-U02,2026-01-04T03:45:00+00:00,2.668,0.232,10.05
LOC003-U02,2026-01-03T10:00:00+00:00,1.322,0.327,7.18
LOC003-U02,2026-01-03T10:15:00+00:00,1.813,0.278,10.74
LOC003-U02,2026-01-03T10:30:00+00:00,2.833,0.315,7.06
LOC003-U02,2026-01-03T10:45:00+00:00,2.173,0.28,10.02
LOC003-U02,2026-01-03T11:00:00+00:00,2.238,0.331,7.23
LOC003-U02,2026-01-03T11:15:00+00:00,3.164,0.342,8.82
LOC003-U02,2026-01-03T11:30:00+00:00,1.672,0.364,10.08
LOC003-U02,2026-01-03T11:45:00+00:00,2.006,0.312,9.06
LOC003-U02,2026-01-03T12:00:00+00:00,1.835,0.285,7.64
LOC003-U02,2026-01-03T12:15:00+00:00,2.114,0.359,6.83
LOC003-U02,2026-01-03T12:30:00+00:00,1.702,0.247,6.66
LOC003-U02,2026-01-03T12:45:00+00:00,2.364,0.329,9.07
LOC003-U02,2026-01-03T13:00:00+00:00,2.253,0.246,10.58
LOC003-U02,2026-01-03T13:15:00+00:00,1.719,0.281,9.13
LOC003-U02,2026-01-03T13:30:00+00:00,2.863,0.368,7.61
LOC003-U02,2026-01-03T13:45:00+00:00,2.243,0.249,11.1
LOC003-U02,2026-01-03T14:00:00+00:00,2.474,0.324,7.98
LOC003-U02,2026-01-03T14:15:00+00:00,1.358,0.339,9.24
LOC003-U02,2026-01-03T14:30:00+00:00,1.702,0.315,7.15
LOC003-U02,2026-01-03T14:45:00+00:00,1.638,0.288,11.3
LOC003-U02,2026-01-03T15:00:00+00:00,1.571,0.347,11.07
LOC003-U02,2026-01-03T15:15:00+00:00,1.836,0.352,7.76
LOC003-U02,2026-01-03T15:30:00+00:00,2.211,0.336,7.73
LOC003-U02,2026-01-03T15:45:00+00:00,1.62,0.378,8.34
LOC003-U02,2026-01-03T16:00:00+00:00,2.083,0.373,11.08
LOC003-U02,2026-01-03T16:15:00+00:00,2.745,0.271,10.92
LOC003-U02,2026-01-03T16:30:00+00:00,1.552,0.222,7.92
LOC003-U02,2026-01-03T16:45:00+00:00,2.585,0.252,7.97
LOC003-U02,2026-01-03T17:00:00+00:00,1.724,0.327,10.86
LOC003-U02,2026-01-03T17:15:00+00:00,2.683,0.368,9.46
LOC003-U02,2026-01-03T17:30:00+00:00,2.086,0.336,8.16
LOC003-U02,2026-01-03T17:45:00+00:00,1.956,0.272,7.54
LOC003-U02,2026-01-03T18:00:00+00:00,0.842,0.233,6.87
LOC003-U02,2026-01-03T18:15:00+00:00,2.613,0.334,9.56
LOC003-U02,2026-01-03T18:30:00+00:00,2.404,0.348,8.52
LOC003-U02,2026-01-03T18:45:00+00:00,2.167,0.281,9.55
LOC003-U02,2026-01-03T19:00:00+00:00,1.815,0.233,9.01
LOC003-U02,2026-01-03T19:15:00+00:00,1.671,0.275,9.83
LOC003-U02,2026-01-03T19:30:00+00:00,2.186,0.303,10.07
LOC003-U02,2026-01-03T19:45:00+00:00,2.26,0.368,9.32
LOC003-U02,2026-01-03T20:00:00+00:00,1.715,0.346,7.96
LOC003-U02,2026-01-03T20:15:00+00:00,2.411,0.234,9.06
LOC003-U02,2026-01-03T20:30:00+00:00,2.481,0.244,8.29
LOC003-U02,2026-01-03T20:45:00+00:00,1.902,0.326,8.95
LOC003-U02,2026-01-03T21:00:00+00:00,1.388,0.35,8.24
LOC003-U02,2026-01-03T21:15:00+00:00,1.877,0.274,11.13
LOC003-U02,2026-01-03T21:30:00+00:00,2.141,0.361,8.1
LOC003-U02,2026-01-03T21:45:00+00:00,2.948,0.223,6.89
LOC003-U02,2026-01-03T22:00:00+00:00,1.527,0.34,7.98
LOC003-U02,2026-01-03T22:15:00+00:00,1.841,0.316,8.41
LOC003-U02,2026-01-03T22:30:00+00:00,2.641,0.268,6.98
LOC003-U02,2026-01-03T22:45:00+00:00,2.269,0.236,8.1
LOC003-U02,2026-01-03T23:00:00+00:00,2.124,0.332,11.09
LOC003-U02,2026-01-03T23:15:00+00:00,2.207,0.255,10.49
LOC003-U02,2026-01-03T23:30:00+00:00,2.186,0.244,10.93
LOC003-U02,2026-01-03T23:45:00+00:00,1.712,0.247,6.45
LOC003-U02,2026-01-04T00:00:00+00:00,1.916,0.307,10.55
LOC003-U02,2026-01-04T00:15:00+00:00,1.648,0.232,7.53
LOC003-U02,2026-01-04T00:30:00+00:00,2.875,0.352,9.17
LOC003-U02,2026-01-04T00:45:00+00:00,1.956,0.371,8.98
LOC003-U02,2026-01-04T01:00:00+00:00,2.284,0.375,10.17
LOC003-U02,2026-01-04T01:15:00+00:00,2.469,0.305,8.43
LOC003-U02,2026-01-04T01:30:00+00:00,1.325,0.368,9.38
LOC003-U02,2026-01-04T01:45:00+00:00,2.058,0.327,9.78
LOC003-U02,2026-01-04T02:00:00+00:00,1.69,0.271,9.86
LOC003-U02,2026-01-04T02:15:00+00:00,2.672,0.237,9.02
LOC003-U02,2026-01-04T02:30:00+00:00,1.774,0.337,8.71
LOC003-U02,2026-01-04T02:45:00+00:00,2.084,0.248,10.7
LOC003-U02,2026-01-04T03:00:00+00:00,1.437,0.25,8.08
LOC003-U02,2026-01-04T03:15:00+00:00,2.162,0.232,8.04
LOC003-U02,2026-01-04T03:30:00+00:00,2.801,0.288,10.54
LOC003-U02,2026-01-04T03:45:00+00:00,1.776,0.269,9.12
LOC036-U01,2026-01-03T10:00:00+00:00,1.221,0.314,7.88
LOC036-U01,2026-01-03T10:15:00+00:00,3.383,0.302,9.62
LOC036-U01,2026-01-03T10:30:00+00:00,2.167,0.363,11.41
LOC036-U01,2026-01-03T10:45:00+00:00,1.607,0.249,9.16
LOC036-U01,2026-01-03T11:00:00+00:00,2.104,0.37,9.75
LOC036-U01,2026-01-03T11:15:00+00:00,1.01,0.346,8.0
LOC036-U01,2026-01-03T11:30:00+00:00,2.772,0.262,7.37
LOC036-U01,2026-01-03T11:45:00+00:00,2.407,0.343,7.41
LOC036-U01,2026-01-03T12:00:00+00:00,2.103,0.245,8.14
LOC036-U01,2026-01-03T12:15:00+00:00,2.05,0.232,10.68
LOC036-U01,2026-01-03T12:30:00+00:00,2.089,0.302,6.81
LOC036-U01,2026-01-03T12:45:00+00:00,2.138,0.293,6.88
LOC036-U01,2026-01-03T13:00:00+00:00,2.246,0.239,9.87
LOC036-U01,2026-01-03T13:15:00+00:00,2.188,0.226,9.79
LOC036-U01,2026-01-03T13:30:00+00:00,1.087,0.279,11.19
LOC036-U01,2026-01-03T13:45:00+00:00,2.152,0.256,9.53
LOC036-U01,2026-01-03T14:00:00+00:00,2.347,0.334,11.38
LOC036-U01,2026-01-03T14:15:00+00:00,0.933,0.334,8.76
LOC036-U01,2026-01-03T14:30:00+00:00,2.53,0.31,11.17
LOC036-U01,2026-01-03T14:45:00+00:00,2.012,0.352,7.88
LOC036-U01,2026-01-03T15:00:00+00:00,1.726,0.317,11.24
LOC036-U01,2026-01-03T15:15:00+00:00,2.709,0.251,8.18
LOC036-U01,2026-01-03T15:30:00+00:00,1.36,0.373,10.33
LOC036-U01,2026-01-03T15:45:00+00:00,2.383,0.322,9.88
LOC036-U01,2026-01-03T16:00:00+00:00,1.825,0.234,8.8
LOC036-U01,2026-01-03T16:15:00+00:00,2.369,0.286,9.8
LOC036-U01,2026-01-03T16:30:00+00:00,2.425,0.253,10.91
LOC036-U01,2026-01-03T16:45:00+00:00,1.168,0.312,7.72
LOC036-U01,2026-01-03T17:00:00+00:00,1.88,0.312,11.52
LOC036-U01,2026-01-03T17:15:00+00:00,1.921,0.299,9.87
LOC036-U01,2026-01-03T17:30:00+00:00,2.249,0.37,7.46
LOC036-U01,2026-01-03T17:45:00+00:00,3.043,0.304,10.84
LOC036-U01,2026-01-03T18:00:00+00:00,1.989,0.363,11.39
LOC036-U01,2026-01-03T18:15:00+00:00,2.068,0.241,10.6
LOC036-U01,2026-01-03T18:30:00+00:00,1.957,0.245,8.55
LOC036-U01,2026-01-03T18:45:00+00:00,2.799,0.26,9.87
LOC036-U01,2026-01-03T19:00:00+00:00,2.119,0.293,6.97
LOC036-U01,2026-01-03T19:15:00+00:00,2.635,0.332,8.99
LOC036-U01,2026-01-03T19:30:00+00:00,1.737,0.372,10.6
LOC036-U01,2026-01-03T19:45:00+00:00,2.586,0.225,9.97
LOC036-U01,2026-01-03T20:00:00+00:00,2.317,0.301,11.4
LOC036-U01,2026-01-03T20:15:00+00:00,2.047,0.228,8.85
LOC036-U01,2026-01-03T20:30:00+00:00,1.929,0.351,10.51
LOC036-U01,2026-01-03T20:45:00+00:00,2.759,0.332,8.0
LOC036-U01,2026-01-03T21:00:00+00:00,2.646,0.297,11.31
LOC036-U01,2026-01-03T21:15:00+00:00,1.643,0.278,8.68
LOC036-U01,2026-01-03T21:30:00+00:00,1.975,0.332,10.38
LOC036-U01,2026-01-03T21:45:00+00:00,1.783,0.368,10.55
LOC036-U01,2026-01-03T22:00:00+00:00,2.288,0.292,11.27
LOC036-U01,2026-01-03T22:15:00+00:00,1.398,0.36,10.05
LOC036-U01,2026-01-03T22:30:00+00:00,2.127,0.264,8.99
LOC036-U01,2026-01-03T22:45:00+00:00,1.735,0.365,11.3
LOC036-U01,2026-01-03T23:00:00+00:00,1.924,0.333,10.07
LOC036-U01,2026-01-03T23:15:00+00:00,2.196,0.332,9.37
LOC036-U01,2026-01-03T23:30:00+00:00,3.433,0.251,7.54
LOC036-U01,2026-01-03T23:45:00+00:00,2.397,0.282,8.33
LOC036-U01,2026-01-04T00:00:00+00:00,2.604,0.328,7.69
LOC036-U01,2026-01-04T00:15:00+00:00,3.379,0.34,11.32
LOC036-U01,2026-01-04T00:30:00+00:00,2.184,0.31,8.54
LOC036-U01,2026-01-04T00:45:00+00:00,2.32,0.33,9.07
LOC036-U01,2026-01-04T01:00:00+00:00,1.907,0.346,10.83
LOC036-U01,2026-01-04T01:15:00+00:00,2.042,0.34,7.41
LOC036-U01,2026-01-04T01:30:00+00:00,2.012,0.315,8.56
LOC036-U01,2026-01-04T01:45:00+00:00,2.062,0.298,7.88
LOC036-U01,2026-01-04T02:00:00+00:00,2.456,0.349,7.41
LOC036-U01,2026-01-04T02:15:00+00:00,2.297,0.348,9.15
LOC036-U01,2026-01-04T02:30:00+00:00,1.535,0.317,10.75
LOC036-U01,2026-01-04T02:45:00+00:00,2.417,0.377,8.05
LOC036-U01,2026-01-04T03:00:00+00:00,1.989,0.221,8.15
LOC036-U01,2026-01-04T03:15:00+00:00,1.619,0.291,11.37
LOC036-U01,2026-01-04T03:30:00+00:00,2.87,0.275,8.07
LOC036-U01,2026-01-04T03:45:00+00:00,3.0,0.29,7.94
LOC035-U01,2026-01-03T10:00:00+00:00,1.661,0.352,11.13
LOC035-U01,2026-01-03T10:15:00+00:00,1.051,0.31,9.01
LOC035-U01,2026-01-03T10:30:00+00:00,2.535,0.348,9.31
LOC035-U01,2026-01-03T10:45:00+00:00,1.952,0.238,7.07
LOC035-U01,2026-01-03T11:00:00+00:00,3.25,0.295,11.38
LOC035-U01,2026-01-03T11:15:00+00:00,1.584,0.351,10.0
LOC035-U01,2026-01-03T11:30:00+00:00,1.51,0.283,10.86
LOC035-U01,2026-01-03T11:45:00+00:00,2.308,0.336,6.83
LOC035-U01,2026-01-03T12:00:00+00:00,1.158,0.351,10.56
LOC035-U01,2026-01-03T12:15:00+00:00,1.445,0.361,8.79
LOC035-U01,2026-01-03T12:30:00+00:00,2.13,0.251,10.61
LOC035-U01,2026-01-03T12:45:00+00:00,0.651,0.356,7.26
LOC035-U01,2026-01-03T13:00:00+00:00,2.498,0.375,8.36
LOC035-U01,2026-01-03T13:15:00+00:00,2.267,0.253,10.17
LOC035-U01,2026-01-03T13:30:00+00:00,2.245,0.264,9.25
LOC035-U01,2026-01-03T13:45:00+00:00,2.061,0.353,8.32
LOC035-U01,2026-01-03T14:00:00+00:00,2.893,0.25,6.85
LOC035-U01,2026-01-03T14:15:00+00:00,1.713,0.3,7.31
LOC035-U01,2026-01-03T14:30:00+00:00,2.555,0.295,9.93
LOC035-U01,2026-01-03T14:45:00+00:00,2.083,0.25,8.8
LOC035-U01,2026-01-03T15:00:00+00:00,1.937,0.234,7.48
LOC035-U01,2026-01-03T15:15:00+00:00,1.905,0.295,9.16
LOC035-U01,2026-01-03T15:30:00+00:00,2.486,0.3,10.18
LOC035-U01,2026-01-03T15:45:00+00:00,2.575,0.291,7.9
LOC035-U01,2026-01-03T16:00:00+00:00,1.844,0.32,10.53
LOC035-U01,2026-01-03T16:15:00+00:00,2.382,0.3,6.74
LOC035-U01,2026-01-03T16:30:00+00:00,1.522,0.238,7.49
LOC035-U01,2026-01-03T16:45:00+00:00,2.931,0.251,9.12
LOC035-U01,2026-01-03T17:00:00+00:00,1.073,0.294,6.97
LOC035-U01,2026-01-03T17:15:00+00:00,2.509,0.243,11.25
LOC035-U01,2026-01-03T17:30:00+00:00,2.886,0.288,11.37
LOC035-U01,2026-01-03T17:45:00+00:00,1.76,0.291,8.78
LOC035-U01,2026-01-03T18:00:00+00:00,1.498,0.371,9.44
LOC035-U01,2026-01-03T18:15:00+00:00,2.21,0.312,7.39
LOC035-U01,2026-01-03T18:30:00+00:00,2.44,0.254,10.3
LOC035-U01,2026-01-03T18:45:00+00:00,2.848,0.294,8.44
LOC035-U01,2026-01-03T19:00:00+00:00,1.965,0.263,9.27
LOC035-U01,2026-01-03T19:15:00+00:00,1.292,0.224,6.55
LOC035-U01,2026-01-03T19:30:00+00:00,2.667,0.305,10.49
LOC035-U01,2026-01-03T19:45:00+00:00,2.494,0.322,11.09
LOC035-U01,2026-01-03T20:00:00+00:00,2.085,0.271,8.41
LOC035-U01,2026-01-03T20:15:00+00:00,1.121,0.24,10.47
LOC035-U01,2026-01-03T20:30:00+00:00,3.055,0.23,9.01
LOC035-U01,2026-01-03T20:45:00+00:00,1.836,0.263,7.66
LOC035-U01,2026-01-03T21:00:00+00:00,1.762,0.341,8.91
LOC035-U01,2026-01-03T21:15:00+00:00,1.798,0.268,7.89
LOC035-U01,2026-01-03T21:30:00+00:00,1.856,0.286,9.52
LOC035-U01,2026-01-03T21:45:00+00:00,2.505,0.337,8.75
LOC035-U01,2026-01-03T22:00:00+00:00,2.531,0.357,7.24
LOC035-U01,2026-01-03T22:15:00+00:00,2.048,0.26,6.9
LOC035-U01,2026-01-03T22:30:00+00:00,1.908,0.255,7.78
LOC035-U01,2026-01-03T22:45:00+00:00,2.04,0.32,11.47
LOC035-U01,2026-01-03T23:00:00+00:00,1.736,0.234,7.04
LOC035-U01,2026-01-03T23:15:00+00:00,2.446,0.279,10.13
LOC035-U01,2026-01-03T23:30:00+00:00,1.933,0.329,10.13
LOC035-U01,2026-01-03T23:45:00+00:00,1.064,0.325,8.2
LOC035-U01,2026-01-04T00:00:00+00:00,2.146,0.374,9.38
LOC035-U01,2026-01-04T00:15:00+00:00,2.822,0.332,9.34
LOC035-U01,2026-01-04T00:30:00+00:00,2.461,0.228,7.35
LOC035-U01,2026-01-04T00:45:00+00:00,2.901,0.376,11.11
LOC035-U01,2026-01-04T01:00:00+00:00,1.83,0.33,11.55
LOC035-U01,2026-01-04T01:15:00+00:00,2.008,0.303,8.72
LOC035-U01,2026-01-04T01:30:00+00:00,2.542,0.286,7.1
LOC035-U01,2026-01-04T01:45:00+00:00,2.42,0.28,8.43
LOC035-U01,2026-01-04T02:00:00+00:00,2.383,0.301,7.32
LOC035-U01,2026-01-04T02:15:00+00:00,1.864,0.355,10.48
LOC035-U01,2026-01-04T02:30:00+00:00,1.485,0.31,11.43
LOC035-U01,2026-01-04T02:45:00+00:00,1.394,0.37,11.44
LOC035-U01,2026-01-04T03:00:00+00:00,1.966,0.343,7.53
LOC035-U01,2026-01-04T03:15:00+00:00,1.404,0.274,8.72
LOC035-U01,2026-01-04T03:30:00+00:00,2.487,0.309,11.02
LOC035-U01,2026-01-04T03:45:00+00:00,2.773,0.252,11.48
LOC001-U01,2026-01-03T10:00:00+00:00,2.408,0.369,9.71
LOC001-U01,2026-01-03T10:15:00+00:00,1.623,0.275,11.13
LOC001-U01,2026-01-03T10:30:00+00:00,2.026,0.247,8.01
LOC001-U01,2026-01-03T10:45:00+00:00,1.802,0.287,11.31
LOC001-U01,2026-01-03T11:00:00+00:00,1.417,0.334,9.86
LOC001-U01,2026-01-03T11:15:00+00:00,2.861,0.324,11.58
LOC001-U01,2026-01-03T11:30:00+00:00,2.013,0.311,9.41
LOC001-U01,2026-01-03T11:45:00+00:00,2.255,0.271,11.29
LOC001-U01,2026-01-03T12:00:00+00:00,2.425,0.323,7.17
LOC001-U01,2026-01-03T12:15:00+00:00,1.944,0.272,10.43
LOC001-U01,2026-01-03T12:30:00+00:00,2.799,0.247,11.41
LOC001-U01,2026-01-03T12:45:00+00:00,2.023,0.272,11.41
LOC001-U01,2026-01-03T13:00:00+00:00,1.507,0.345,10.5
LOC001-U01,2026-01-03T13:15:00+00:00,2.597,0.253,8.14
LOC001-U01,2026-01-03T13:30:00+00:00,2.178,0.244,8.52
LOC001-U01,2026-01-03T13:45:00+00:00,1.981,0.315,11.4
LOC001-U01,2026-01-03T14:00:00+00:00,1.472,0.284,7.0
LOC001-U01,2026-01-03T14:15:00+00:00,1.935,0.27,6.59
LOC001-U01,2026-01-03T14:30:00+00:00,2.445,0.288,7.11
LOC001-U01,2026-01-03T14:45:00+00:00,2.554,0.327,11.77
LOC001-U01,2026-01-03T15:00:00+00:00,2.111,0.224,9.53
LOC001-U01,2026-01-03T15:15:00+00:00,2.401,0.282,11.21
LOC001-U01,2026-01-03T15:30:00+00:00,1.721,0.273,6.68
LOC001-U01,2026-01-03T15:45:00+00:00,2.4,0.305,10.93
LOC001-U01,2026-01-03T16:00:00+00:00,1.451,0.342,8.59
LOC001-U01,2026-01-03T16:15:00+00:00,2.214,0.304,8.46
LOC001-U01,2026-01-03T16:30:00+00:00,1.656,0.316,8.21
LOC001-U01,2026-01-03T16:45:00+00:00,3.216,0.378,12.09
LOC001-U01,2026-01-03T17:00:00+00:00,2.141,0.364,11.37
LOC001-U01,2026-01-03T17:15:00+00:00,3.816,0.278,9.12
LOC001-U01,2026-01-03T17:30:00+00:00,1.997,0.318,7.43
LOC001-U01,2026-01-03T17:45:00+00:00,2.823,0.262,7.53
LOC001-U01,2026-01-03T18:00:00+00:00,2.224,0.248,7.63
LOC001-U01,2026-01-03T18:15:00+00:00,1.399,0.289,8.78
LOC001-U01,2026-01-03T18:30:00+00:00,2.057,0.351,8.45
LOC001-U01,2026-01-03T18:45:00+00:00,1.755,0.249,9.1
LOC001-U01,2026-01-03T19:00:00+00:00,1.384,0.245,8.12
LOC001-U01,2026-01-03T19:15:00+00:00,2.545,0.251,6.8
LOC001-U01,2026-01-03T19:30:00+00:00,2.362,0.324,9.58
LOC001-U01,2026-01-03T19:45:00+00:00,2.513,0.278,11.0
LOC001-U01,2026-01-03T20:00:00+00:00,1.426,0.352,9.72
LOC001-U01,2026-01-03T20:15:00+00:00,1.877,0.311,8.78
LOC001-U01,2026-01-03T20:30:00+00:00,2.379,0.245,8.57
LOC001-U01,2026-01-03T20:45:00+00:00,2.618,0.343,7.03
LOC001-U01,2026-01-03T21:00:00+00:00,2.125,0.302,10.88
LOC001-U01,2026-01-03T21:15:00+00:00,2.485,0.368,9.28
LOC001-U01,2026-01-03T21:30:00+00:00,3.038,0.38,11.39
LOC001-U01,2026-01-03T21:45:00+00:00,1.962,0.372,9.45
LOC001-U01,2026-01-03T22:00:00+00:00,1.723,0.242,6.54
LOC001-U01,2026-01-03T22:15:00+00:00,2.605,0.266,10.26
LOC001-U01,2026-01-03T22:30:00+00:00,1.727,0.326,7.36
LOC001-U01,2026-01-03T22:45:00+00:00,2.274,0.272,9.85
LOC001-U01,2026-01-03T23:00:00+00:00,1.234,0.333,11.05
LOC001-U01,2026-01-03T23:15:00+00:00,2.245,0.355,7.02
LOC001-U01,2026-01-03T23:30:00+00:00,1.831,0.377,10.22
LOC001-U01,2026-01-03T23:45:00+00:00,2.031,0.31,9.43
LOC001-U01,2026-01-04T00:00:00+00:00,1.833,0.33,11.52
LOC001-U01,2026-01-04T00:15:00+00:00,1.826,0.292,9.13
LOC001-U01,2026-01-04T00:30:00+00:00,2.629,0.234,8.7
LOC001-U01,2026-01-04T00:45:00+00:00,2.759,0.342,7.35
LOC001-U01,2026-01-04T01:00:00+00:00,1.697,0.336,10.65
LOC001-U01,2026-01-04T01:15:00+00:00,2.946,0.25,9.42
LOC001-U01,2026-01-04T01:30:00+00:00,2.026,0.287,8.93
LOC001-U01,2026-01-04T01:45:00+00:00,1.922,0.237,10.67
LOC001-U01,2026-01-04T02:00:00+00:00,2.147,0.364,9.57
LOC001-U01,2026-01-04T02:15:00+00:00,2.545,0.229,9.19
LOC001-U01,2026-01-04T02:30:00+00:00,2.144,0.329,11.48
LOC001-U01,2026-01-04T02:45:00+00:00,1.881,0.225,11.18
LOC001-U01,2026-01-04T03:00:00+00:00,2.118,0.232,7.46
LOC001-U01,2026-01-04T03:15:00+00:00,1.928,0.285,10.09
LOC001-U01,2026-01-04T03:30:00+00:00,2.553,0.245,10.96
LOC001-U01,2026-01-04T03:45:00+00:00,2.358,0.303,7.83
LOC017-U02,2026-01-03T10:00:00+00:00,2.443,0.25,8.31
LOC017-U02,2026-01-03T10:15:00+00:00,2.741,0.343,8.02
LOC017-U02,2026-01-03T10:30:00+00:00,2.285,0.356,6.95
LOC017-U02,2026-01-03T10:45:00+00:00,2.386,0.377,6.92
LOC017-U02,2026-01-03T11:00:00+00:00,2.167,0.333,7.56
LOC017-U02,2026-01-03T11:15:00+00:00,2.712,0.228,8.41
LOC017-U02,2026-01-03T11:30:00+00:00,2.489,0.225,11.17
LOC017-U02,2026-01-03T11:45:00+00:00,2.107,0.233,7.98
LOC017-U02,2026-01-03T12:00:00+00:00,2.458,0.316,10.86
LOC017-U02,2026-01-03T12:15:00+00:00,2.33,0.294,10.28
LOC017-U02,2026-01-03T12:30:00+00:00,2.954,0.374,7.39
LOC017-U02,2026-01-03T12:45:00+00:00,2.817,0.317,9.84
LOC017-U02,2026-01-03T13:00:00+00:00,2.805,0.259,10.83
LOC017-U02,2026-01-03T13:15:00+00:00,2.291,0.229,8.3
LOC017-U02,2026-01-03T13:30:00+00:00,2.067,0.25,11.46
LOC017-U02,2026-01-03T13:45:00+00:00,3.042,0.258,9.79
LOC017-U02,2026-01-03T14:00:00+00:00,2.63,0.266,11.55
LOC017-U02,2026-01-03T14:15:00+00:00,1.747,0.223,9.82
LOC017-U02,2026-01-03T14:30:00+00:00,0.773,0.234,10.78
LOC017-U02,2026-01-03T14:45:00+00:00,2.178,0.314,9.88
LOC017-U02,2026-01-03T15:00:00+00:00,1.916,0.368,10.48
LOC017-U02,2026-01-03T15:15:00+00:00,2.33,0.337,11.44
LOC017-U02,2026-01-03T15:30:00+00:00,2.334,0.362,10.66
LOC017-U02,2026-01-03T15:45:00+00:00,2.441,0.376,9.51
LOC017-U02,2026-01-03T16:00:00+00:00,2.265,0.375,11.54
LOC017-U02,2026-01-03T16:15:00+00:00,2.061,0.279,8.31
LOC017-U02,2026-01-03T16:30:00+00:00,2.172,0.361,10.77
LOC017-U02,2026-01-03T16:45:00+00:00,1.869,0.339,11.23
LOC017-U02,2026-01-03T17:00:00+00:00,1.891,0.238,9.33
LOC017-U02,2026-01-03T17:15:00+00:00,2.469,0.291,6.91
LOC017-U02,2026-01-03T17:30:00+00:00,2.476,0.236,9.78
LOC017-U02,2026-01-03T17:45:00+00:00,1.525,0.26,9.2
LOC017-U02,2026-01-03T18:00:00+00:00,2.382,0.308,10.61
LOC017-U02,2026-01-03T18:15:00+00:00,3.115,0.344,9.12
LOC017-U02,2026-01-03T18:30:00+00:00,2.25,0.354,11.49
LOC017-U02,2026-01-03T18:45:00+00:00,1.732,0.326,9.85
LOC017-U02,2026-01-03T19:00:00+00:00,2.641,0.362,11.25
LOC017-U02,2026-01-03T19:15:00+00:00,1.601,0.306,10.36
LOC017-U02,2026-01-03T19:30:00+00:00,1.637,0.234,8.63
LOC017-U02,2026-01-03T19:45:00+00:00,2.211,0.309,8.57
LOC017-U02,2026-01-03T20:00:00+00:00,1.305,0.296,10.27
LOC017-U02,2026-01-03T20:15:00+00:00,2.415,0.248,7.86
LOC017-U02,2026-01-03T20:30:00+00:00,2.843,0.276,10.63
LOC017-U02,2026-01-03T20:45:00+00:00,1.891,0.276,7.36
LOC017-U02,2026-01-03T21:00:00+00:00,1.202,0.341,7.17
LOC017-U02,2026-01-03T21:15:00+00:00,2.201,0.241,9.83
LOC017-U02,2026-01-03T21:30:00+00:00,2.374,0.353,7.79
LOC017-U02,2026-01-03T21:45:00+00:00,1.65,0.269,9.8
LOC017-U02,2026-01-03T22:00:00+00:00,1.783,0.285,10.27
LOC017-U02,2026-01-03T22:15:00+00:00,2.44,0.309,10.68
LOC017-U02,2026-01-03T22:30:00+00:00,1.926,0.283,7.79
LOC017-U02,2026-01-03T22:45:00+00:00,2.198,0.268,9.6
LOC017-U02,2026-01-03T23:00:00+00:00,2.193,0.256,10.76
LOC017-U02,2026-01-03T23:15:00+00:00,2.324,0.243,6.74
LOC017-U02,2026-01-03T23:30:00+00:00,3.081,0.299,9.22
LOC017-U02,2026-01-03T23:45:00+00:00,2.502,0.352,10.4
LOC017-U02,2026-01-04T00:00:00+00:00,2.592,0.338,11.52
LOC017-U02,2026-01-04T00:15:00+00:00,2.524,0.379,7.31
LOC017-U02,2026-01-04T00:30:00+00:00,2.335,0.23,10.34
LOC017-U02,2026-01-04T00:45:00+00:00,2.062,0.307,8.05
LOC017-U02,2026-01-04T01:00:00+00:00,2.535,0.349,7.38
LOC017-U02,2026-01-04T01:15:00+00:00,1.456,0.249,6.4
LOC017-U02,2026-01-04T01:30:00+00:00,1.417,0.356,6.83
LOC017-U02,2026-01-04T01:45:00+00:00,1.623,0.261,8.15
LOC017-U02,2026-01-04T02:00:00+00:00,1.834,0.258,9.6
LOC017-U02,2026-01-04T02:15:00+00:00,1.663,0.364,8.8
LOC017-U02,2026-01-04T02:30:00+00:00,1.967,0.328,11.25
LOC017-U02,2026-01-04T02:45:00+00:00,1.519,0.234,6.7
LOC017-U02,2026-01-04T03:00:00+00:00,2.126,0.283,8.03
LOC017-U02,2026-01-04T03:15:00+00:00,1.993,0.333,11.0
LOC017-U02,2026-01-04T03:30:00+00:00,2.417,0.353,11.69
LOC017-U02,2026-01-04T03:45:00+00:00,2.458,0.23,9.86
LOC013-U01,2026-01-03T10:00:00+00:00,2.533,0.272,9.19
LOC013-U01,2026-01-03T10:15:00+00:00,1.991,0.264,7.51
LOC013-U01,2026-01-03T10:30:00+00:00,1.363,0.279,11.23
LOC013-U01,2026-01-03T10:45:00+00:00,1.766,0.351,6.81
LOC013-U01,2026-01-03T11:00:00+00:00,2.208,0.337,11.39
LOC013-U01,2026-01-03T11:15:00+00:00,2.393,0.365,8.18
LOC013-U01,2026-01-03T11:30:00+00:00,1.863,0.306,9.8
LOC013-U01,2026-01-03T11:45:00+00:00,1.567,0.277,10.59
LOC013-U01,2026-01-03T12:00:00+00:00,1.544,0.343,8.38
LOC013-U01,2026-01-03T12:15:00+00:00,2.007,0.306,6.85
LOC013-U01,2026-01-03T12:30:00+00:00,1.845,0.342,7.2
LOC013-U01,2026-01-03T12:45:00+00:00,1.76,0.355,7.26
LOC013-U01,2026-01-03T13:00:00+00:00,0.865,0.246,7.61
LOC013-U01,2026-01-03T13:15:00+00:00,1.589,0.221,9.68
LOC013-U01,2026-01-03T13:30:00+00:00,1.615,0.27,6.54
LOC013-U01,2026-01-03T13:45:00+00:00,2.399,0.364,10.3
LOC013-U01,2026-01-03T14:00:00+00:00,2.904,0.229,6.87
LOC013-U01,2026-01-03T14:15:00+00:00,2.507,0.331,7.28
LOC013-U01,2026-01-03T14:30:00+00:00,2.408,0.274,11.07
LOC013-U01,2026-01-03T14:45:00+00:00,2.02,0.246,9.1
LOC013-U01,2026-01-03T15:00:00+00:00,1.675,0.323,10.37
LOC013-U01,2026-01-03T15:15:00+00:00,1.816,0.272,9.69
LOC013-U01,2026-01-03T15:30:00+00:00,2.164,0.28,8.91
LOC013-U01,2026-01-03T15:45:00+00:00,1.833,0.278,10.73
LOC013-U01,2026-01-03T16:00:00+00:00,1.98,0.323,11.42
LOC013-U01,2026-01-03T16:15:00+00:00,1.793,0.362,6.77
LOC013-U01,2026-01-03T16:30:00+00:00,1.965,0.26,11.17
LOC013-U01,2026-01-03T16:45:00+00:00,2.243,0.291,8.44
LOC013-U01,2026-01-03T17:00:00+00:00,2.465,0.248,10.69
LOC013-U01,2026-01-03T17:15:00+00:00,2.63,0.262,8.77
LOC013-U01,2026-01-03T17:30:00+00:00,2.243,0.322,11.44
LOC013-U01,2026-01-03T17:45:00+00:00,1.728,0.365,10.76
LOC013-U01,2026-01-03T18:00:00+00:00,1.464,0.363,9.35
LOC013-U01,2026-01-03T18:15:00+00:00,2.421,0.223,9.13
LOC013-U01,2026-01-03T18:30:00+00:00,2.171,0.316,11.15
LOC013-U01,2026-01-03T18:45:00+00:00,2.253,0.303,10.12
LOC013-U01,2026-01-03T19:00:00+00:00,2.965,0.319,7.1
LOC013-U01,2026-01-03T19:15:00+00:00,2.204,0.321,7.99
LOC013-U01,2026-01-03T19:30:00+00:00,1.53,0.273,7.1
LOC013-U01,2026-01-03T19:45:00+00:00,2.204,0.235,8.82
LOC013-U01,2026-01-03T20:00:00+00:00,1.859,0.293,10.38
LOC013-U01,2026-01-03T20:15:00+00:00,1.992,0.224,9.36
LOC013-U01,2026-01-03T20:30:00+00:00,1.613,0.262,10.77
LOC013-U01,2026-01-03T20:45:00+00:00,2.554,0.355,7.29
LOC013-U01,2026-01-03T21:00:00+00:00,1.573,0.333,11.2
LOC013-U01,2026-01-03T21:15:00+00:00,2.242,0.303,10.99
LOC013-U01,2026-01-03T21:30:00+00:00,2.803,0.348,7.33
LOC013-U01,2026-01-03T21:45:00+00:00,2.146,0.374,9.74
LOC013-U01,2026-01-03T22:00:00+00:00,1.87,0.374,10.68
LOC013-U01,2026-01-03T22:15:00+00:00,2.873,0.231,7.71
LOC013-U01,2026-01-03T22:30:00+00:00,2.775,0.294,8.3
LOC013-U01,2026-01-03T22:45:00+00:00,1.831,0.263,8.33
LOC013-U01,2026-01-03T23:00:00+00:00,1.317,0.296,7.3
LOC013-U01,2026-01-03T23:15:00+00:00,1.662,0.283,7.96
LOC013-U01,2026-01-03T23:30:00+00:00,1.288,0.263,10.81
LOC013-U01,2026-01-03T23:45:00+00:00,2.349,0.378,11.19
LOC013-U01,2026-01-04T00:00:00+00:00,2.048,0.32,10.95
LOC013-U01,2026-01-04T00:15:00+00:00,1.615,0.288,10.81
LOC013-U01,2026-01-04T00:30:00+00:00,1.943,0.255,7.37
LOC013-U01,2026-01-04T00:45:00+00:00,2.113,0.328,10.42
LOC013-U01,2026-01-04T01:00:00+00:00,1.724,0.292,8.95
LOC013-U01,2026-01-04T01:15:00+00:00,1.819,0.317,6.94
LOC013-U01,2026-01-04T01:30:00+00:00,1.573,0.376,7.81
LOC013-U01,2026-01-04T01:45:00+00:00,2.784,0.333,8.78
LOC013-U01,2026-01-04T02:00:00+00:00,1.772,0.319,7.81
LOC013-U01,2026-01-04T02:15:00+00:00,2.18,0.286,8.63
LOC013-U01,2026-01-04T02:30:00+00:00,1.686,0.295,7.26
LOC013-U01,2026-01-04T02:45:00+00:00,2.041,0.286,9.39
LOC013-U01,2026-01-04T03:00:00+00:00,1.686,0.278,7.07
LOC013-U01,2026-01-04T03:15:00+00:00,1.688,0.363,10.98
LOC013-U01,2026-01-04T03:30:00+00:00,2.56,0.266,9.39
LOC013-U01,2026-01-04T03:45:00+00:00,1.554,0.31,7.75
LOC013-U02,2026-01-03T10:00:00+00:00,1.92,0.279,8.54
LOC013-U02,2026-01-03T10:15:00+00:00,1.83,0.337,9.71
LOC013-U02,2026-01-03T10:30:00+00:00,2.113,0.333,10.35
LOC013-U02,2026-01-03T10:45:00+00:00,1.521,0.275,7.76
LOC013-U02,2026-01-03T11:00:00+00:00,2.677,0.346,9.95
LOC013-U02,2026-01-03T11:15:00+00:00,2.596,0.326,11.56
LOC013-U02,2026-01-03T11:30:00+00:00,2.541,0.291,10.5
LOC013-U02,2026-01-03T11:45:00+00:00,1.697,0.257,6.95
LOC013-U02,2026-01-03T12:00:00+00:00,2.404,0.255,10.84
LOC013-U02,2026-01-03T12:15:00+00:00,1.326,0.292,10.59
LOC013-U02,2026-01-03T12:30:00+00:00,1.645,0.369,9.83
LOC013-U02,2026-01-03T12:45:00+00:00,1.59,0.296,9.99
LOC013-U02,2026-01-03T13:00:00+00:00,0.976,0.222,8.58
LOC013-U02,2026-01-03T13:15:00+00:00,2.081,0.341,8.28
LOC013-U02,2026-01-03T13:30:00+00:00,2.193,0.229,10.3
LOC013-U02,2026-01-03T13:45:00+00:00,2.269,0.254,11.31
LOC013-U02,2026-01-03T14:00:00+00:00,2.424,0.337,11.48
LOC013-U02,2026-01-03T14:15:00+00:00,2.679,0.227,7.8
LOC013-U02,2026-01-03T14:30:00+00:00,1.786,0.356,7.91
LOC013-U02,2026-01-03T14:45:00+00:00,2.795,0.264,7.23
LOC013-U02,2026-01-03T15:00:00+00:00,2.083,0.23,9.43
LOC013-U02,2026-01-03T15:15:00+00:00,2.552,0.371,7.23
LOC013-U02,2026-01-03T15:30:00+00:00,2.328,0.373,8.05
LOC013-U02,2026-01-03T15:45:00+00:00,2.105,0.303,11.18
LOC013-U02,2026-01-03T16:00:00+00:00,2.094,0.258,7.48
LOC013-U02,2026-01-03T16:15:00+00:00,2.732,0.376,11.47
LOC013-U02,2026-01-03T16:30:00+00:00,2.539,0.362,9.0
LOC013-U02,2026-01-03T16:45:00+00:00,1.814,0.316,10.56
LOC013-U02,2026-01-03T17:00:00+00:00,2.488,0.355,8.32
LOC013-U02,2026-01-03T17:15:00+00:00,0.903,0.312,9.07
LOC013-U02,2026-01-03T17:30:00+00:00,2.279,0.325,11.23
LOC013-U02,2026-01-03T17:45:00+00:00,2.764,0.223,10.54
LOC013-U02,2026-01-03T18:00:00+00:00,2.221,0.376,9.06
LOC013-U02,2026-01-03T18:15:00+00:00,2.6,0.347,11.84
LOC013-U02,2026-01-03T18:30:00+00:00,2.116,0.308,8.63
LOC013-U02,2026-01-03T18:45:00+00:00,0.694,0.305,10.47
LOC013-U02,2026-01-03T19:00:00+00:00,1.614,0.311,9.04
LOC013-U02,2026-01-03T19:15:00+00:00,1.693,0.259,6.48
LOC013-U02,2026-01-03T19:30:00+00:00,2.233,0.252,8.11
LOC013-U02,2026-01-03T19:45:00+00:00,1.666,0.338,9.15
LOC013-U02,2026-01-03T20:00:00+00:00,2.893,0.283,11.66
LOC013-U02,2026-01-03T20:15:00+00:00,1.591,0.347,7.45
LOC013-U02,2026-01-03T20:30:00+00:00,1.479,0.282,7.07
LOC013-U02,2026-01-03T20:45:00+00:00,2.048,0.361,9.67
LOC013-U02,2026-01-03T21:00:00+00:00,1.663,0.257,11.17
LOC013-U02,2026-01-03T21:15:00+00:00,1.687,0.352,10.32
LOC013-U02,2026-01-03T21:30:00+00:00,1.526,0.262,6.43
LOC013-U02,2026-01-03T21:45:00+00:00,2.434,0.314,11.25
LOC013-U02,2026-01-03T22:00:00+00:00,1.854,0.338,10.04
LOC013-U02,2026-01-03T22:15:00+00:00,2.841,0.321,7.38
LOC013-U02,2026-01-03T22:30:00+00:00,1.546,0.294,10.54
LOC013-U02,2026-01-03T22:45:00+00:00,1.572,0.341,9.57
LOC013-U02,2026-01-03T23:00:00+00:00,1.756,0.324,9.38
LOC013-U02,2026-01-03T23:15:00+00:00,1.515,0.341,8.96
LOC013-U02,2026-01-03T23:30:00+00:00,2.183,0.225,7.8
LOC013-U02,2026-01-03T23:45:00+00:00,2.481,0.32,10.72
LOC013-U02,2026-01-04T00:00:00+00:00,2.047,0.27,7.71
LOC013-U02,2026-01-04T00:15:00+00:00,1.585,0.366,7.54
LOC013-U02,2026-01-04T00:30:00+00:00,1.683,0.249,10.23
LOC013-U02,2026-01-04T00:45:00+00:00,2.013,0.32,9.3
LOC013-U02,2026-01-04T01:00:00+00:00,1.676,0.331,10.9
LOC013-U02,2026-01-04T01:15:00+00:00,2.334,0.262,10.48
LOC013-U02,2026-01-04T01:30:00+00:00,2.216,0.345,7.9
LOC013-U02,2026-01-04T01:45:00+00:00,2.516,0.255,9.3
LOC013-U02,2026-01-04T02:00:00+00:00,2.492,0.235,8.53
LOC013-U02,2026-01-04T02:15:00+00:00,2.713,0.256,10.65
LOC013-U02,2026-01-04T02:30:00+00:00,1.913,0.365,7.93
LOC013-U02,2026-01-04T02:45:00+00:00,2.191,0.318,9.68
LOC013-U02,2026-01-04T03:00:00+00:00,2.939,0.296,10.1
LOC013-U02,2026-01-04T03:15:00+00:00,1.898,0.351,8.41
LOC013-U02,2026-01-04T03:30:00+00:00,2.244,0.374,9.19
LOC013-U02,2026-01-04T03:45:00+00:00,2.397,0.315,6.76
LOC038-U01,2026-01-03T10:00:00+00:00,1.835,0.285,7.59
LOC038-U01,2026-01-03T10:15:00+00:00,2.786,0.354,9.31
LOC038-U01,2026-01-03T10:30:00+00:00,1.366,0.284,7.51
LOC038-U01,2026-01-03T10:45:00+00:00,2.043,0.241,7.82
LOC038-U01,2026-01-03T11:00:00+00:00,2.224,0.296,9.88
LOC038-U01,2026-01-03T11:15:00+00:00,2.305,0.293,7.47
LOC038-U01,2026-01-03T11:30:00+00:00,1.952,0.221,10.09
LOC038-U01,2026-01-03T11:45:00+00:00,1.636,0.318,11.5
LOC038-U01,2026-01-03T12:00:00+00:00,1.644,0.284,9.67
LOC038-U01,2026-01-03T12:15:00+00:00,2.086,0.256,7.91
LOC038-U01,2026-01-03T12:30:00+00:00,2.231,0.298,7.32
LOC038-U01,2026-01-03T12:45:00+00:00,2.398,0.269,11.36
LOC038-U01,2026-01-03T13:00:00+00:00,1.686,0.23,9.62
LOC038-U01,2026-01-03T13:15:00+00:00,0.978,0.368,9.04
LOC038-U01,2026-01-03T13:30:00+00:00,2.347,0.224,7.48
LOC038-U01,2026-01-03T13:45:00+00:00,1.818,0.242,8.57
LOC038-U01,2026-01-03T14:00:00+00:00,2.323,0.258,10.82
LOC038-U01,2026-01-03T14:15:00+00:00,1.885,0.252,10.99
LOC038-U01,2026-01-03T14:30:00+00:00,1.959,0.292,11.27
LOC038-U01,2026-01-03T14:45:00+00:00,1.517,0.303,7.18
LOC038-U01,2026-01-03T15:00:00+00:00,1.144,0.265,6.4
LOC038-U01,2026-01-03T15:15:00+00:00,2.878,0.35,11.63
LOC038-U01,2026-01-03T15:30:00+00:00,2.557,0.351,10.98
LOC038-U01,2026-01-03T15:45:00+00:00,1.901,0.243,10.86
LOC038-U01,2026-01-03T16:00:00+00:00,1.372,0.353,9.41
LOC038-U01,2026-01-03T16:15:00+00:00,1.34,0.294,8.52
LOC038-U01,2026-01-03T16:30:00+00:00,1.949,0.273,6.89
LOC038-U01,2026-01-03T16:45:00+00:00,2.734,0.361,9.23
LOC038-U01,2026-01-03T17:00:00+00:00,2.152,0.3,10.91
LOC038-U01,2026-01-03T17:15:00+00:00,1.583,0.271,9.46
LOC038-U01,2026-01-03T17:30:00+00:00,2.483,0.363,8.7
LOC038-U01,2026-01-03T17:45:00+00:00,2.317,0.291,7.84
LOC038-U01,2026-01-03T18:00:00+00:00,1.812,0.255,9.59
LOC038-U01,2026-01-03T18:15:00+00:00,1.87,0.368,8.44
LOC038-U01,2026-01-03T18:30:00+00:00,1.946,0.332,7.6
LOC038-U01,2026-01-03T18:45:00+00:00,2.041,0.258,10.83
LOC038-U01,2026-01-03T19:00:00+00:00,2.184,0.356,10.22
LOC038-U01,2026-01-03T19:15:00+00:00,2.446,0.355,8.45
LOC038-U01,2026-01-03T19:30:00+00:00,2.049,0.298,7.62
LOC038-U01,2026-01-03T19:45:00+00:00,2.051,0.291,6.84
LOC038-U01,2026-01-03T20:00:00+00:00,1.981,0.311,9.05
LOC038-U01,2026-01-03T20:15:00+00:00,1.86,0.372,6.75
LOC038-U01,2026-01-03T20:30:00+00:00,1.715,0.32,7.42
LOC038-U01,2026-01-03T20:45:00+00:00,1.963,0.246,8.01
LOC038-U01,2026-01-03T21:00:00+00:00,2.12,0.224,6.89
LOC038-U01,2026-01-03T21:15:00+00:00,0.989,0.264,10.88
LOC038-U01,2026-01-03T21:30:00+00:00,1.73,0.327,8.81
LOC038-U01,2026-01-03T21:45:00+00:00,2.517,0.265,8.91
LOC038-U01,2026-01-03T22:00:00+00:00,1.907,0.265,10.14
LOC038-U01,2026-01-03T22:15:00+00:00,2.928,0.232,10.99
LOC038-U01,2026-01-03T22:30:00+00:00,2.975,0.32,8.63
LOC038-U01,2026-01-03T22:45:00+00:00,2.402,0.38,7.26
LOC038-U01,2026-01-03T23:00:00+00:00,1.754,0.372,9.38
LOC038-U01,2026-01-03T23:15:00+00:00,1.653,0.252,10.44
LOC038-U01,2026-01-03T23:30:00+00:00,1.831,0.226,9.83
LOC038-U01,2026-01-03T23:45:00+00:00,1.828,0.248,11.14
LOC038-U01,2026-01-04T00:00:00+00:00,1.905,0.364,8.68
LOC038-U01,2026-01-04T00:15:00+00:00,2.153,0.341,11.31
LOC038-U01,2026-01-04T00:30:00+00:00,2.545,0.373,7.6
LOC038-U01,2026-01-04T00:45:00+00:00,1.878,0.293,6.98
LOC038-U01,2026-01-04T01:00:00+00:00,2.022,0.304,7.39
LOC038-U01,2026-01-04T01:15:00+00:00,1.209,0.273,8.32
LOC038-U01,2026-01-04T01:30:00+00:00,2.738,0.253,8.74
LOC038-U01,2026-01-04T01:45:00+00:00,2.798,0.355,8.62
LOC038-U01,2026-01-04T02:00:00+00:00,1.588,0.283,10.62
LOC038-U01,2026-01-04T02:15:00+00:00,2.528,0.254,9.26
LOC038-U01,2026-01-04T02:30:00+00:00,3.276,0.33,8.67
LOC038-U01,2026-01-04T02:45:00+00:00,1.121,0.339,6.82
LOC038-U01,2026-01-04T03:00:00+00:00,1.734,0.342,7.57
LOC038-U01,2026-01-04T03:15:00+00:00,2.317,0.326,7.17
LOC038-U01,2026-01-04T03:30:00+00:00,2.163,0.291,11.53
LOC038-U01,2026-01-04T03:45:00+00:00,2.081,0.226,7.54
LOC008-U02,2026-01-03T10:00:00+00:00,2.35,0.357,7.62
LOC008-U02,2026-01-03T10:15:00+00:00,2.46,0.223,8.53
LOC008-U02,2026-01-03T10:30:00+00:00,2.865,0.34,7.3
LOC008-U02,2026-01-03T10:45:00+00:00,2.629,0.302,11.63
LOC008-U02,2026-01-03T11:00:00+00:00,2.823,0.271,8.22
LOC008-U02,2026-01-03T11:15:00+00:00,2.411,0.34,11.59
LOC008-U02,2026-01-03T11:30:00+00:00,1.534,0.32,6.95
LOC008-U02,2026-01-03T11:45:00+00:00,2.644,0.328,9.23
LOC008-U02,2026-01-03T12:00:00+00:00,1.891,0.291,10.52
LOC008-U02,2026-01-03T12:15:00+00:00,2.169,0.291,8.56
LOC008-U02,2026-01-03T12:30:00+00:00,1.783,0.306,8.82
LOC008-U02,2026-01-03T12:45:00+00:00,2.413,0.336,10.34
LOC008-U02,2026-01-03T13:00:00+00:00,1.803,0.373,10.8
LOC008-U02,2026-01-03T13:15:00+00:00,1.808,0.224,9.2
LOC008-U02,2026-01-03T13:30:00+00:00,2.323,0.368,10.98
LOC008-U02,2026-01-03T13:45:00+00:00,1.547,0.356,6.89
LOC008-U02,2026-01-03T14:00:00+00:00,1.724,0.298,6.87
LOC008-U02,2026-01-03T14:15:00+00:00,1.975,0.312,8.15
LOC008-U02,2026-01-03T14:30:00+00:00,2.139,0.234,10.31
LOC008-U02,2026-01-03T14:45:00+00:00,2.099,0.237,9.44
LOC008-U02,2026-01-03T15:00:00+00:00,2.741,0.286,9.1
LOC008-U02,2026-01-03T15:15:00+00:00,2.341,0.358,6.86
LOC008-U02,2026-01-03T15:30:00+00:00,2.343,0.257,11.18
LOC008-U02,2026-01-03T15:45:00+00:00,1.836,0.349,8.87
LOC008-U02,2026-01-03T16:00:00+00:00,1.873,0.307,8.15
LOC008-U02,2026-01-03T16:15:00+00:00,1.906,0.247,10.51
LOC008-U02,2026-01-03T16:30:00+00:00,2.169,0.274,9.7
LOC008-U02,2026-01-03T16:45:00+00:00,2.069,0.357,7.28
LOC008-U02,2026-01-03T17:00:00+00:00,2.32,0.336,7.25
LOC008-U02,2026-01-03T17:15:00+00:00,1.847,0.268,11.29
LOC008-U02,2026-01-03T17:30:00+00:00,2.024,0.302,8.72
LOC008-U02,2026-01-03T17:45:00+00:00,2.285,0.327,7.17
LOC008-U02,2026-01-03T18:00:00+00:00,2.436,0.239,11.18
LOC008-U02,2026-01-03T18:15:00+00:00,2.826,0.237,7.43
LOC008-U02,2026-01-03T18:30:00+00:00,2.827,0.265,7.8
LOC008-U02,2026-01-03T18:45:00+00:00,1.64,0.22,9.08
LOC008-U02,2026-01-03T19:00:00+00:00,2.07,0.337,8.48
LOC008-U02,2026-01-03T19:15:00+00:00,1.862,0.329,7.13
LOC008-U02,2026-01-03T19:30:00+00:00,0.888,0.378,7.97
LOC008-U02,2026-01-03T19:45:00+00:00,2.076,0.336,10.96
LOC008-U02,2026-01-03T20:00:00+00:00,2.209,0.313,6.87
LOC008-U02,2026-01-03T20:15:00+00:00,2.003,0.276,10.75
LOC008-U02,2026-01-03T20:30:00+00:00,2.35,0.335,8.21
LOC008-U02,2026-01-03T20:45:00+00:00,1.49,0.318,10.41
LOC008-U02,2026-01-03T21:00:00+00:00,1.478,0.343,6.96
LOC008-U02,2026-01-03T21:15:00+00:00,2.101,0.227,7.43
LOC008-U02,2026-01-03T21:30:00+00:00,1.432,0.292,7.52
LOC008-U02,2026-01-03T21:45:00+00:00,1.753,0.322,11.11
LOC008-U02,2026-01-03T22:00:00+00:00,1.137,0.353,10.31
LOC008-U02,2026-01-03T22:15:00+00:00,2.844,0.231,7.5
LOC008-U02,2026-01-03T22:30:00+00:00,2.11,0.332,6.93
LOC008-U02,2026-01-03T22:45:00+00:00,2.495,0.354,10.13
LOC008-U02,2026-01-03T23:00:00+00:00,2.59,0.303,9.09
LOC008-U02,2026-01-03T23:15:00+00:00,3.418,0.244,8.22
LOC008-U02,2026-01-03T23:30:00+00:00,1.516,0.331,9.93
LOC008-U02,2026-01-03T23:45:00+00:00,2.133,0.326,8.99
LOC008-U02,2026-01-04T00:00:00+00:00,1.488,0.375,10.35
LOC008-U02,2026-01-04T00:15:00+00:00,1.341,0.265,8.65
LOC008-U02,2026-01-04T00:30:00+00:00,2.383,0.22,8.07
LOC008-U02,2026-01-04T00:45:00+00:00,1.891,0.267,8.86
LOC008-U02,2026-01-04T01:00:00+00:00,2.449,0.239,9.68
LOC008-U02,2026-01-04T01:15:00+00:00,2.767,0.327,11.21
LOC008-U02,2026-01-04T01:30:00+00:00,1.611,0.336,10.54
LOC008-U02,2026-01-04T01:45:00+00:00,2.109,0.374,8.24
LOC008-U02,2026-01-04T02:00:00+00:00,2.547,0.375,9.37
LOC008-U02,2026-01-04T02:15:00+00:00,2.584,0.378,7.8
LOC008-U02,2026-01-04T02:30:00+00:00,2.196,0.355,8.74
LOC008-U02,2026-01-04T02:45:00+00:00,2.536,0.347,10.56
LOC008-U02,2026-01-04T03:00:00+00:00,1.07,0.267,7.07
LOC008-U02,2026-01-04T03:15:00+00:00,2.068,0.285,11.16
LOC008-U02,2026-01-04T03:30:00+00:00,2.324,0.271,8.02
LOC008-U02,2026-01-04T03:45:00+00:00,2.096,0.353,8.49
LOC014-U01,2026-01-03T10:00:00+00:00,2.136,0.229,8.61
LOC014-U01,2026-01-03T10:15:00+00:00,2.029,0.335,9.78
LOC014-U01,2026-01-03T10:30:00+00:00,1.888,0.322,8.45
LOC014-U01,2026-01-03T10:45:00+00:00,2.472,0.234,8.99
LOC014-U01,2026-01-03T11:00:00+00:00,2.428,0.342,7.65
LOC014-U01,2026-01-03T11:15:00+00:00,1.872,0.376,10.29
LOC014-U01,2026-01-03T11:30:00+00:00,1.876,0.293,6.89
LOC014-U01,2026-01-03T11:45:00+00:00,2.443,0.379,8.7
LOC014-U01,2026-01-03T12:00:00+00:00,1.982,0.254,7.15
LOC014-U01,2026-01-03T12:15:00+00:00,1.779,0.26,7.59
LOC014-U01,2026-01-03T12:30:00+00:00,0.929,0.299,6.45
LOC014-U01,2026-01-03T12:45:00+00:00,2.597,0.228,8.97
LOC014-U01,2026-01-03T13:00:00+00:00,2.379,0.367,10.72
LOC014-U01,2026-01-03T13:15:00+00:00,2.025,0.253,6.96
LOC014-U01,2026-01-03T13:30:00+00:00,1.578,0.341,7.51
LOC014-U01,2026-01-03T13:45:00+00:00,2.685,0.267,10.24
LOC014-U01,2026-01-03T14:00:00+00:00,2.28,0.226,6.64
LOC014-U01,2026-01-03T14:15:00+00:00,2.372,0.302,7.98
LOC014-U01,2026-01-03T14:30:00+00:00,2.745,0.294,9.64
LOC014-U01,2026-01-03T14:45:00+00:00,1.957,0.304,9.88
LOC014-U01,2026-01-03T15:00:00+00:00,2.233,0.325,8.75
LOC014-U01,2026-01-03T15:15:00+00:00,1.843,0.284,11.25
LOC014-U01,2026-01-03T15:30:00+00:00,1.535,0.319,7.82
LOC014-U01,2026-01-03T15:45:00+00:00,2.792,0.286,10.52
LOC014-U01,2026-01-03T16:00:00+00:00,2.444,0.259,7.21
LOC014-U01,2026-01-03T16:15:00+00:00,2.359,0.234,7.89
LOC014-U01,2026-01-03T16:30:00+00:00,1.666,0.38,10.0
LOC014-U01,2026-01-03T16:45:00+00:00,2.394,0.362,9.67
LOC014-U01,2026-01-03T17:00:00+00:00,1.301,0.304,10.38
LOC014-U01,2026-01-03T17:15:00+00:00,2.118,0.317,7.14
LOC014-U01,2026-01-03T17:30:00+00:00,1.092,0.251,11.2
LOC014-U01,2026-01-03T17:45:00+00:00,1.528,0.346,10.02
LOC014-U01,2026-01-03T18:00:00+00:00,2.138,0.35,8.95
LOC014-U01,2026-01-03T18:15:00+00:00,2.842,0.323,9.8
LOC014-U01,2026-01-03T18:30:00+00:00,1.752,0.295,7.55
LOC014-U01,2026-01-03T18:45:00+00:00,2.375,0.235,10.5
LOC014-U01,2026-01-03T19:00:00+00:00,1.856,0.301,8.8
LOC014-U01,2026-01-03T19:15:00+00:00,1.972,0.309,8.73
LOC014-U01,2026-01-03T19:30:00+00:00,2.574,0.243,8.78
LOC014-U01,2026-01-03T19:45:00+00:00,1.694,0.338,11.54
LOC014-U01,2026-01-03T20:00:00+00:00,2.514,0.251,7.87
LOC014-U01,2026-01-03T20:15:00+00:00,2.197,0.299,8.77
LOC014-U01,2026-01-03T20:30:00+00:00,0.508,0.248,7.11
LOC014-U01,2026-01-03T20:45:00+00:00,2.622,0.317,11.09
LOC014-U01,2026-01-03T21:00:00+00:00,1.211,0.331,9.88
LOC014-U01,2026-01-03T21:15:00+00:00,2.709,0.354,8.46
LOC014-U01,2026-01-03T21:30:00+00:00,2.187,0.234,8.7
LOC014-U01,2026-01-03T21:45:00+00:00,2.369,0.249,11.58
LOC014-U01,2026-01-03T22:00:00+00:00,1.308,0.272,8.85
LOC014-U01,2026-01-03T22:15:00+00:00,1.972,0.279,11.42
LOC014-U01,2026-01-03T22:30:00+00:00,2.446,0.331,7.93
LOC014-U01,2026-01-03T22:45:00+00:00,2.469,0.258,9.15
LOC014-U01,2026-01-03T23:00:00+00:00,2.703,0.246,10.2
LOC014-U01,2026-01-03T23:15:00+00:00,1.881,0.239,10.51
LOC014-U01,2026-01-03T23:30:00+00:00,2.299,0.312,11.7
LOC014-U01,2026-01-03T23:45:00+00:00,2.705,0.31,11.78
LOC014-U01,2026-01-04T00:00:00+00:00,1.391,0.229,7.91
LOC014-U01,2026-01-04T00:15:00+00:00,2.646,0.33,10.67
LOC014-U01,2026-01-04T00:30:00+00:00,1.824,0.295,6.9
LOC014-U01,2026-01-04T00:45:00+00:00,1.423,0.223,8.09
LOC014-U01,2026-01-04T01:00:00+00:00,1.866,0.365,6.75
LOC014-U01,2026-01-04T01:15:00+00:00,2.443,0.343,8.32
LOC014-U01,2026-01-04T01:30:00+00:00,1.941,0.273,11.37
LOC014-U01,2026-01-04T01:45:00+00:00,2.484,0.352,7.66
LOC014-U01,2026-01-04T02:00:00+00:00,2.761,0.373,11.25
LOC014-U01,2026-01-04T02:15:00+00:00,2.042,0.32,10.88
LOC014-U01,2026-01-04T02:30:00+00:00,2.24,0.244,8.28
LOC014-U01,2026-01-04T02:45:00+00:00,1.972,0.358,10.42
LOC014-U01,2026-01-04T03:00:00+00:00,2.235,0.349,9.09
LOC014-U01,2026-01-04T03:15:00+00:00,2.394,0.332,9.23
LOC014-U01,2026-01-04T03:30:00+00:00,2.353,0.341,10.5
LOC014-U01,2026-01-04T03:45:00+00:00,1.645,0.233,10.38
LOC009-U02,2026-01-03T10:00:00+00:00,1.362,0.273,9.37
LOC009-U02,2026-01-03T10:15:00+00:00,1.889,0.367,7.85
LOC009-U02,2026-01-03T10:30:00+00:00,2.399,0.267,10.54
LOC009-U02,2026-01-03T10:45:00+00:00,2.307,0.376,9.5
LOC009-U02,2026-01-03T11:00:00+00:00,2.865,0.296,8.29
LOC009-U02,2026-01-03T11:15:00+00:00,1.943,0.23,9.14
LOC009-U02,2026-01-03T11:30:00+00:00,1.956,0.355,11.04
LOC009-U02,2026-01-03T11:45:00+00:00,1.598,0.352,9.19
LOC009-U02,2026-01-03T12:00:00+00:00,2.063,0.222,6.73
LOC009-U02,2026-01-03T12:15:00+00:00,2.722,0.229,10.43
LOC009-U02,2026-01-03T12:30:00+00:00,1.842,0.273,8.82
LOC009-U02,2026-01-03T12:45:00+00:00,1.598,0.346,7.38
LOC009-U02,2026-01-03T13:00:00+00:00,1.965,0.375,11.38
LOC009-U02,2026-01-03T13:15:00+00:00,2.565,0.33,8.08
LOC009-U02,2026-01-03T13:30:00+00:00,2.401,0.373,7.65
LOC009-U02,2026-01-03T13:45:00+00:00,1.614,0.315,9.72
LOC009-U02,2026-01-03T14:00:00+00:00,2.983,0.34,7.88
LOC009-U02,2026-01-03T14:15:00+00:00,1.71,0.233,9.71
LOC009-U02,2026-01-03T14:30:00+00:00,1.812,0.351,8.84
LOC009-U02,2026-01-03T14:45:00+00:00,1.307,0.223,9.47
LOC009-U02,2026-01-03T15:00:00+00:00,2.154,0.295,7.11
LOC009-U02,2026-01-03T15:15:00+00:00,1.709,0.332,7.81
LOC009-U02,2026-01-03T15:30:00+00:00,1.74,0.289,7.39
LOC009-U02,2026-01-03T15:45:00+00:00,2.324,0.377,10.03
LOC009-U02,2026-01-03T16:00:00+00:00,2.638,0.26,8.53
LOC009-U02,2026-01-03T16:15:00+00:00,1.674,0.281,11.29
LOC009-U02,2026-01-03T16:30:00+00:00,2.321,0.23,8.38
LOC009-U02,2026-01-03T16:45:00+00:00,1.996,0.273,10.56
LOC009-U02,2026-01-03T17:00:00+00:00,2.784,0.278,7.78
LOC009-U02,2026-01-03T17:15:00+00:00,2.273,0.334,11.73
LOC009-U02,2026-01-03T17:30:00+00:00,1.952,0.225,7.46
LOC009-U02,2026-01-03T17:45:00+00:00,1.928,0.247,6.85
LOC009-U02,2026-01-03T18:00:00+00:00,2.5,0.235,8.82
LOC009-U02,2026-01-03T18:15:00+00:00,2.191,0.291,7.72
LOC009-U02,2026-01-03T18:30:00+00:00,1.073,0.324,9.9
LOC009-U02,2026-01-03T18:45:00+00:00,2.345,0.295,7.96
LOC009-U02,2026-01-03T19:00:00+00:00,2.734,0.34,11.92
LOC009-U02,2026-01-03T19:15:00+00:00,2.128,0.231,11.18
LOC009-U02,2026-01-03T19:30:00+00:00,1.186,0.356,9.45
LOC009-U02,2026-01-03T19:45:00+00:00,2.679,0.299,9.83
LOC009-U02,2026-01-03T20:00:00+00:00,1.501,0.338,7.67
LOC009-U02,2026-01-03T20:15:00+00:00,1.995,0.264,10.84
LOC009-U02,2026-01-03T20:30:00+00:00,1.953,0.377,8.31
LOC009-U02,2026-01-03T20:45:00+00:00,1.001,0.353,7.96
LOC009-U02,2026-01-03T21:00:00+00:00,1.645,0.262,9.38
LOC009-U02,2026-01-03T21:15:00+00:00,1.915,0.233,11.32
LOC009-U02,2026-01-03T21:30:00+00:00,2.32,0.288,9.3
LOC009-U02,2026-01-03T21:45:00+00:00,2.767,0.318,9.99
LOC009-U02,2026-01-03T22:00:00+00:00,2.397,0.22,7.99
LOC009-U02,2026-01-03T22:15:00+00:00,0.876,0.337,10.28
LOC009-U02,2026-01-03T22:30:00+00:00,1.911,0.279,9.72
LOC009-U02,2026-01-03T22:45:00+00:00,1.775,0.33,7.54
LOC009-U02,2026-01-03T23:00:00+00:00,2.494,0.257,9.11
LOC009-U02,2026-01-03T23:15:00+00:00,1.56,0.259,8.82
LOC009-U02,2026-01-03T23:30:00+00:00,2.253,0.296,7.32
LOC009-U02,2026-01-03T23:45:00+00:00,1.935,0.316,8.39
LOC009-U02,2026-01-04T00:00:00+00:00,2.295,0.31,11.03
LOC009-U02,2026-01-04T00:15:00+00:00,1.91,0.359,11.57
LOC009-U02,2026-01-04T00:30:00+00:00,2.669,0.33,11.48
LOC009-U02,2026-01-04T00:45:00+00:00,1.922,0.275,7.49
LOC009-U02,2026-01-04T01:00:00+00:00,1.456,0.244,10.8
LOC009-U02,2026-01-04T01:15:00+00:00,1.91,0.28,10.41
LOC009-U02,2026-01-04T01:30:00+00:00,0.913,0.338,9.04
LOC009-U02,2026-01-04T01:45:00+00:00,2.267,0.238,9.54
LOC009-U02,2026-01-04T02:00:00+00:00,1.725,0.377,10.35
LOC009-U02,2026-01-04T02:15:00+00:00,2.184,0.274,8.26
LOC009-U02,2026-01-04T02:30:00+00:00,2.778,0.236,8.46
LOC009-U02,2026-01-04T02:45:00+00:00,2.861,0.334,8.66
LOC009-U02,2026-01-04T03:00:00+00:00,2.302,0.247,7.05
LOC009-U02,2026-01-04T03:15:00+00:00,2.878,0.296,9.36
LOC009-U02,2026-01-04T03:30:00+00:00,2.052,0.33,8.22
LOC009-U02,2026-01-04T03:45:00+00:00,2.366,0.243,8.91
LOC014-U02,2026-01-03T10:00:00+00:00,2.577,0.337,10.31
LOC014-U02,2026-01-03T10:15:00+00:00,0.955,0.362,9.56
LOC014-U02,2026-01-03T10:30:00+00:00,2.863,0.278,9.49
LOC014-U02,2026-01-03T10:45:00+00:00,2.277,0.233,9.68
LOC014-U02,2026-01-03T11:00:00+00:00,2.369,0.368,9.53
LOC014-U02,2026-01-03T11:15:00+00:00,1.369,0.25,10.59
LOC014-U02,2026-01-03T11:30:00+00:00,1.763,0.254,10.58
LOC014-U02,2026-01-03T11:45:00+00:00,2.059,0.339,10.25
LOC014-U02,2026-01-03T12:00:00+00:00,2.786,0.308,7.65
LOC014-U02,2026-01-03T12:15:00+00:00,1.724,0.309,10.79
LOC014-U02,2026-01-03T12:30:00+00:00,2.287,0.283,6.91
LOC014-U02,2026-01-03T12:45:00+00:00,2.826,0.348,11.57
LOC014-U02,2026-01-03T13:00:00+00:00,2.43,0.245,9.6
LOC014-U02,2026-01-03T13:15:00+00:00,1.7,0.277,8.61
LOC014-U02,2026-01-03T13:30:00+00:00,0.961,0.301,9.31
LOC014-U02,2026-01-03T13:45:00+00:00,2.679,0.247,8.27
LOC014-U02,2026-01-03T14:00:00+00:00,2.49,0.277,8.74
LOC014-U02,2026-01-03T14:15:00+00:00,1.72,0.292,7.19
LOC014-U02,2026-01-03T14:30:00+00:00,2.429,0.368,10.82
LOC014-U02,2026-01-03T14:45:00+00:00,2.493,0.337,6.9
LOC014-U02,2026-01-03T15:00:00+00:00,1.583,0.363,11.12
LOC014-U02,2026-01-03T15:15:00+00:00,2.442,0.286,7.47
LOC014-U02,2026-01-03T15:30:00+00:00,1.86,0.311,11.43
LOC014-U02,2026-01-03T15:45:00+00:00,1.914,0.359,7.78
LOC014-U02,2026-01-03T16:00:00+00:00,2.663,0.316,11.1
LOC014-U02,2026-01-03T16:15:00+00:00,1.394,0.293,8.15
LOC014-U02,2026-01-03T16:30:00+00:00,2.176,0.289,10.06
LOC014-U02,2026-01-03T16:45:00+00:00,2.61,0.35,9.91
LOC014-U02,2026-01-03T17:00:00+00:00,2.827,0.231,11.21
LOC014-U02,2026-01-03T17:15:00+00:00,1.526,0.267,8.83
LOC014-U02,2026-01-03T17:30:00+00:00,1.415,0.236,7.85
LOC014-U02,2026-01-03T17:45:00+00:00,2.507,0.364,11.12
LOC014-U02,2026-01-03T18:00:00+00:00,1.592,0.356,7.68
LOC014-U02,2026-01-03T18:15:00+00:00,2.297,0.266,9.57
LOC014-U02,2026-01-03T18:30:00+00:00,2.424,0.272,7.51
LOC014-U02,2026-01-03T18:45:00+00:00,2.157,0.339,8.28
LOC014-U02,2026-01-03T19:00:00+00:00,2.038,0.338,7.42
LOC014-U02,2026-01-03T19:15:00+00:00,1.474,0.238,6.5
LOC014-U02,2026-01-03T19:30:00+00:00,2.399,0.373,10.57
LOC014-U02,2026-01-03T19:45:00+00:00,1.778,0.223,7.07
LOC014-U02,2026-01-03T20:00:00+00:00,2.045,0.278,10.71
LOC014-U02,2026-01-03T20:15:00+00:00,1.452,0.263,7.72
LOC014-U02,2026-01-03T20:30:00+00:00,3.026,0.343,9.43
LOC014-U02,2026-01-03T20:45:00+00:00,1.307,0.268,9.41
LOC014-U02,2026-01-03T21:00:00+00:00,1.778,0.341,9.24
LOC014-U02,2026-01-03T21:15:00+00:00,1.92,0.225,7.16
LOC014-U02,2026-01-03T21:30:00+00:00,2.08,0.368,10.76
LOC014-U02,2026-01-03T21:45:00+00:00,1.771,0.328,10.32
LOC014-U02,2026-01-03T22:00:00+00:00,2.718,0.32,11.63
LOC014-U02,2026-01-03T22:15:00+00:00,1.512,0.311,9.17
LOC014-U02,2026-01-03T22:30:00+00:00,1.933,0.273,10.29
LOC014-U02,2026-01-03T22:45:00+00:00,1.477,0.248,8.97
LOC014-U02,2026-01-03T23:00:00+00:00,2.075,0.24,9.35
LOC014-U02,2026-01-03T23:15:00+00:00,1.464,0.352,10.2
LOC014-U02,2026-01-03T23:30:00+00:00,1.712,0.296,8.5
LOC014-U02,2026-01-03T23:45:00+00:00,1.84,0.255,6.72
LOC014-U02,2026-01-04T00:00:00+00:00,0.855,0.37,10.4
LOC014-U02,2026-01-04T00:15:00+00:00,1.845,0.277,9.88
LOC014-U02,2026-01-04T00:30:00+00:00,1.387,0.314,9.06
LOC014-U02,2026-01-04T00:45:00+00:00,2.382,0.37,10.81
LOC014-U02,2026-01-04T01:00:00+00:00,1.848,0.337,7.26
LOC014-U02,2026-01-04T01:15:00+00:00,1.959,0.243,10.88
LOC014-U02,2026-01-04T01:30:00+00:00,2.156,0.264,7.76
LOC014-U02,2026-01-04T01:45:00+00:00,2.091,0.27,10.69
LOC014-U02,2026-01-04T02:00:00+00:00,2.743,0.362,11.21
LOC014-U02,2026-01-04T02:15:00+00:00,2.451,0.269,11.33
LOC014-U02,2026-01-04T02:30:00+00:00,1.835,0.268,6.52
LOC014-U02,2026-01-04T02:45:00+00:00,2.153,0.234,11.18
LOC014-U02,2026-01-04T03:00:00+00:00,2.061,0.337,8.08
LOC014-U02,2026-01-04T03:15:00+00:00,2.427,0.246,8.54
LOC014-U02,2026-01-04T03:30:00+00:00,2.463,0.36,9.56
LOC014-U02,2026-01-04T03:45:00+00:00,2.88,0.345,8.24
LOC022-U02,2026-01-03T10:00:00+00:00,1.562,0.303,11.32
LOC022-U02,2026-01-03T10:15:00+00:00,2.133,0.349,6.78
LOC022-U02,2026-01-03T10:30:00+00:00,2.214,0.231,9.83
LOC022-U02,2026-01-03T10:45:00+00:00,1.557,0.249,9.57
LOC022-U02,2026-01-03T11:00:00+00:00,1.8,0.297,9.56
LOC022-U02,2026-01-03T11:15:00+00:00,2.714,0.266,7.98
LOC022-U02,2026-01-03T11:30:00+00:00,2.447,0.244,11.12
LOC022-U02,2026-01-03T11:45:00+00:00,2.09,0.298,8.28
LOC022-U02,2026-01-03T12:00:00+00:00,1.244,0.361,11.24
LOC022-U02,2026-01-03T12:15:00+00:00,2.056,0.333,8.6
LOC022-U02,2026-01-03T12:30:00+00:00,2.441,0.226,6.64
LOC022-U02,2026-01-03T12:45:00+00:00,2.303,0.329,9.94
LOC022-U02,2026-01-03T13:00:00+00:00,3.822,0.297,10.44
LOC022-U02,2026-01-03T13:15:00+00:00,2.178,0.281,10.54
LOC022-U02,2026-01-03T13:30:00+00:00,2.092,0.336,11.02
LOC022-U02,2026-01-03T13:45:00+00:00,3.249,0.316,11.58
LOC022-U02,2026-01-03T14:00:00+00:00,2.402,0.344,10.76
LOC022-U02,2026-01-03T14:15:00+00:00,1.705,0.356,9.16
LOC022-U02,2026-01-03T14:30:00+00:00,2.279,0.319,10.39
LOC022-U02,2026-01-03T14:45:00+00:00,1.613,0.365,11.29
LOC022-U02,2026-01-03T15:00:00+00:00,2.711,0.274,9.05
LOC022-U02,2026-01-03T15:15:00+00:00,2.426,0.223,10.19
LOC022-U02,2026-01-03T15:30:00+00:00,1.178,0.245,10.29
LOC022-U02,2026-01-03T15:45:00+00:00,1.768,0.244,10.22
LOC022-U02,2026-01-03T16:00:00+00:00,2.21,0.341,10.88
LOC022-U02,2026-01-03T16:15:00+00:00,2.41,0.342,11.08
LOC022-U02,2026-01-03T16:30:00+00:00,2.356,0.259,10.21
LOC022-U02,2026-01-03T16:45:00+00:00,1.529,0.256,10.65
LOC022-U02,2026-01-03T17:00:00+00:00,2.219,0.265,7.22
LOC022-U02,2026-01-03T17:15:00+00:00,2.041,0.314,8.02
LOC022-U02,2026-01-03T17:30:00+00:00,1.966,0.327,10.41
LOC022-U02,2026-01-03T17:45:00+00:00,2.311,0.282,9.83
LOC022-U02,2026-01-03T18:00:00+00:00,1.982,0.344,7.05
LOC022-U02,2026-01-03T18:15:00+00:00,2.534,0.316,8.2
LOC022-U02,2026-01-03T18:30:00+00:00,1.71,0.296,9.9
LOC022-U02,2026-01-03T18:45:00+00:00,1.702,0.272,8.5
LOC022-U02,2026-01-03T19:00:00+00:00,1.396,0.31,10.32
LOC022-U02,2026-01-03T19:15:00+00:00,2.18,0.222,10.93
LOC022-U02,2026-01-03T19:30:00+00:00,1.627,0.293,8.74
LOC022-U02,2026-01-03T19:45:00+00:00,2.239,0.282,7.98
LOC022-U02,2026-01-03T20:00:00+00:00,1.45,0.34,9.62
LOC022-U02,2026-01-03T20:15:00+00:00,2.541,0.379,11.94
LOC022-U02,2026-01-03T20:30:00+00:00,2.512,0.221,10.19
LOC022-U02,2026-01-03T20:45:00+00:00,2.119,0.317,8.15
LOC022-U02,2026-01-03T21:00:00+00:00,2.982,0.25,10.43
LOC022-U02,2026-01-03T21:15:00+00:00,2.527,0.283,10.39
LOC022-U02,2026-01-03T21:30:00+00:00,1.97,0.243,6.8
LOC022-U02,2026-01-03T21:45:00+00:00,1.211,0.374,9.05
LOC022-U02,2026-01-03T22:00:00+00:00,2.315,0.334,11.14
LOC022-U02,2026-01-03T22:15:00+00:00,2.623,0.371,10.82
LOC022-U02,2026-01-03T22:30:00+00:00,2.185,0.263,9.26
LOC022-U02,2026-01-03T22:45:00+00:00,1.548,0.228,7.02
LOC022-U02,2026-01-03T23:00:00+00:00,1.842,0.261,7.93
LOC022-U02,2026-01-03T23:15:00+00:00,2.81,0.364,10.14
LOC022-U02,2026-01-03T23:30:00+00:00,2.522,0.379,7.13
LOC022-U02,2026-01-03T23:45:00+00:00,2.016,0.357,11.21
LOC022-U02,2026-01-04T00:00:00+00:00,2.313,0.353,9.74
LOC022-U02,2026-01-04T00:15:00+00:00,2.798,0.232,7.24
LOC022-U02,2026-01-04T00:30:00+00:00,2.456,0.312,6.99
LOC022-U02,2026-01-04T00:45:00+00:00,1.773,0.285,10.87
LOC022-U02,2026-01-04T01:00:00+00:00,1.317,0.332,9.66
LOC022-U02,2026-01-04T01:15:00+00:00,1.578,0.357,9.29
LOC022-U02,2026-01-04T01:30:00+00:00,2.227,0.239,7.48
LOC022-U02,2026-01-04T01:45:00+00:00,2.186,0.351,7.8
LOC022-U02,2026-01-04T02:00:00+00:00,1.937,0.322,8.79
LOC022-U02,2026-01-04T02:15:00+00:00,0.847,0.325,6.62
LOC022-U02,2026-01-04T02:30:00+00:00,2.203,0.346,9.57
LOC022-U02,2026-01-04T02:45:00+00:00,1.924,0.282,9.46
LOC022-U02,2026-01-04T03:00:00+00:00,0.951,0.244,10.98
LOC022-U02,2026-01-04T03:15:00+00:00,1.346,0.36,10.73
LOC022-U02,2026-01-04T03:30:00+00:00,2.171,0.369,9.55
LOC022-U02,2026-01-04T03:45:00+00:00,1.717,0.247,8.09
LOC030-U01,2026-01-04T10:00:00+00:00,2.095,0.303,9.37
LOC030-U01,2026-01-04T10:15:00+00:00,2.275,0.349,8.31
LOC030-U01,2026-01-04T10:30:00+00:00,1.625,0.313,6.73
LOC030-U01,2026-01-04T10:45:00+00:00,2.333,0.261,8.54
LOC030-U01,2026-01-04T11:00:00+00:00,2.019,0.259,11.11
LOC030-U01,2026-01-04T11:15:00+00:00,1.609,0.313,7.16
LOC030-U01,2026-01-04T11:30:00+00:00,0.521,0.286,9.6
LOC030-U01,2026-01-04T11:45:00+00:00,2.174,0.347,9.04
LOC030-U01,2026-01-04T12:00:00+00:00,1.982,0.3,8.86
LOC030-U01,2026-01-04T12:15:00+00:00,1.853,0.247,8.8
LOC030-U01,2026-01-04T12:30:00+00:00,1.714,0.28,8.19
LOC030-U01,2026-01-04T12:45:00+00:00,2.064,0.231,9.64
LOC030-U01,2026-01-04T13:00:00+00:00,2.396,0.231,8.73
LOC030-U01,2026-01-04T13:15:00+00:00,1.611,0.293,9.35
LOC030-U01,2026-01-04T13:30:00+00:00,1.641,0.375,8.55
LOC030-U01,2026-01-04T13:45:00+00:00,1.681,0.299,7.59
LOC030-U01,2026-01-04T14:00:00+00:00,2.681,0.223,6.62
LOC030-U01,2026-01-04T14:15:00+00:00,2.192,0.365,10.55
LOC030-U01,2026-01-04T14:30:00+00:00,1.114,0.31,10.3
LOC030-U01,2026-01-04T14:45:00+00:00,2.645,0.348,11.07
LOC030-U01,2026-01-04T15:00:00+00:00,2.087,0.248,9.65
LOC030-U01,2026-01-04T15:15:00+00:00,1.922,0.361,11.49
LOC030-U01,2026-01-04T15:30:00+00:00,1.955,0.224,11.23
LOC030-U01,2026-01-04T15:45:00+00:00,2.494,0.309,10.23
LOC030-U01,2026-01-04T16:00:00+00:00,1.409,0.244,10.0
LOC030-U01,2026-01-04T16:15:00+00:00,2.455,0.234,8.29
LOC030-U01,2026-01-04T16:30:00+00:00,1.902,0.223,10.16
LOC030-U01,2026-01-04T16:45:00+00:00,1.341,0.239,6.47
LOC030-U01,2026-01-04T17:00:00+00:00,2.499,0.335,8.55
LOC030-U01,2026-01-04T17:15:00+00:00,2.093,0.377,8.15
LOC030-U01,2026-01-04T17:30:00+00:00,2.508,0.378,9.13
LOC030-U01,2026-01-04T17:45:00+00:00,1.364,0.245,9.24
LOC030-U01,2026-01-04T18:00:00+00:00,2.505,0.257,7.54
LOC030-U01,2026-01-04T18:15:00+00:00,1.956,0.376,10.68
LOC030-U01,2026-01-04T18:30:00+00:00,1.87,0.298,11.24
LOC030-U01,2026-01-04T18:45:00+00:00,2.52,0.242,8.43
LOC030-U01,2026-01-04T19:00:00+00:00,2.37,0.296,10.91
LOC030-U01,2026-01-04T19:15:00+00:00,1.928,0.255,6.62
LOC030-U01,2026-01-04T19:30:00+00:00,2.005,0.311,11.42
LOC030-U01,2026-01-04T19:45:00+00:00,2.517,0.3,9.41
LOC030-U01,2026-01-04T20:00:00+00:00,2.879,0.251,9.33
LOC030-U01,2026-01-04T20:15:00+00:00,2.534,0.319,7.81
LOC030-U01,2026-01-04T20:30:00+00:00,2.12,0.239,7.06
LOC030-U01,2026-01-04T20:45:00+00:00,2.383,0.34,10.36
LOC030-U01,2026-01-04T21:00:00+00:00,1.95,0.286,8.97
LOC030-U01,2026-01-04T21:15:00+00:00,1.971,0.372,6.83
LOC030-U01,2026-01-04T21:30:00+00:00,2.227,0.378,11.07
LOC030-U01,2026-01-04T21:45:00+00:00,2.419,0.336,7.01
LOC030-U01,2026-01-04T22:00:00+00:00,2.321,0.275,9.51
LOC030-U01,2026-01-04T22:15:00+00:00,1.773,0.311,9.34
LOC030-U01,2026-01-04T22:30:00+00:00,2.835,0.297,7.04
LOC030-U01,2026-01-04T22:45:00+00:00,2.368,0.276,9.31
LOC030-U01,2026-01-04T23:00:00+00:00,1.532,0.289,8.98
LOC030-U01,2026-01-04T23:15:00+00:00,1.13,0.345,10.12
LOC030-U01,2026-01-04T23:30:00+00:00,2.51,0.335,11.36
LOC030-U01,2026-01-04T23:45:00+00:00,1.754,0.368,7.43
LOC030-U01,2026-01-05T00:00:00+00:00,2.538,0.362,7.01
LOC030-U01,2026-01-05T00:15:00+00:00,2.065,0.268,6.72
LOC030-U01,2026-01-05T00:30:00+00:00,3.47,0.298,11.07
LOC030-U01,2026-01-05T00:45:00+00:00,3.133,0.25,9.41
LOC030-U01,2026-01-05T01:00:00+00:00,1.264,0.363,9.02
LOC030-U01,2026-01-05T01:15:00+00:00,2.354,0.322,10.88
LOC030-U01,2026-01-05T01:30:00+00:00,2.454,0.281,11.34
LOC030-U01,2026-01-05T01:45:00+00:00,2.734,0.323,9.42
LOC030-U01,2026-01-05T02:00:00+00:00,1.961,0.272,7.76
LOC030-U01,2026-01-05T02:15:00+00:00,1.923,0.255,9.81
LOC030-U01,2026-01-05T02:30:00+00:00,2.123,0.25,10.2
LOC030-U01,2026-01-05T02:45:00+00:00,2.196,0.278,8.21
LOC030-U01,2026-01-05T03:00:00+00:00,3.152,0.24,10.22
LOC030-U01,2026-01-05T03:15:00+00:00,2.392,0.305,8.48
LOC030-U01,2026-01-05T03:30:00+00:00,2.493,0.367,7.62
LOC030-U01,2026-01-05T03:45:00+00:00,1.902,0.221,6.89
LOC028-U01,2026-01-04T10:00:00+00:00,2.609,0.363,8.84
LOC028-U01,2026-01-04T10:15:00+00:00,1.421,0.349,7.98
LOC028-U01,2026-01-04T10:30:00+00:00,2.602,0.302,7.73
LOC028-U01,2026-01-04T10:45:00+00:00,1.75,0.246,9.69
LOC028-U01,2026-01-04T11:00:00+00:00,1.796,0.367,8.6
LOC028-U01,2026-01-04T11:15:00+00:00,2.598,0.345,7.71
LOC028-U01,2026-01-04T11:30:00+00:00,2.509,0.324,11.7
LOC028-U01,2026-01-04T11:45:00+00:00,2.444,0.253,11.46
LOC028-U01,2026-01-04T12:00:00+00:00,1.427,0.276,9.08
LOC028-U01,2026-01-04T12:15:00+00:00,2.624,0.335,11.2
LOC028-U01,2026-01-04T12:30:00+00:00,2.258,0.322,11.73
LOC028-U01,2026-01-04T12:45:00+00:00,1.679,0.328,10.89
LOC028-U01,2026-01-04T13:00:00+00:00,1.35,0.268,8.11
LOC028-U01,2026-01-04T13:15:00+00:00,2.502,0.281,11.64
LOC028-U01,2026-01-04T13:30:00+00:00,1.46,0.363,9.92
LOC028-U01,2026-01-04T13:45:00+00:00,2.464,0.328,8.61
LOC028-U01,2026-01-04T14:00:00+00:00,2.002,0.3,10.19
LOC028-U01,2026-01-04T14:15:00+00:00,2.165,0.302,6.81
LOC028-U01,2026-01-04T14:30:00+00:00,1.775,0.303,9.84
LOC028-U01,2026-01-04T14:45:00+00:00,2.547,0.342,8.63
LOC028-U01,2026-01-04T15:00:00+00:00,2.055,0.348,9.11
LOC028-U01,2026-01-04T15:15:00+00:00,3.004,0.227,7.49
LOC028-U01,2026-01-04T15:30:00+00:00,3.252,0.304,8.48
LOC028-U01,2026-01-04T15:45:00+00:00,1.932,0.24,10.15
LOC028-U01,2026-01-04T16:00:00+00:00,1.634,0.286,7.48
LOC028-U01,2026-01-04T16:15:00+00:00,2.03,0.297,9.17
LOC028-U01,2026-01-04T16:30:00+00:00,1.756,0.293,10.81
LOC028-U01,2026-01-04T16:45:00+00:00,2.126,0.348,7.59
LOC028-U01,2026-01-04T17:00:00+00:00,2.152,0.36,11.34
LOC028-U01,2026-01-04T17:15:00+00:00,1.37,0.331,10.17
LOC028-U01,2026-01-04T17:30:00+00:00,1.86,0.262,11.33
LOC028-U01,2026-01-04T17:45:00+00:00,1.589,0.374,8.83
LOC028-U01,2026-01-04T18:00:00+00:00,2.202,0.34,10.1
LOC028-U01,2026-01-04T18:15:00+00:00,1.969,0.223,7.76
LOC028-U01,2026-01-04T18:30:00+00:00,3.78,0.225,8.07
LOC028-U01,2026-01-04T18:45:00+00:00,1.874,0.354,8.49
LOC028-U01,2026-01-04T19:00:00+00:00,1.738,0.236,6.97
LOC028-U01,2026-01-04T19:15:00+00:00,2.216,0.354,11.67
LOC028-U01,2026-01-04T19:30:00+00:00,2.349,0.323,8.26
LOC028-U01,2026-01-04T19:45:00+00:00,2.493,0.263,11.47
LOC028-U01,2026-01-04T20:00:00+00:00,2.221,0.352,8.77
LOC028-U01,2026-01-04T20:15:00+00:00,1.262,0.317,7.31
LOC028-U01,2026-01-04T20:30:00+00:00,1.828,0.312,10.53
LOC028-U01,2026-01-04T20:45:00+00:00,0.988,0.251,9.01
LOC028-U01,2026-01-04T21:00:00+00:00,2.11,0.245,7.82
LOC028-U01,2026-01-04T21:15:00+00:00,1.532,0.348,7.66
LOC028-U01,2026-01-04T21:30:00+00:00,1.794,0.317,9.63
LOC028-U01,2026-01-04T21:45:00+00:00,1.93,0.326,11.04
LOC028-U01,2026-01-04T22:00:00+00:00,2.567,0.375,9.32
LOC028-U01,2026-01-04T22:15:00+00:00,2.913,0.365,9.89
LOC028-U01,2026-01-04T22:30:00+00:00,1.963,0.317,8.08
LOC028-U01,2026-01-04T22:45:00+00:00,1.546,0.331,6.96
LOC028-U01,2026-01-04T23:00:00+00:00,1.832,0.336,8.13
LOC028-U01,2026-01-04T23:15:00+00:00,1.635,0.265,10.3
LOC028-U01,2026-01-04T23:30:00+00:00,2.609,0.316,10.48
LOC028-U01,2026-01-04T23:45:00+00:00,1.442,0.318,8.27
LOC028-U01,2026-01-05T00:00:00+00:00,2.761,0.368,8.84
LOC028-U01,2026-01-05T00:15:00+00:00,1.772,0.22,7.14
LOC028-U01,2026-01-05T00:30:00+00:00,3.866,0.259,8.86
LOC028-U01,2026-01-05T00:45:00+00:00,2.191,0.343,9.25
LOC028-U01,2026-01-05T01:00:00+00:00,1.874,0.288,7.11
LOC028-U01,2026-01-05T01:15:00+00:00,2.66,0.355,9.93
LOC028-U01,2026-01-05T01:30:00+00:00,1.787,0.236,8.61
LOC028-U01,2026-01-05T01:45:00+00:00,2.269,0.254,7.58
LOC028-U01,2026-01-05T02:00:00+00:00,1.738,0.257,8.5
LOC028-U01,2026-01-05T02:15:00+00:00,2.385,0.278,8.68
LOC028-U01,2026-01-05T02:30:00+00:00,2.535,0.256,10.17
LOC028-U01,2026-01-05T02:45:00+00:00,2.014,0.364,11.46
LOC028-U01,2026-01-05T03:00:00+00:00,1.893,0.236,10.92
LOC028-U01,2026-01-05T03:15:00+00:00,2.368,0.335,10.31
LOC028-U01,2026-01-05T03:30:00+00:00,1.3,0.289,9.7
LOC028-U01,2026-01-05T03:45:00+00:00,2.053,0.353,10.64
LOC022-U01,2026-01-04T10:00:00+00:00,2.839,0.262,9.74
LOC022-U01,2026-01-04T10:15:00+00:00,3.171,0.259,10.18
LOC022-U01,2026-01-04T10:30:00+00:00,1.856,0.252,6.57
LOC022-U01,2026-01-04T10:45:00+00:00,2.93,0.376,9.07
LOC022-U01,2026-01-04T11:00:00+00:00,1.492,0.235,9.8
LOC022-U01,2026-01-04T11:15:00+00:00,2.833,0.279,7.26
LOC022-U01,2026-01-04T11:30:00+00:00,1.925,0.284,10.39
LOC022-U01,2026-01-04T11:45:00+00:00,2.352,0.257,7.24
LOC022-U01,2026-01-04T12:00:00+00:00,2.381,0.33,7.3
LOC022-U01,2026-01-04T12:15:00+00:00,1.803,0.24,8.28
LOC022-U01,2026-01-04T12:30:00+00:00,2.556,0.273,8.19
LOC022-U01,2026-01-04T12:45:00+00:00,1.941,0.267,8.91
LOC022-U01,2026-01-04T13:00:00+00:00,1.501,0.273,6.57
LOC022-U01,2026-01-04T13:15:00+00:00,2.632,0.268,10.25
LOC022-U01,2026-01-04T13:30:00+00:00,0.887,0.272,8.32
LOC022-U01,2026-01-04T13:45:00+00:00,2.192,0.328,8.2
LOC022-U01,2026-01-04T14:00:00+00:00,1.118,0.288,9.73
LOC022-U01,2026-01-04T14:15:00+00:00,1.382,0.323,10.97
LOC022-U01,2026-01-04T14:30:00+00:00,1.951,0.287,8.15
LOC022-U01,2026-01-04T14:45:00+00:00,1.673,0.279,10.19
LOC022-U01,2026-01-04T15:00:00+00:00,2.16,0.338,11.55
LOC022-U01,2026-01-04T15:15:00+00:00,2.992,0.378,9.53
LOC022-U01,2026-01-04T15:30:00+00:00,1.449,0.241,7.47
LOC022-U01,2026-01-04T15:45:00+00:00,2.008,0.245,8.83
LOC022-U01,2026-01-04T16:00:00+00:00,1.466,0.364,9.19
LOC022-U01,2026-01-04T16:15:00+00:00,2.599,0.338,10.66
LOC022-U01,2026-01-04T16:30:00+00:00,2.761,0.365,10.79
LOC022-U01,2026-01-04T16:45:00+00:00,1.434,0.254,9.61
LOC022-U01,2026-01-04T17:00:00+00:00,2.662,0.312,10.46
LOC022-U01,2026-01-04T17:15:00+00:00,2.332,0.33,8.26
LOC022-U01,2026-01-04T17:30:00+00:00,2.181,0.286,7.57
LOC022-U01,2026-01-04T17:45:00+00:00,3.186,0.257,9.47
LOC022-U01,2026-01-04T18:00:00+00:00,2.017,0.362,9.87
LOC022-U01,2026-01-04T18:15:00+00:00,1.29,0.26,10.35
LOC022-U01,2026-01-04T18:30:00+00:00,2.333,0.252,11.55
LOC022-U01,2026-01-04T18:45:00+00:00,1.464,0.32,10.38
LOC022-U01,2026-01-04T19:00:00+00:00,1.78,0.366,7.33
LOC022-U01,2026-01-04T19:15:00+00:00,1.663,0.291,9.99
LOC022-U01,2026-01-04T19:30:00+00:00,2.309,0.298,10.26
LOC022-U01,2026-01-04T19:45:00+00:00,2.528,0.359,7.16
LOC022-U01,2026-01-04T20:00:00+00:00,2.057,0.242,10.03
LOC022-U01,2026-01-04T20:15:00+00:00,2.289,0.26,7.8
LOC022-U01,2026-01-04T20:30:00+00:00,2.059,0.359,10.64
LOC022-U01,2026-01-04T20:45:00+00:00,2.233,0.244,11.1
LOC022-U01,2026-01-04T21:00:00+00:00,1.967,0.365,11.47
LOC022-U01,2026-01-04T21:15:00+00:00,2.164,0.265,8.07
LOC022-U01,2026-01-04T21:30:00+00:00,2.078,0.261,9.8
LOC022-U01,2026-01-04T21:45:00+00:00,2.632,0.243,7.39
LOC022-U01,2026-01-04T22:00:00+00:00,2.019,0.367,8.87
LOC022-U01,2026-01-04T22:15:00+00:00,2.49,0.344,9.0
LOC022-U01,2026-01-04T22:30:00+00:00,2.177,0.256,9.92
LOC022-U01,2026-01-04T22:45:00+00:00,2.803,0.284,9.8
LOC022-U01,2026-01-04T23:00:00+00:00,1.021,0.292,8.82
LOC022-U01,2026-01-04T23:15:00+00:00,1.611,0.339,7.41
LOC022-U01,2026-01-04T23:30:00+00:00,1.682,0.367,11.28
LOC022-U01,2026-01-04T23:45:00+00:00,1.823,0.376,10.68
LOC022-U01,2026-01-05T00:00:00+00:00,2.819,0.25,8.39
LOC022-U01,2026-01-05T00:15:00+00:00,2.158,0.297,8.51
LOC022-U01,2026-01-05T00:30:00+00:00,2.565,0.323,10.52
LOC022-U01,2026-01-05T00:45:00+00:00,2.092,0.378,9.15
LOC022-U01,2026-01-05T01:00:00+00:00,1.599,0.362,8.05
LOC022-U01,2026-01-05T01:15:00+00:00,2.203,0.306,8.49
LOC022-U01,2026-01-05T01:30:00+00:00,2.305,0.231,7.9
LOC022-U01,2026-01-05T01:45:00+00:00,1.536,0.331,7.43
LOC022-U01,2026-01-05T02:00:00+00:00,1.782,0.24,7.59
LOC022-U01,2026-01-05T02:15:00+00:00,1.757,0.344,10.89
LOC022-U01,2026-01-05T02:30:00+00:00,2.428,0.303,10.56
LOC022-U01,2026-01-05T02:45:00+00:00,2.934,0.258,11.1
LOC022-U01,2026-01-05T03:00:00+00:00,2.497,0.238,9.09
LOC022-U01,2026-01-05T03:15:00+00:00,2.32,0.354,9.58
LOC022-U01,2026-01-05T03:30:00+00:00,1.706,0.343,9.07
LOC022-U01,2026-01-05T03:45:00+00:00,2.262,0.291,10.52
LOC034-U01,2026-01-04T10:00:00+00:00,1.485,0.286,9.46
LOC034-U01,2026-01-04T10:15:00+00:00,2.016,0.29,11.51
LOC034-U01,2026-01-04T10:30:00+00:00,1.441,0.338,6.7
LOC034-U01,2026-01-04T10:45:00+00:00,1.656,0.321,7.96
LOC034-U01,2026-01-04T11:00:00+00:00,2.657,0.258,8.81
LOC034-U01,2026-01-04T11:15:00+00:00,1.635,0.253,6.78
LOC034-U01,2026-01-04T11:30:00+00:00,1.968,0.238,6.74
LOC034-U01,2026-01-04T11:45:00+00:00,2.582,0.267,9.08
LOC034-U01,2026-01-04T12:00:00+00:00,1.981,0.248,9.03
LOC034-U01,2026-01-04T12:15:00+00:00,2.559,0.34,7.52
LOC034-U01,2026-01-04T12:30:00+00:00,1.568,0.31,6.64
LOC034-U01,2026-01-04T12:45:00+00:00,2.679,0.293,10.63
LOC034-U01,2026-01-04T13:00:00+00:00,1.204,0.226,10.61
LOC034-U01,2026-01-04T13:15:00+00:00,2.294,0.24,9.42
LOC034-U01,2026-01-04T13:30:00+00:00,2.801,0.256,8.98
LOC034-U01,2026-01-04T13:45:00+00:00,2.938,0.354,7.24
LOC034-U01,2026-01-04T14:00:00+00:00,1.933,0.268,10.49
LOC034-U01,2026-01-04T14:15:00+00:00,2.018,0.267,10.99
LOC034-U01,2026-01-04T14:30:00+00:00,1.971,0.279,7.47
LOC034-U01,2026-01-04T14:45:00+00:00,1.669,0.284,10.18
LOC034-U01,2026-01-04T15:00:00+00:00,2.503,0.277,11.51
LOC034-U01,2026-01-04T15:15:00+00:00,2.354,0.254,7.25
LOC034-U01,2026-01-04T15:30:00+00:00,1.918,0.326,9.31
LOC034-U01,2026-01-04T15:45:00+00:00,2.423,0.243,9.26
LOC034-U01,2026-01-04T16:00:00+00:00,2.209,0.333,11.56
LOC034-U01,2026-01-04T16:15:00+00:00,2.616,0.347,10.79
LOC034-U01,2026-01-04T16:30:00+00:00,2.248,0.223,8.88
LOC034-U01,2026-01-04T16:45:00+00:00,2.102,0.267,9.03
LOC034-U01,2026-01-04T17:00:00+00:00,1.539,0.321,9.59
LOC034-U01,2026-01-04T17:15:00+00:00,1.543,0.255,10.94
LOC034-U01,2026-01-04T17:30:00+00:00,2.074,0.225,8.93
LOC034-U01,2026-01-04T17:45:00+00:00,1.765,0.374,11.54
LOC034-U01,2026-01-04T18:00:00+00:00,2.73,0.314,9.04
LOC034-U01,2026-01-04T18:15:00+00:00,1.448,0.248,6.61
LOC034-U01,2026-01-04T18:30:00+00:00,1.147,0.277,8.94
LOC034-U01,2026-01-04T18:45:00+00:00,2.708,0.348,9.04
LOC034-U01,2026-01-04T19:00:00+00:00,1.251,0.26,7.24
LOC034-U01,2026-01-04T19:15:00+00:00,2.026,0.242,9.77
LOC034-U01,2026-01-04T19:30:00+00:00,1.398,0.299,10.85
LOC034-U01,2026-01-04T19:45:00+00:00,1.952,0.341,8.47
LOC034-U01,2026-01-04T20:00:00+00:00,2.439,0.303,7.72
LOC034-U01,2026-01-04T20:15:00+00:00,1.602,0.35,7.23
LOC034-U01,2026-01-04T20:30:00+00:00,1.598,0.331,9.19
LOC034-U01,2026-01-04T20:45:00+00:00,3.296,0.305,11.22
LOC034-U01,2026-01-04T21:00:00+00:00,2.623,0.228,8.76
LOC034-U01,2026-01-04T21:15:00+00:00,1.244,0.323,11.16
LOC034-U01,2026-01-04T21:30:00+00:00,2.217,0.259,7.29
LOC034-U01,2026-01-04T21:45:00+00:00,2.15,0.243,11.45
LOC034-U01,2026-01-04T22:00:00+00:00,1.731,0.321,7.11
LOC034-U01,2026-01-04T22:15:00+00:00,2.894,0.223,10.73
LOC034-U01,2026-01-04T22:30:00+00:00,2.662,0.344,9.93
LOC034-U01,2026-01-04T22:45:00+00:00,1.771,0.379,7.81
LOC034-U01,2026-01-04T23:00:00+00:00,2.49,0.331,7.58
LOC034-U01,2026-01-04T23:15:00+00:00,1.689,0.293,10.95
LOC034-U01,2026-01-04T23:30:00+00:00,2.237,0.353,9.46
LOC034-U01,2026-01-04T23:45:00+00:00,1.854,0.377,8.15
LOC034-U01,2026-01-05T00:00:00+00:00,2.665,0.333,9.29
LOC034-U01,2026-01-05T00:15:00+00:00,2.353,0.301,11.2
LOC034-U01,2026-01-05T00:30:00+00:00,2.384,0.252,11.34
LOC034-U01,2026-01-05T00:45:00+00:00,1.726,0.37,10.63
LOC034-U01,2026-01-05T01:00:00+00:00,1.343,0.262,7.9
LOC034-U01,2026-01-05T01:15:00+00:00,2.099,0.328,11.64
LOC034-U01,2026-01-05T01:30:00+00:00,1.525,0.256,7.33
LOC034-U01,2026-01-05T01:45:00+00:00,1.414,0.301,6.58
LOC034-U01,2026-01-05T02:00:00+00:00,1.6,0.272,9.98
LOC034-U01,2026-01-05T02:15:00+00:00,3.29,0.231,10.48
LOC034-U01,2026-01-05T02:30:00+00:00,2.258,0.315,7.83
LOC034-U01,2026-01-05T02:45:00+00:00,1.402,0.237,11.12
LOC034-U01,2026-01-05T03:00:00+00:00,2.879,0.291,7.84
LOC034-U01,2026-01-05T03:15:00+00:00,1.305,0.245,9.36
LOC034-U01,2026-01-05T03:30:00+00:00,2.158,0.329,11.51
LOC034-U01,2026-01-05T03:45:00+00:00,2.673,0.371,9.89
LOC003-U01,2026-01-04T10:00:00+00:00,2.095,0.275,8.11
LOC003-U01,2026-01-04T10:15:00+00:00,2.496,0.246,10.91
LOC003-U01,2026-01-04T10:30:00+00:00,2.351,0.302,8.69
LOC003-U01,2026-01-04T10:45:00+00:00,2.45,0.315,10.6
LOC003-U01,2026-01-04T11:00:00+00:00,2.67,0.35,8.02
LOC003-U01,2026-01-04T11:15:00+00:00,2.53,0.254,10.32
LOC003-U01,2026-01-04T11:30:00+00:00,2.053,0.321,8.86
LOC003-U01,2026-01-04T11:45:00+00:00,0.907,0.259,7.28
LOC003-U01,2026-01-04T12:00:00+00:00,2.221,0.261,7.47
LOC003-U01,2026-01-04T12:15:00+00:00,1.721,0.248,10.83
LOC003-U01,2026-01-04T12:30:00+00:00,2.087,0.371,10.04
LOC003-U01,2026-01-04T12:45:00+00:00,2.564,0.342,7.65
LOC003-U01,2026-01-04T13:00:00+00:00,2.077,0.276,9.83
LOC003-U01,2026-01-04T13:15:00+00:00,2.918,0.301,8.12
LOC003-U01,2026-01-04T13:30:00+00:00,1.845,0.3,6.74
LOC003-U01,2026-01-04T13:45:00+00:00,1.285,0.289,6.75
LOC003-U01,2026-01-04T14:00:00+00:00,2.068,0.266,10.9
LOC003-U01,2026-01-04T14:15:00+00:00,1.578,0.376,10.85
LOC003-U01,2026-01-04T14:30:00+00:00,2.167,0.344,11.45
LOC003-U01,2026-01-04T14:45:00+00:00,2.17,0.302,10.4
LOC003-U01,2026-01-04T15:00:00+00:00,2.212,0.29,7.64
LOC003-U01,2026-01-04T15:15:00+00:00,2.04,0.287,9.19
LOC003-U01,2026-01-04T15:30:00+00:00,1.101,0.355,10.65
LOC003-U01,2026-01-04T15:45:00+00:00,2.062,0.267,11.14
LOC003-U01,2026-01-04T16:00:00+00:00,2.003,0.365,11.61
LOC003-U01,2026-01-04T16:15:00+00:00,2.588,0.291,6.9
LOC003-U01,2026-01-04T16:30:00+00:00,2.309,0.303,9.3
LOC003-U01,2026-01-04T16:45:00+00:00,2.362,0.345,10.79
LOC003-U01,2026-01-04T17:00:00+00:00,2.086,0.326,9.42
LOC003-U01,2026-01-04T17:15:00+00:00,2.628,0.361,10.76
LOC003-U01,2026-01-04T17:30:00+00:00,2.725,0.315,9.1
LOC003-U01,2026-01-04T17:45:00+00:00,2.763,0.37,10.0
LOC003-U01,2026-01-04T18:00:00+00:00,1.421,0.317,8.61
LOC003-U01,2026-01-04T18:15:00+00:00,2.13,0.274,8.64
LOC003-U01,2026-01-04T18:30:00+00:00,2.045,0.344,8.73
LOC003-U01,2026-01-04T18:45:00+00:00,2.794,0.308,8.19
LOC003-U01,2026-01-04T19:00:00+00:00,1.917,0.345,8.91
LOC003-U01,2026-01-04T19:15:00+00:00,1.789,0.309,8.34
LOC003-U01,2026-01-04T19:30:00+00:00,1.81,0.237,10.46
LOC003-U01,2026-01-04T19:45:00+00:00,2.199,0.237,6.65
LOC003-U01,2026-01-04T20:00:00+00:00,2.595,0.365,9.89
LOC003-U01,2026-01-04T20:15:00+00:00,1.418,0.281,7.03
LOC003-U01,2026-01-04T20:30:00+00:00,1.742,0.337,8.92
LOC003-U01,2026-01-04T20:45:00+00:00,0.841,0.335,9.98
LOC003-U01,2026-01-04T21:00:00+00:00,1.904,0.364,9.09
LOC003-U01,2026-01-04T21:15:00+00:00,1.927,0.348,8.39
LOC003-U01,2026-01-04T21:30:00+00:00,2.918,0.327,7.6
LOC003-U01,2026-01-04T21:45:00+00:00,1.614,0.316,11.21
LOC003-U01,2026-01-04T22:00:00+00:00,2.386,0.346,11.38
LOC003-U01,2026-01-04T22:15:00+00:00,2.255,0.224,9.07
LOC003-U01,2026-01-04T22:30:00+00:00,2.013,0.339,11.6
LOC003-U01,2026-01-04T22:45:00+00:00,2.337,0.349,10.35
LOC003-U01,2026-01-04T23:00:00+00:00,1.408,0.271,9.16
LOC003-U01,2026-01-04T23:15:00+00:00,1.961,0.266,9.28
LOC003-U01,2026-01-04T23:30:00+00:00,1.997,0.248,10.7
LOC003-U01,2026-01-04T23:45:00+00:00,1.55,0.243,8.61
LOC003-U01,2026-01-05T00:00:00+00:00,2.491,0.34,9.17
LOC003-U01,2026-01-05T00:15:00+00:00,1.917,0.293,9.92
LOC003-U01,2026-01-05T00:30:00+00:00,2.936,0.288,11.04
LOC003-U01,2026-01-05T00:45:00+00:00,1.937,0.366,7.85
LOC003-U01,2026-01-05T01:00:00+00:00,2.06,0.308,9.58
LOC003-U01,2026-01-05T01:15:00+00:00,2.148,0.264,10.58
LOC003-U01,2026-01-05T01:30:00+00:00,2.501,0.343,7.18
LOC003-U01,2026-01-05T01:45:00+00:00,1.062,0.318,6.81
LOC003-U01,2026-01-05T02:00:00+00:00,2.571,0.319,10.77
LOC003-U01,2026-01-05T02:15:00+00:00,1.474,0.299,11.36
LOC003-U01,2026-01-05T02:30:00+00:00,2.341,0.378,9.87
LOC003-U01,2026-01-05T02:45:00+00:00,2.36,0.353,11.32
LOC003-U01,2026-01-05T03:00:00+00:00,2.901,0.278,10.99
LOC003-U01,2026-01-05T03:15:00+00:00,2.128,0.257,6.79
LOC003-U01,2026-01-05T03:30:00+00:00,1.069,0.263,9.99
LOC003-U01,2026-01-05T03:45:00+00:00,2.225,0.23,11.18
LOC004-U02,2026-01-04T10:00:00+00:00,1.902,0.291,6.59
LOC004-U02,2026-01-04T10:15:00+00:00,2.566,0.373,8.06
LOC004-U02,2026-01-04T10:30:00+00:00,2.982,0.247,10.11
LOC004-U02,2026-01-04T10:45:00+00:00,1.433,0.342,8.36
LOC004-U02,2026-01-04T11:00:00+00:00,2.312,0.286,11.24
LOC004-U02,2026-01-04T11:15:00+00:00,2.336,0.227,7.19
LOC004-U02,2026-01-04T11:30:00+00:00,2.008,0.312,9.26
LOC004-U02,2026-01-04T11:45:00+00:00,2.415,0.257,10.71
LOC004-U02,2026-01-04T12:00:00+00:00,2.054,0.234,8.69
LOC004-U02,2026-01-04T12:15:00+00:00,1.712,0.33,9.96
LOC004-U02,2026-01-04T12:30:00+00:00,2.172,0.271,10.73
LOC004-U02,2026-01-04T12:45:00+00:00,2.102,0.347,8.48
LOC004-U02,2026-01-04T13:00:00+00:00,2.457,0.231,11.13
LOC004-U02,2026-01-04T13:15:00+00:00,1.98,0.244,10.35
LOC004-U02,2026-01-04T13:30:00+00:00,1.863,0.378,8.87
LOC004-U02,2026-01-04T13:45:00+00:00,2.452,0.359,8.24
LOC004-U02,2026-01-04T14:00:00+00:00,2.221,0.285,11.16
LOC004-U02,2026-01-04T14:15:00+00:00,1.356,0.238,9.43
LOC004-U02,2026-01-04T14:30:00+00:00,1.363,0.235,9.92
LOC004-U02,2026-01-04T14:45:00+00:00,2.761,0.274,6.77
LOC004-U02,2026-01-04T15:00:00+00:00,2.152,0.359,10.06
LOC004-U02,2026-01-04T15:15:00+00:00,1.594,0.288,10.12
LOC004-U02,2026-01-04T15:30:00+00:00,1.776,0.237,7.7
LOC004-U02,2026-01-04T15:45:00+00:00,1.179,0.278,6.74
LOC004-U02,2026-01-04T16:00:00+00:00,2.549,0.356,11.79
LOC004-U02,2026-01-04T16:15:00+00:00,2.165,0.353,7.75
LOC004-U02,2026-01-04T16:30:00+00:00,2.64,0.305,9.41
LOC004-U02,2026-01-04T16:45:00+00:00,2.312,0.286,6.71
LOC004-U02,2026-01-04T17:00:00+00:00,1.387,0.268,7.85
LOC004-U02,2026-01-04T17:15:00+00:00,2.969,0.31,8.79
LOC004-U02,2026-01-04T17:30:00+00:00,1.759,0.359,6.86
LOC004-U02,2026-01-04T17:45:00+00:00,2.287,0.302,8.62
LOC004-U02,2026-01-04T18:00:00+00:00,3.433,0.371,12.13
LOC004-U02,2026-01-04T18:15:00+00:00,1.843,0.258,11.23
LOC004-U02,2026-01-04T18:30:00+00:00,1.257,0.299,9.19
LOC004-U02,2026-01-04T18:45:00+00:00,1.718,0.356,8.52
LOC004-U02,2026-01-04T19:00:00+00:00,2.361,0.357,11.16
LOC004-U02,2026-01-04T19:15:00+00:00,1.874,0.308,10.08
LOC004-U02,2026-01-04T19:30:00+00:00,1.944,0.339,8.58
LOC004-U02,2026-01-04T19:45:00+00:00,2.656,0.221,10.47
LOC004-U02,2026-01-04T20:00:00+00:00,1.631,0.282,10.55
LOC004-U02,2026-01-04T20:15:00+00:00,2.9,0.295,10.89
LOC004-U02,2026-01-04T20:30:00+00:00,2.027,0.298,11.6
LOC004-U02,2026-01-04T20:45:00+00:00,2.058,0.245,6.56
LOC004-U02,2026-01-04T21:00:00+00:00,2.687,0.32,8.93
LOC004-U02,2026-01-04T21:15:00+00:00,2.091,0.371,8.18
LOC004-U02,2026-01-04T21:30:00+00:00,2.219,0.332,11.22
LOC004-U02,2026-01-04T21:45:00+00:00,1.721,0.357,7.24
LOC004-U02,2026-01-04T22:00:00+00:00,2.795,0.36,7.87
LOC004-U02,2026-01-04T22:15:00+00:00,1.969,0.253,10.85
LOC004-U02,2026-01-04T22:30:00+00:00,2.65,0.318,11.75
LOC004-U02,2026-01-04T22:45:00+00:00,1.949,0.285,8.52
LOC004-U02,2026-01-04T23:00:00+00:00,1.64,0.237,6.4
LOC004-U02,2026-01-04T23:15:00+00:00,2.063,0.349,11.71
LOC004-U02,2026-01-04T23:30:00+00:00,2.239,0.348,7.86
LOC004-U02,2026-01-04T23:45:00+00:00,2.373,0.257,10.66
LOC004-U02,2026-01-05T00:00:00+00:00,1.991,0.25,6.75
LOC004-U02,2026-01-05T00:15:00+00:00,1.475,0.323,8.57
LOC004-U02,2026-01-05T00:30:00+00:00,2.107,0.27,7.53
LOC004-U02,2026-01-05T00:45:00+00:00,2.075,0.271,9.68
LOC004-U02,2026-01-05T01:00:00+00:00,1.949,0.35,9.08
LOC004-U02,2026-01-05T01:15:00+00:00,2.011,0.247,9.77
LOC004-U02,2026-01-05T01:30:00+00:00,0.886,0.24,7.28
LOC004-U02,2026-01-05T01:45:00+00:00,2.193,0.38,7.77
LOC004-U02,2026-01-05T02:00:00+00:00,1.589,0.299,6.75
LOC004-U02,2026-01-05T02:15:00+00:00,2.348,0.262,10.38
LOC004-U02,2026-01-05T02:30:00+00:00,2.217,0.283,8.5
LOC004-U02,2026-01-05T02:45:00+00:00,2.183,0.327,11.02
LOC004-U02,2026-01-05T03:00:00+00:00,1.56,0.283,6.54
LOC004-U02,2026-01-05T03:15:00+00:00,2.435,0.263,7.03
LOC004-U02,2026-01-05T03:30:00+00:00,2.931,0.264,11.06
LOC004-U02,2026-01-05T03:45:00+00:00,2.315,0.324,8.53
LOC019-U02,2026-01-04T10:00:00+00:00,2.767,0.291,9.8
LOC019-U02,2026-01-04T10:15:00+00:00,1.793,0.276,10.17
LOC019-U02,2026-01-04T10:30:00+00:00,2.368,0.297,8.55
LOC019-U02,2026-01-04T10:45:00+00:00,2.071,0.232,6.87
LOC019-U02,2026-01-04T11:00:00+00:00,1.78,0.361,6.96
LOC019-U02,2026-01-04T11:15:00+00:00,2.7,0.253,9.14
LOC019-U02,2026-01-04T11:30:00+00:00,1.951,0.318,6.62
LOC019-U02,2026-01-04T11:45:00+00:00,2.35,0.275,10.33
LOC019-U02,2026-01-04T12:00:00+00:00,1.703,0.363,7.59
LOC019-U02,2026-01-04T12:15:00+00:00,0.714,0.263,7.67
LOC019-U02,2026-01-04T12:30:00+00:00,2.358,0.37,7.4
LOC019-U02,2026-01-04T12:45:00+00:00,2.273,0.252,7.71
LOC019-U02,2026-01-04T13:00:00+00:00,1.69,0.232,6.66
LOC019-U02,2026-01-04T13:15:00+00:00,1.885,0.302,10.22
LOC019-U02,2026-01-04T13:30:00+00:00,1.66,0.367,8.53
LOC019-U02,2026-01-04T13:45:00+00:00,2.533,0.234,7.21
LOC019-U02,2026-01-04T14:00:00+00:00,2.047,0.3,9.5
LOC019-U02,2026-01-04T14:15:00+00:00,2.791,0.236,8.75
LOC019-U02,2026-01-04T14:30:00+00:00,1.886,0.313,7.58
LOC019-U02,2026-01-04T14:45:00+00:00,1.439,0.35,6.84
LOC019-U02,2026-01-04T15:00:00+00:00,2.176,0.302,7.26
LOC019-U02,2026-01-04T15:15:00+00:00,2.012,0.314,9.34
LOC019-U02,2026-01-04T15:30:00+00:00,2.956,0.246,7.05
LOC019-U02,2026-01-04T15:45:00+00:00,2.127,0.225,10.51
LOC019-U02,2026-01-04T16:00:00+00:00,1.545,0.273,10.4
LOC019-U02,2026-01-04T16:15:00+00:00,2.007,0.369,8.77
LOC019-U02,2026-01-04T16:30:00+00:00,2.037,0.313,11.0
LOC019-U02,2026-01-04T16:45:00+00:00,1.255,0.314,9.08
LOC019-U02,2026-01-04T17:00:00+00:00,1.571,0.336,10.19
LOC019-U02,2026-01-04T17:15:00+00:00,3.06,0.231,7.65
LOC019-U02,2026-01-04T17:30:00+00:00,1.348,0.245,10.58
LOC019-U02,2026-01-04T17:45:00+00:00,1.279,0.316,11.38
LOC019-U02,2026-01-04T18:00:00+00:00,2.843,0.228,10.99
LOC019-U02,2026-01-04T18:15:00+00:00,1.8,0.248,6.57
LOC019-U02,2026-01-04T18:30:00+00:00,1.764,0.247,11.08
LOC019-U02,2026-01-04T18:45:00+00:00,2.257,0.306,11.28
LOC019-U02,2026-01-04T19:00:00+00:00,2.18,0.342,8.96
LOC019-U02,2026-01-04T19:15:00+00:00,2.389,0.351,9.98
LOC019-U02,2026-01-04T19:30:00+00:00,1.83,0.377,7.7
LOC019-U02,2026-01-04T19:45:00+00:00,2.123,0.356,7.88
LOC019-U02,2026-01-04T20:00:00+00:00,2.31,0.337,10.7
LOC019-U02,2026-01-04T20:15:00+00:00,2.281,0.339,10.04
LOC019-U02,2026-01-04T20:30:00+00:00,2.883,0.223,9.04
LOC019-U02,2026-01-04T20:45:00+00:00,3.133,0.225,11.4
LOC019-U02,2026-01-04T21:00:00+00:00,2.339,0.278,9.26
LOC019-U02,2026-01-04T21:15:00+00:00,2.792,0.303,9.14
LOC019-U02,2026-01-04T21:30:00+00:00,1.635,0.257,11.18
LOC019-U02,2026-01-04T21:45:00+00:00,2.263,0.286,10.77
LOC019-U02,2026-01-04T22:00:00+00:00,1.245,0.358,9.6
LOC019-U02,2026-01-04T22:15:00+00:00,1.94,0.352,7.9
LOC019-U02,2026-01-04T22:30:00+00:00,2.053,0.329,10.14
LOC019-U02,2026-01-04T22:45:00+00:00,2.639,0.328,8.02
LOC019-U02,2026-01-04T23:00:00+00:00,1.968,0.324,9.75
LOC019-U02,2026-01-04T23:15:00+00:00,1.957,0.379,8.86
LOC019-U02,2026-01-04T23:30:00+00:00,2.812,0.292,7.34
LOC019-U02,2026-01-04T23:45:00+00:00,3.299,0.338,10.48
LOC019-U02,2026-01-05T00:00:00+00:00,2.508,0.287,11.5
LOC019-U02,2026-01-05T00:15:00+00:00,2.132,0.317,8.62
LOC019-U02,2026-01-05T00:30:00+00:00,2.809,0.281,8.48
LOC019-U02,2026-01-05T00:45:00+00:00,2.227,0.293,9.91
LOC019-U02,2026-01-05T01:00:00+00:00,2.49,0.27,8.83
LOC019-U02,2026-01-05T01:15:00+00:00,2.691,0.225,6.63
LOC019-U02,2026-01-05T01:30:00+00:00,1.04,0.273,11.24
LOC019-U02,2026-01-05T01:45:00+00:00,2.428,0.27,8.13
LOC019-U02,2026-01-05T02:00:00+00:00,2.527,0.252,6.94
LOC019-U02,2026-01-05T02:15:00+00:00,2.889,0.324,9.79
LOC019-U02,2026-01-05T02:30:00+00:00,1.516,0.27,8.14
LOC019-U02,2026-01-05T02:45:00+00:00,1.995,0.266,11.05
LOC019-U02,2026-01-05T03:00:00+00:00,2.834,0.328,10.35
LOC019-U02,2026-01-05T03:15:00+00:00,2.033,0.292,10.81
LOC019-U02,2026-01-05T03:30:00+00:00,1.895,0.295,7.77
LOC019-U02,2026-01-05T03:45:00+00:00,1.715,0.318,9.97
LOC024-U01,2026-01-04T10:00:00+00:00,2.124,0.278,11.21
LOC024-U01,2026-01-04T10:15:00+00:00,2.356,0.35,6.92
LOC024-U01,2026-01-04T10:30:00+00:00,2.172,0.305,7.82
LOC024-U01,2026-01-04T10:45:00+00:00,2.076,0.348,10.13
LOC024-U01,2026-01-04T11:00:00+00:00,1.366,0.349,9.71
LOC024-U01,2026-01-04T11:15:00+00:00,1.682,0.352,10.48
LOC024-U01,2026-01-04T11:30:00+00:00,1.549,0.321,10.31
LOC024-U01,2026-01-04T11:45:00+00:00,1.748,0.278,9.55
LOC024-U01,2026-01-04T12:00:00+00:00,2.475,0.238,10.95
LOC024-U01,2026-01-04T12:15:00+00:00,2.499,0.311,9.29
LOC024-U01,2026-01-04T12:30:00+00:00,2.904,0.275,10.24
LOC024-U01,2026-01-04T12:45:00+00:00,1.703,0.309,6.93
LOC024-U01,2026-01-04T13:00:00+00:00,1.53,0.32,8.14
LOC024-U01,2026-01-04T13:15:00+00:00,2.566,0.345,11.21
LOC024-U01,2026-01-04T13:30:00+00:00,1.855,0.273,8.61
LOC024-U01,2026-01-04T13:45:00+00:00,2.046,0.225,8.51
LOC024-U01,2026-01-04T14:00:00+00:00,1.213,0.256,10.93
LOC024-U01,2026-01-04T14:15:00+00:00,2.176,0.234,9.92
LOC024-U01,2026-01-04T14:30:00+00:00,1.637,0.286,10.23
LOC024-U01,2026-01-04T14:45:00+00:00,1.884,0.254,10.04
LOC024-U01,2026-01-04T15:00:00+00:00,1.931,0.292,9.47
LOC024-U01,2026-01-04T15:15:00+00:00,1.941,0.251,7.0
LOC024-U01,2026-01-04T15:30:00+00:00,2.366,0.267,8.42
LOC024-U01,2026-01-04T15:45:00+00:00,1.507,0.252,10.03
LOC024-U01,2026-01-04T16:00:00+00:00,2.34,0.233,7.23
LOC024-U01,2026-01-04T16:15:00+00:00,2.311,0.31,10.57
LOC024-U01,2026-01-04T16:30:00+00:00,1.909,0.372,10.5
LOC024-U01,2026-01-04T16:45:00+00:00,2.005,0.285,11.17
LOC024-U01,2026-01-04T17:00:00+00:00,2.621,0.264,8.66
LOC024-U01,2026-01-04T17:15:00+00:00,2.087,0.303,8.71
LOC024-U01,2026-01-04T17:30:00+00:00,1.79,0.328,8.84
LOC024-U01,2026-01-04T17:45:00+00:00,2.171,0.318,10.01
LOC024-U01,2026-01-04T18:00:00+00:00,2.427,0.306,8.79
LOC024-U01,2026-01-04T18:15:00+00:00,2.854,0.31,10.74
LOC024-U01,2026-01-04T18:30:00+00:00,1.622,0.3,9.59
LOC024-U01,2026-01-04T18:45:00+00:00,2.109,0.225,9.99
LOC024-U01,2026-01-04T19:00:00+00:00,2.202,0.319,7.03
LOC024-U01,2026-01-04T19:15:00+00:00,1.725,0.361,7.67
LOC024-U01,2026-01-04T19:30:00+00:00,1.782,0.256,8.64
LOC024-U01,2026-01-04T19:45:00+00:00,2.538,0.323,8.92
LOC024-U01,2026-01-04T20:00:00+00:00,1.676,0.375,10.62
LOC024-U01,2026-01-04T20:15:00+00:00,2.621,0.35,8.7
LOC024-U01,2026-01-04T20:30:00+00:00,1.955,0.242,8.08
LOC024-U01,2026-01-04T20:45:00+00:00,2.03,0.293,8.87
LOC024-U01,2026-01-04T21:00:00+00:00,2.81,0.311,9.73
LOC024-U01,2026-01-04T21:15:00+00:00,2.037,0.351,9.95
LOC024-U01,2026-01-04T21:30:00+00:00,1.983,0.354,8.29
LOC024-U01,2026-01-04T21:45:00+00:00,2.315,0.321,10.51
LOC024-U01,2026-01-04T22:00:00+00:00,2.464,0.305,7.59
LOC024-U01,2026-01-04T22:15:00+00:00,1.731,0.329,6.57
LOC024-U01,2026-01-04T22:30:00+00:00,1.93,0.321,6.74
LOC024-U01,2026-01-04T22:45:00+00:00,2.452,0.373,9.01
LOC024-U01,2026-01-04T23:00:00+00:00,2.023,0.324,9.11
LOC024-U01,2026-01-04T23:15:00+00:00,2.13,0.246,7.81
LOC024-U01,2026-01-04T23:30:00+00:00,2.276,0.247,7.18
LOC024-U01,2026-01-04T23:45:00+00:00,2.505,0.315,7.22
LOC024-U01,2026-01-05T00:00:00+00:00,3.297,0.288,11.92
LOC024-U01,2026-01-05T00:15:00+00:00,2.209,0.367,8.39
LOC024-U01,2026-01-05T00:30:00+00:00,1.914,0.227,9.88
LOC024-U01,2026-01-05T00:45:00+00:00,2.893,0.334,9.33
LOC024-U01,2026-01-05T01:00:00+00:00,2.413,0.317,11.66
LOC024-U01,2026-01-05T01:15:00+00:00,1.855,0.367,8.21
LOC024-U01,2026-01-05T01:30:00+00:00,1.732,0.246,7.79
LOC024-U01,2026-01-05T01:45:00+00:00,2.048,0.361,9.53
LOC024-U01,2026-01-05T02:00:00+00:00,2.398,0.304,9.7
LOC024-U01,2026-01-05T02:15:00+00:00,1.816,0.224,10.06
LOC024-U01,2026-01-05T02:30:00+00:00,3.298,0.376,10.09
LOC024-U01,2026-01-05T02:45:00+00:00,2.186,0.331,9.31
LOC024-U01,2026-01-05T03:00:00+00:00,1.798,0.349,10.95
LOC024-U01,2026-01-05T03:15:00+00:00,2.303,0.332,7.8
LOC024-U01,2026-01-05T03:30:00+00:00,2.7,0.304,11.43
LOC024-U01,2026-01-05T03:45:00+00:00,1.191,0.251,8.71
LOC033-U01,2026-01-04T10:00:00+00:00,1.484,0.316,8.36
LOC033-U01,2026-01-04T10:15:00+00:00,1.59,0.248,8.9
LOC033-U01,2026-01-04T10:30:00+00:00,2.415,0.236,8.43
LOC033-U01,2026-01-04T10:45:00+00:00,1.36,0.308,10.56
LOC033-U01,2026-01-04T11:00:00+00:00,2.645,0.314,8.08
LOC033-U01,2026-01-04T11:15:00+00:00,1.805,0.332,10.35
LOC033-U01,2026-01-04T11:30:00+00:00,3.436,0.302,11.25
LOC033-U01,2026-01-04T11:45:00+00:00,1.046,0.377,6.4
LOC033-U01,2026-01-04T12:00:00+00:00,2.021,0.287,8.25
LOC033-U01,2026-01-04T12:15:00+00:00,2.46,0.259,7.26
LOC033-U01,2026-01-04T12:30:00+00:00,1.833,0.226,7.88
LOC033-U01,2026-01-04T12:45:00+00:00,2.806,0.282,10.05
LOC033-U01,2026-01-04T13:00:00+00:00,2.921,0.35,11.64
LOC033-U01,2026-01-04T13:15:00+00:00,1.563,0.36,10.15
LOC033-U01,2026-01-04T13:30:00+00:00,1.698,0.279,7.87
LOC033-U01,2026-01-04T13:45:00+00:00,2.024,0.28,7.64
LOC033-U01,2026-01-04T14:00:00+00:00,2.193,0.281,11.03
LOC033-U01,2026-01-04T14:15:00+00:00,2.358,0.32,10.22
LOC033-U01,2026-01-04T14:30:00+00:00,1.949,0.366,7.98
LOC033-U01,2026-01-04T14:45:00+00:00,1.923,0.307,6.75
LOC033-U01,2026-01-04T15:00:00+00:00,1.555,0.37,10.66
LOC033-U01,2026-01-04T15:15:00+00:00,2.671,0.322,10.72
LOC033-U01,2026-01-04T15:30:00+00:00,2.126,0.339,8.56
LOC033-U01,2026-01-04T15:45:00+00:00,3.227,0.35,12.1
LOC033-U01,2026-01-04T16:00:00+00:00,1.553,0.291,6.92
LOC033-U01,2026-01-04T16:15:00+00:00,2.571,0.367,10.61
LOC033-U01,2026-01-04T16:30:00+00:00,1.965,0.223,7.58
LOC033-U01,2026-01-04T16:45:00+00:00,2.388,0.317,8.86
LOC033-U01,2026-01-04T17:00:00+00:00,1.632,0.295,7.58
LOC033-U01,2026-01-04T17:15:00+00:00,1.965,0.357,8.96
LOC033-U01,2026-01-04T17:30:00+00:00,2.171,0.23,11.48
LOC033-U01,2026-01-04T17:45:00+00:00,2.313,0.258,6.75
LOC033-U01,2026-01-04T18:00:00+00:00,2.839,0.295,11.77
LOC033-U01,2026-01-04T18:15:00+00:00,2.327,0.313,8.4
LOC033-U01,2026-01-04T18:30:00+00:00,1.921,0.371,7.9
LOC033-U01,2026-01-04T18:45:00+00:00,3.129,0.254,9.38
LOC033-U01,2026-01-04T19:00:00+00:00,2.078,0.323,10.24
LOC033-U01,2026-01-04T19:15:00+00:00,1.224,0.291,9.58
LOC033-U01,2026-01-04T19:30:00+00:00,2.454,0.32,7.62
LOC033-U01,2026-01-04T19:45:00+00:00,1.636,0.345,7.69
LOC033-U01,2026-01-04T20:00:00+00:00,1.856,0.326,10.13
LOC033-U01,2026-01-04T20:15:00+00:00,1.583,0.316,8.8
LOC033-U01,2026-01-04T20:30:00+00:00,2.027,0.22,8.86
LOC033-U01,2026-01-04T20:45:00+00:00,1.819,0.374,8.79
LOC033-U01,2026-01-04T21:00:00+00:00,2.114,0.304,11.46
LOC033-U01,2026-01-04T21:15:00+00:00,1.306,0.359,9.46
LOC033-U01,2026-01-04T21:30:00+00:00,1.314,0.32,8.38
LOC033-U01,2026-01-04T21:45:00+00:00,1.485,0.323,6.81
LOC033-U01,2026-01-04T22:00:00+00:00,3.687,0.334,12.13
LOC033-U01,2026-01-04T22:15:00+00:00,1.984,0.266,7.29
LOC033-U01,2026-01-04T22:30:00+00:00,1.95,0.331,11.48
LOC033-U01,2026-01-04T22:45:00+00:00,2.546,0.291,11.6
LOC033-U01,2026-01-04T23:00:00+00:00,1.591,0.356,9.47
LOC033-U01,2026-01-04T23:15:00+00:00,1.986,0.376,10.83
LOC033-U01,2026-01-04T23:30:00+00:00,1.995,0.31,7.46
LOC033-U01,2026-01-04T23:45:00+00:00,1.66,0.296,11.12
LOC033-U01,2026-01-05T00:00:00+00:00,2.014,0.36,7.42
LOC033-U01,2026-01-05T00:15:00+00:00,2.356,0.34,10.0
LOC033-U01,2026-01-05T00:30:00+00:00,2.271,0.242,9.22
LOC033-U01,2026-01-05T00:45:00+00:00,2.471,0.315,10.42
LOC033-U01,2026-01-05T01:00:00+00:00,1.777,0.255,7.73
LOC033-U01,2026-01-05T01:15:00+00:00,2.685,0.328,11.02
LOC033-U01,2026-01-05T01:30:00+00:00,2.051,0.321,10.11
LOC033-U01,2026-01-05T01:45:00+00:00,1.626,0.287,6.98
LOC033-U01,2026-01-05T02:00:00+00:00,1.46,0.253,6.94
LOC033-U01,2026-01-05T02:15:00+00:00,2.695,0.298,11.67
LOC033-U01,2026-01-05T02:30:00+00:00,1.822,0.285,8.62
LOC033-U01,2026-01-05T02:45:00+00:00,2.523,0.314,10.75
LOC033-U01,2026-01-05T03:00:00+00:00,1.619,0.34,7.85
LOC033-U01,2026-01-05T03:15:00+00:00,1.585,0.341,11.33
LOC033-U01,2026-01-05T03:30:00+00:00,1.589,0.333,8.7
LOC033-U01,2026-01-05T03:45:00+00:00,1.349,0.348,8.93
LOC038-U02,2026-01-04T10:00:00+00:00,2.482,0.324,10.96
LOC038-U02,2026-01-04T10:15:00+00:00,2.318,0.286,8.98
LOC038-U02,2026-01-04T10:30:00+00:00,2.191,0.368,10.14
LOC038-U02,2026-01-04T10:45:00+00:00,1.235,0.328,7.5
LOC038-U02,2026-01-04T11:00:00+00:00,2.585,0.289,11.4
LOC038-U02,2026-01-04T11:15:00+00:00,2.113,0.281,10.64
LOC038-U02,2026-01-04T11:30:00+00:00,1.433,0.251,7.61
LOC038-U02,2026-01-04T11:45:00+00:00,2.049,0.297,9.66
LOC038-U02,2026-01-04T12:00:00+00:00,2.371,0.338,9.53
LOC038-U02,2026-01-04T12:15:00+00:00,2.627,0.34,7.94
LOC038-U02,2026-01-04T12:30:00+00:00,2.661,0.305,7.7
LOC038-U02,2026-01-04T12:45:00+00:00,2.152,0.375,10.54
LOC038-U02,2026-01-04T13:00:00+00:00,2.778,0.33,10.67
LOC038-U02,2026-01-04T13:15:00+00:00,1.659,0.34,7.77
LOC038-U02,2026-01-04T13:30:00+00:00,1.387,0.336,7.49
LOC038-U02,2026-01-04T13:45:00+00:00,2.309,0.237,8.02
LOC038-U02,2026-01-04T14:00:00+00:00,2.837,0.323,11.26
LOC038-U02,2026-01-04T14:15:00+00:00,2.368,0.231,7.81
LOC038-U02,2026-01-04T14:30:00+00:00,1.708,0.303,7.05
LOC038-U02,2026-01-04T14:45:00+00:00,1.042,0.345,9.16
LOC038-U02,2026-01-04T15:00:00+00:00,1.476,0.296,10.56
LOC038-U02,2026-01-04T15:15:00+00:00,2.725,0.328,8.9
LOC038-U02,2026-01-04T15:30:00+00:00,1.753,0.369,8.68
LOC038-U02,2026-01-04T15:45:00+00:00,2.145,0.303,7.43
LOC038-U02,2026-01-04T16:00:00+00:00,2.682,0.372,9.59
LOC038-U02,2026-01-04T16:15:00+00:00,2.275,0.291,8.79
LOC038-U02,2026-01-04T16:30:00+00:00,1.5,0.36,7.52
LOC038-U02,2026-01-04T16:45:00+00:00,2.237,0.253,10.78
LOC038-U02,2026-01-04T17:00:00+00:00,2.171,0.221,9.04
LOC038-U02,2026-01-04T17:15:00+00:00,1.952,0.356,7.78
LOC038-U02,2026-01-04T17:30:00+00:00,2.094,0.34,10.33
LOC038-U02,2026-01-04T17:45:00+00:00,1.553,0.275,6.57
LOC038-U02,2026-01-04T18:00:00+00:00,1.468,0.265,9.84
LOC038-U02,2026-01-04T18:15:00+00:00,1.974,0.316,10.41
LOC038-U02,2026-01-04T18:30:00+00:00,1.742,0.301,7.24
LOC038-U02,2026-01-04T18:45:00+00:00,2.358,0.326,10.85
LOC038-U02,2026-01-04T19:00:00+00:00,2.076,0.33,11.35
LOC038-U02,2026-01-04T19:15:00+00:00,2.347,0.368,9.65
LOC038-U02,2026-01-04T19:30:00+00:00,2.874,0.305,9.83
LOC038-U02,2026-01-04T19:45:00+00:00,1.784,0.228,8.18
LOC038-U02,2026-01-04T20:00:00+00:00,1.752,0.255,8.37
LOC038-U02,2026-01-04T20:15:00+00:00,2.359,0.286,11.56
LOC038-U02,2026-01-04T20:30:00+00:00,1.726,0.303,9.48
LOC038-U02,2026-01-04T20:45:00+00:00,3.147,0.335,7.71
LOC038-U02,2026-01-04T21:00:00+00:00,2.405,0.341,9.97
LOC038-U02,2026-01-04T21:15:00+00:00,2.706,0.328,9.88
LOC038-U02,2026-01-04T21:30:00+00:00,2.102,0.373,8.91
LOC038-U02,2026-01-04T21:45:00+00:00,2.564,0.277,9.48
LOC038-U02,2026-01-04T22:00:00+00:00,1.785,0.233,11.18
LOC038-U02,2026-01-04T22:15:00+00:00,2.833,0.252,11.62
LOC038-U02,2026-01-04T22:30:00+00:00,2.081,0.248,11.36
LOC038-U02,2026-01-04T22:45:00+00:00,1.624,0.356,10.5
LOC038-U02,2026-01-04T23:00:00+00:00,2.056,0.222,9.93
LOC038-U02,2026-01-04T23:15:00+00:00,2.391,0.379,7.51
LOC038-U02,2026-01-04T23:30:00+00:00,2.429,0.337,7.38
LOC038-U02,2026-01-04T23:45:00+00:00,1.715,0.362,8.95
LOC038-U02,2026-01-05T00:00:00+00:00,2.75,0.25,9.0
LOC038-U02,2026-01-05T00:15:00+00:00,1.32,0.31,10.1
LOC038-U02,2026-01-05T00:30:00+00:00,3.189,0.361,10.51
LOC038-U02,2026-01-05T00:45:00+00:00,2.568,0.283,7.89
LOC038-U02,2026-01-05T01:00:00+00:00,2.077,0.227,11.18
LOC038-U02,2026-01-05T01:15:00+00:00,2.267,0.282,11.29
LOC038-U02,2026-01-05T01:30:00+00:00,1.239,0.345,7.43
LOC038-U02,2026-01-05T01:45:00+00:00,2.224,0.281,10.19
LOC038-U02,2026-01-05T02:00:00+00:00,2.428,0.341,9.48
LOC038-U02,2026-01-05T02:15:00+00:00,1.736,0.24,6.67
LOC038-U02,2026-01-05T02:30:00+00:00,2.161,0.304,7.59
LOC038-U02,2026-01-05T02:45:00+00:00,2.095,0.244,11.02
LOC038-U02,2026-01-05T03:00:00+00:00,2.28,0.248,6.99
LOC038-U02,2026-01-05T03:15:00+00:00,1.812,0.263,7.33
LOC038-U02,2026-01-05T03:30:00+00:00,2.133,0.335,8.1
LOC038-U02,2026-01-05T03:45:00+00:00,1.768,0.318,10.73
LOC027-U02,2026-01-04T10:00:00+00:00,2.261,0.363,7.43
LOC027-U02,2026-01-04T10:15:00+00:00,1.994,0.271,11.06
LOC027-U02,2026-01-04T10:30:00+00:00,2.215,0.264,8.92
LOC027-U02,2026-01-04T10:45:00+00:00,1.941,0.326,11.09
LOC027-U02,2026-01-04T11:00:00+00:00,2.392,0.304,8.21
LOC027-U02,2026-01-04T11:15:00+00:00,2.08,0.284,9.55
LOC027-U02,2026-01-04T11:30:00+00:00,2.034,0.343,11.49
LOC027-U02,2026-01-04T11:45:00+00:00,3.098,0.222,11.23
LOC027-U02,2026-01-04T12:00:00+00:00,3.545,0.237,10.44
LOC027-U02,2026-01-04T12:15:00+00:00,2.195,0.243,9.79
LOC027-U02,2026-01-04T12:30:00+00:00,2.506,0.322,7.81
LOC027-U02,2026-01-04T12:45:00+00:00,2.956,0.227,9.94
LOC027-U02,2026-01-04T13:00:00+00:00,2.706,0.351,10.68
LOC027-U02,2026-01-04T13:15:00+00:00,2.533,0.228,6.69
LOC027-U02,2026-01-04T13:30:00+00:00,2.737,0.374,10.59
LOC027-U02,2026-01-04T13:45:00+00:00,2.739,0.349,11.06
LOC027-U02,2026-01-04T14:00:00+00:00,2.043,0.351,10.46
LOC027-U02,2026-01-04T14:15:00+00:00,2.418,0.257,7.24
LOC027-U02,2026-01-04T14:30:00+00:00,3.017,0.225,7.97
LOC027-U02,2026-01-04T14:45:00+00:00,3.178,0.224,8.22
LOC027-U02,2026-01-04T15:00:00+00:00,2.455,0.312,11.26
LOC027-U02,2026-01-04T15:15:00+00:00,2.124,0.279,8.67
LOC027-U02,2026-01-04T15:30:00+00:00,1.512,0.243,8.13
LOC027-U02,2026-01-04T15:45:00+00:00,3.079,0.224,10.29
LOC027-U02,2026-01-04T16:00:00+00:00,1.553,0.318,8.41
LOC027-U02,2026-01-04T16:15:00+00:00,1.753,0.269,11.3
LOC027-U02,2026-01-04T16:30:00+00:00,1.217,0.324,9.14
LOC027-U02,2026-01-04T16:45:00+00:00,1.719,0.272,9.12
LOC027-U02,2026-01-04T17:00:00+00:00,2.641,0.278,7.91
LOC027-U02,2026-01-04T17:15:00+00:00,2.505,0.347,9.25
LOC027-U02,2026-01-04T17:30:00+00:00,1.241,0.35,10.75
LOC027-U02,2026-01-04T17:45:00+00:00,2.976,0.333,9.35
LOC027-U02,2026-01-04T18:00:00+00:00,2.08,0.304,8.29
LOC027-U02,2026-01-04T18:15:00+00:00,2.047,0.259,7.88
LOC027-U02,2026-01-04T18:30:00+00:00,2.319,0.332,9.25
LOC027-U02,2026-01-04T18:45:00+00:00,1.454,0.323,9.26
LOC027-U02,2026-01-04T19:00:00+00:00,2.279,0.261,7.21
LOC027-U02,2026-01-04T19:15:00+00:00,1.905,0.361,8.72
LOC027-U02,2026-01-04T19:30:00+00:00,2.697,0.238,10.72
LOC027-U02,2026-01-04T19:45:00+00:00,2.723,0.377,8.98
LOC027-U02,2026-01-04T20:00:00+00:00,2.038,0.279,10.16
LOC027-U02,2026-01-04T20:15:00+00:00,1.735,0.228,7.03
LOC027-U02,2026-01-04T20:30:00+00:00,1.96,0.227,7.76
LOC027-U02,2026-01-04T20:45:00+00:00,2.005,0.33,6.83
LOC027-U02,2026-01-04T21:00:00+00:00,2.89,0.345,8.44
LOC027-U02,2026-01-04T21:15:00+00:00,1.269,0.367,9.38
LOC027-U02,2026-01-04T21:30:00+00:00,1.788,0.252,7.7
LOC027-U02,2026-01-04T21:45:00+00:00,2.904,0.374,11.61
LOC027-U02,2026-01-04T22:00:00+00:00,1.62,0.316,9.41
LOC027-U02,2026-01-04T22:15:00+00:00,1.823,0.379,9.68
LOC027-U02,2026-01-04T22:30:00+00:00,2.169,0.283,11.04
LOC027-U02,2026-01-04T22:45:00+00:00,1.414,0.235,10.76
LOC027-U02,2026-01-04T23:00:00+00:00,1.587,0.328,8.83
LOC027-U02,2026-01-04T23:15:00+00:00,1.899,0.329,7.49
LOC027-U02,2026-01-04T23:30:00+00:00,2.34,0.328,10.76
LOC027-U02,2026-01-04T23:45:00+00:00,1.271,0.354,7.67
LOC027-U02,2026-01-05T00:00:00+00:00,1.757,0.246,7.51
LOC027-U02,2026-01-05T00:15:00+00:00,2.271,0.324,10.74
LOC027-U02,2026-01-05T00:30:00+00:00,1.517,0.352,8.44
LOC027-U02,2026-01-05T00:45:00+00:00,2.421,0.337,11.32
LOC027-U02,2026-01-05T01:00:00+00:00,1.848,0.34,9.33
LOC027-U02,2026-01-05T01:15:00+00:00,1.62,0.359,6.98
LOC027-U02,2026-01-05T01:30:00+00:00,2.004,0.252,8.31
LOC027-U02,2026-01-05T01:45:00+00:00,0.879,0.245,10.35
LOC027-U02,2026-01-05T02:00:00+00:00,2.19,0.273,8.43
LOC027-U02,2026-01-05T02:15:00+00:00,2.121,0.345,7.55
LOC027-U02,2026-01-05T02:30:00+00:00,2.179,0.35,10.29
LOC027-U02,2026-01-05T02:45:00+00:00,2.176,0.35,7.33
LOC027-U02,2026-01-05T03:00:00+00:00,2.595,0.29,9.33
LOC027-U02,2026-01-05T03:15:00+00:00,1.356,0.337,6.88
LOC027-U02,2026-01-05T03:30:00+00:00,2.38,0.249,8.13
LOC027-U02,2026-01-05T03:45:00+00:00,2.116,0.349,8.36
LOC003-U02,2026-01-04T10:00:00+00:00,1.99,0.291,8.8
LOC003-U02,2026-01-04T10:15:00+00:00,2.38,0.274,8.07
LOC003-U02,2026-01-04T10:30:00+00:00,2.727,0.263,8.79
LOC003-U02,2026-01-04T10:45:00+00:00,3.262,0.244,6.8
LOC003-U02,2026-01-04T11:00:00+00:00,2.07,0.273,9.3
LOC003-U02,2026-01-04T11:15:00+00:00,1.709,0.307,7.37
LOC003-U02,2026-01-04T11:30:00+00:00,2.289,0.326,9.74
LOC003-U02,2026-01-04T11:45:00+00:00,1.669,0.346,8.59
LOC003-U02,2026-01-04T12:00:00+00:00,2.679,0.379,11.74
LOC003-U02,2026-01-04T12:15:00+00:00,2.089,0.246,6.67
LOC003-U02,2026-01-04T12:30:00+00:00,1.908,0.263,9.3
LOC003-U02,2026-01-04T12:45:00+00:00,2.535,0.331,7.99
LOC003-U02,2026-01-04T13:00:00+00:00,1.959,0.222,9.58
LOC003-U02,2026-01-04T13:15:00+00:00,2.156,0.344,9.5
LOC003-U02,2026-01-04T13:30:00+00:00,2.27,0.316,6.73
LOC003-U02,2026-01-04T13:45:00+00:00,1.751,0.343,8.05
LOC003-U02,2026-01-04T14:00:00+00:00,1.0,0.268,7.13
LOC003-U02,2026-01-04T14:15:00+00:00,1.389,0.349,8.56
LOC003-U02,2026-01-04T14:30:00+00:00,2.213,0.291,11.16
LOC003-U02,2026-01-04T14:45:00+00:00,1.972,0.372,8.58
LOC003-U02,2026-01-04T15:00:00+00:00,1.583,0.317,11.28
LOC003-U02,2026-01-04T15:15:00+00:00,2.015,0.331,10.13
LOC003-U02,2026-01-04T15:30:00+00:00,2.128,0.243,8.7
LOC003-U02,2026-01-04T15:45:00+00:00,1.936,0.339,9.87
LOC003-U02,2026-01-04T16:00:00+00:00,2.421,0.285,9.51
LOC003-U02,2026-01-04T16:15:00+00:00,2.291,0.322,10.11
LOC003-U02,2026-01-04T16:30:00+00:00,2.943,0.251,11.14
LOC003-U02,2026-01-04T16:45:00+00:00,1.583,0.331,6.58
LOC003-U02,2026-01-04T17:00:00+00:00,3.186,0.226,10.5
LOC003-U02,2026-01-04T17:15:00+00:00,1.509,0.281,7.13
LOC003-U02,2026-01-04T17:30:00+00:00,2.027,0.272,8.63
LOC003-U02,2026-01-04T17:45:00+00:00,2.249,0.318,8.2
LOC003-U02,2026-01-04T18:00:00+00:00,1.887,0.346,7.41
LOC003-U02,2026-01-04T18:15:00+00:00,2.487,0.277,9.45
LOC003-U02,2026-01-04T18:30:00+00:00,2.022,0.227,10.5
LOC003-U02,2026-01-04T18:45:00+00:00,1.86,0.273,8.61
LOC003-U02,2026-01-04T19:00:00+00:00,2.253,0.339,10.56
LOC003-U02,2026-01-04T19:15:00+00:00,1.828,0.267,10.46
LOC003-U02,2026-01-04T19:30:00+00:00,1.445,0.243,6.91
LOC003-U02,2026-01-04T19:45:00+00:00,2.635,0.348,7.06
LOC003-U02,2026-01-04T20:00:00+00:00,1.082,0.285,9.38
LOC003-U02,2026-01-04T20:15:00+00:00,2.016,0.297,10.71
LOC003-U02,2026-01-04T20:30:00+00:00,1.267,0.331,7.35
LOC003-U02,2026-01-04T20:45:00+00:00,2.623,0.266,9.8
LOC003-U02,2026-01-04T21:00:00+00:00,2.353,0.302,9.24
LOC003-U02,2026-01-04T21:15:00+00:00,2.116,0.312,6.81
LOC003-U02,2026-01-04T21:30:00+00:00,2.427,0.236,9.52
LOC003-U02,2026-01-04T21:45:00+00:00,1.485,0.342,6.83
LOC003-U02,2026-01-04T22:00:00+00:00,2.48,0.323,9.28
LOC003-U02,2026-01-04T22:15:00+00:00,2.129,0.373,7.47
LOC003-U02,2026-01-04T22:30:00+00:00,1.923,0.268,7.88
LOC003-U02,2026-01-04T22:45:00+00:00,2.219,0.377,10.06
LOC003-U02,2026-01-04T23:00:00+00:00,2.134,0.274,9.79
LOC003-U02,2026-01-04T23:15:00+00:00,2.403,0.361,6.97
LOC003-U02,2026-01-04T23:30:00+00:00,1.706,0.304,7.72
LOC003-U02,2026-01-04T23:45:00+00:00,1.374,0.345,10.47
LOC003-U02,2026-01-05T00:00:00+00:00,2.351,0.229,11.44
LOC003-U02,2026-01-05T00:15:00+00:00,2.179,0.34,10.3
LOC003-U02,2026-01-05T00:30:00+00:00,1.627,0.368,8.14
LOC003-U02,2026-01-05T00:45:00+00:00,2.111,0.354,9.54
LOC003-U02,2026-01-05T01:00:00+00:00,2.011,0.284,7.39
LOC003-U02,2026-01-05T01:15:00+00:00,1.459,0.274,8.44
LOC003-U02,2026-01-05T01:30:00+00:00,0.632,0.225,8.96
LOC003-U02,2026-01-05T01:45:00+00:00,2.526,0.334,11.81
LOC003-U02,2026-01-05T02:00:00+00:00,2.848,0.336,9.45
LOC003-U02,2026-01-05T02:15:00+00:00,2.037,0.221,7.91
LOC003-U02,2026-01-05T02:30:00+00:00,2.349,0.24,7.48
LOC003-U02,2026-01-05T02:45:00+00:00,2.008,0.339,8.5
LOC003-U02,2026-01-05T03:00:00+00:00,2.04,0.263,10.48
LOC003-U02,2026-01-05T03:15:00+00:00,1.879,0.346,10.89
LOC003-U02,2026-01-05T03:30:00+00:00,2.438,0.254,7.49
LOC003-U02,2026-01-05T03:45:00+00:00,2.15,0.232,7.01
LOC036-U01,2026-01-04T10:00:00+00:00,2.784,0.36,11.69
LOC036-U01,2026-01-04T10:15:00+00:00,1.572,0.239,7.07
LOC036-U01,2026-01-04T10:30:00+00:00,1.485,0.281,10.01
LOC036-U01,2026-01-04T10:45:00+00:00,1.61,0.333,7.84
LOC036-U01,2026-01-04T11:00:00+00:00,1.683,0.318,10.91
LOC036-U01,2026-01-04T11:15:00+00:00,1.25,0.354,8.28
LOC036-U01,2026-01-04T11:30:00+00:00,2.399,0.34,11.08
LOC036-U01,2026-01-04T11:45:00+00:00,1.931,0.27,7.89
LOC036-U01,2026-01-04T12:00:00+00:00,2.194,0.362,7.74
LOC036-U01,2026-01-04T12:15:00+00:00,2.389,0.305,11.49
LOC036-U01,2026-01-04T12:30:00+00:00,2.384,0.235,7.43
LOC036-U01,2026-01-04T12:45:00+00:00,1.503,0.336,8.31
LOC036-U01,2026-01-04T13:00:00+00:00,2.56,0.377,7.32
LOC036-U01,2026-01-04T13:15:00+00:00,2.013,0.27,11.4
LOC036-U01,2026-01-04T13:30:00+00:00,2.455,0.272,10.11
LOC036-U01,2026-01-04T13:45:00+00:00,2.064,0.247,8.56
LOC036-U01,2026-01-04T14:00:00+00:00,2.247,0.351,9.71
LOC036-U01,2026-01-04T14:15:00+00:00,2.232,0.32,10.96
LOC036-U01,2026-01-04T14:30:00+00:00,2.325,0.22,10.57
LOC036-U01,2026-01-04T14:45:00+00:00,1.773,0.273,11.44
LOC036-U01,2026-01-04T15:00:00+00:00,1.139,0.285,8.97
LOC036-U01,2026-01-04T15:15:00+00:00,2.641,0.363,7.23
LOC036-U01,2026-01-04T15:30:00+00:00,1.964,0.312,11.44
LOC036-U01,2026-01-04T15:45:00+00:00,1.429,0.251,9.63
LOC036-U01,2026-01-04T16:00:00+00:00,2.136,0.35,11.55
LOC036-U01,2026-01-04T16:15:00+00:00,2.548,0.329,9.2
LOC036-U01,2026-01-04T16:30:00+00:00,1.315,0.256,9.02
LOC036-U01,2026-01-04T16:45:00+00:00,1.558,0.36,10.02
LOC036-U01,2026-01-04T17:00:00+00:00,3.195,0.231,11.61
LOC036-U01,2026-01-04T17:15:00+00:00,1.511,0.241,6.73
LOC036-U01,2026-01-04T17:30:00+00:00,2.682,0.255,7.5
LOC036-U01,2026-01-04T17:45:00+00:00,2.628,0.225,10.11
LOC036-U01,2026-01-04T18:00:00+00:00,1.584,0.223,10.17
LOC036-U01,2026-01-04T18:15:00+00:00,1.866,0.22,6.51
LOC036-U01,2026-01-04T18:30:00+00:00,2.503,0.273,8.9
LOC036-U01,2026-01-04T18:45:00+00:00,1.8,0.359,7.59
LOC036-U01,2026-01-04T19:00:00+00:00,1.458,0.377,8.55
LOC036-U01,2026-01-04T19:15:00+00:00,2.786,0.255,7.08
LOC036-U01,2026-01-04T19:30:00+00:00,2.276,0.354,10.83
LOC036-U01,2026-01-04T19:45:00+00:00,2.284,0.254,8.93
LOC036-U01,2026-01-04T20:00:00+00:00,1.47,0.225,10.0
LOC036-U01,2026-01-04T20:15:00+00:00,2.527,0.281,8.49
LOC036-U01,2026-01-04T20:30:00+00:00,1.854,0.25,8.13
LOC036-U01,2026-01-04T20:45:00+00:00,2.289,0.355,7.25
LOC036-U01,2026-01-04T21:00:00+00:00,1.753,0.338,8.34
LOC036-U01,2026-01-04T21:15:00+00:00,3.237,0.337,11.45
LOC036-U01,2026-01-04T21:30:00+00:00,2.701,0.306,10.79
LOC036-U01,2026-01-04T21:45:00+00:00,1.347,0.249,7.1
LOC036-U01,2026-01-04T22:00:00+00:00,2.642,0.319,9.05
LOC036-U01,2026-01-04T22:15:00+00:00,1.093,0.297,8.2
LOC036-U01,2026-01-04T22:30:00+00:00,1.582,0.313,7.0
LOC036-U01,2026-01-04T22:45:00+00:00,2.078,0.311,10.25
LOC036-U01,2026-01-04T23:00:00+00:00,2.427,0.303,8.16
LOC036-U01,2026-01-04T23:15:00+00:00,2.535,0.269,7.63
LOC036-U01,2026-01-04T23:30:00+00:00,1.887,0.238,9.85
LOC036-U01,2026-01-04T23:45:00+00:00,1.806,0.371,10.06
LOC036-U01,2026-01-05T00:00:00+00:00,2.114,0.282,10.73
LOC036-U01,2026-01-05T00:15:00+00:00,2.04,0.243,8.48
LOC036-U01,2026-01-05T00:30:00+00:00,1.746,0.221,7.12
LOC036-U01,2026-01-05T00:45:00+00:00,2.322,0.236,10.98
LOC036-U01,2026-01-05T01:00:00+00:00,2.424,0.331,10.84
LOC036-U01,2026-01-05T01:15:00+00:00,2.002,0.234,10.63
LOC036-U01,2026-01-05T01:30:00+00:00,3.622,0.274,8.92
LOC036-U01,2026-01-05T01:45:00+00:00,1.923,0.258,11.46
LOC036-U01,2026-01-05T02:00:00+00:00,1.183,0.315,6.38
LOC036-U01,2026-01-05T02:15:00+00:00,2.184,0.262,7.51
LOC036-U01,2026-01-05T02:30:00+00:00,1.991,0.353,7.33
LOC036-U01,2026-01-05T02:45:00+00:00,1.735,0.366,11.19
LOC036-U01,2026-01-05T03:00:00+00:00,2.176,0.302,7.02
LOC036-U01,2026-01-05T03:15:00+00:00,2.646,0.368,9.81
LOC036-U01,2026-01-05T03:30:00+00:00,2.837,0.271,9.61
LOC036-U01,2026-01-05T03:45:00+00:00,1.051,0.232,8.02
LOC035-U01,2026-01-04T10:00:00+00:00,1.367,0.279,10.71
LOC035-U01,2026-01-04T10:15:00+00:00,2.346,0.327,9.54
LOC035-U01,2026-01-04T10:30:00+00:00,2.413,0.369,10.38
LOC035-U01,2026-01-04T10:45:00+00:00,2.08,0.274,11.51
LOC035-U01,2026-01-04T11:00:00+00:00,2.639,0.22,11.12
LOC035-U01,2026-01-04T11:15:00+00:00,2.9,0.263,9.31
LOC035-U01,2026-01-04T11:30:00+00:00,1.839,0.322,9.29
LOC035-U01,2026-01-04T11:45:00+00:00,1.706,0.376,7.09
LOC035-U01,2026-01-04T12:00:00+00:00,1.986,0.282,8.85
LOC035-U01,2026-01-04T12:15:00+00:00,1.41,0.225,7.9
LOC035-U01,2026-01-04T12:30:00+00:00,3.245,0.34,10.26
LOC035-U01,2026-01-04T12:45:00+00:00,1.639,0.327,8.98
LOC035-U01,2026-01-04T13:00:00+00:00,2.667,0.239,6.83
LOC035-U01,2026-01-04T13:15:00+00:00,1.511,0.377,7.28
LOC035-U01,2026-01-04T13:30:00+00:00,2.263,0.228,11.43
LOC035-U01,2026-01-04T13:45:00+00:00,2.008,0.226,7.93
LOC035-U01,2026-01-04T14:00:00+00:00,2.944,0.223,8.62
LOC035-U01,2026-01-04T14:15:00+00:00,2.522,0.245,11.42
LOC035-U01,2026-01-04T14:30:00+00:00,1.946,0.258,11.05
LOC035-U01,2026-01-04T14:45:00+00:00,2.413,0.321,10.75
LOC035-U01,2026-01-04T15:00:00+00:00,2.357,0.279,7.87
LOC035-U01,2026-01-04T15:15:00+00:00,1.863,0.254,8.34
LOC035-U01,2026-01-04T15:30:00+00:00,1.732,0.249,10.77
LOC035-U01,2026-01-04T15:45:00+00:00,2.352,0.363,7.85
LOC035-U01,2026-01-04T16:00:00+00:00,2.584,0.305,7.91
LOC035-U01,2026-01-04T16:15:00+00:00,2.199,0.284,10.11
LOC035-U01,2026-01-04T16:30:00+00:00,2.129,0.294,8.86
LOC035-U01,2026-01-04T16:45:00+00:00,1.286,0.344,10.49
LOC035-U01,2026-01-04T17:00:00+00:00,2.421,0.344,8.82
LOC035-U01,2026-01-04T17:15:00+00:00,1.907,0.347,11.15
LOC035-U01,2026-01-04T17:30:00+00:00,2.164,0.355,11.25
LOC035-U01,2026-01-04T17:45:00+00:00,2.5,0.266,11.22
LOC035-U01,2026-01-04T18:00:00+00:00,2.698,0.322,11.01
LOC035-U01,2026-01-04T18:15:00+00:00,2.349,0.37,10.78
LOC035-U01,2026-01-04T18:30:00+00:00,1.767,0.301,11.21
LOC035-U01,2026-01-04T18:45:00+00:00,2.243,0.337,11.67
LOC035-U01,2026-01-04T19:00:00+00:00,1.121,0.271,10.18
LOC035-U01,2026-01-04T19:15:00+00:00,3.373,0.332,8.43
LOC035-U01,2026-01-04T19:30:00+00:00,1.557,0.302,10.64
LOC035-U01,2026-01-04T19:45:00+00:00,2.543,0.351,9.1
LOC035-U01,2026-01-04T20:00:00+00:00,1.871,0.377,6.82
LOC035-U01,2026-01-04T20:15:00+00:00,2.209,0.279,10.12
LOC035-U01,2026-01-04T20:30:00+00:00,1.961,0.319,7.41
LOC035-U01,2026-01-04T20:45:00+00:00,2.371,0.283,11.61
LOC035-U01,2026-01-04T21:00:00+00:00,2.075,0.326,9.74
LOC035-U01,2026-01-04T21:15:00+00:00,1.798,0.305,9.64
LOC035-U01,2026-01-04T21:30:00+00:00,2.456,0.231,6.82
LOC035-U01,2026-01-04T21:45:00+00:00,2.359,0.343,7.51
LOC035-U01,2026-01-04T22:00:00+00:00,2.481,0.329,10.52
LOC035-U01,2026-01-04T22:15:00+00:00,1.362,0.327,9.34
LOC035-U01,2026-01-04T22:30:00+00:00,2.256,0.371,10.11
LOC035-U01,2026-01-04T22:45:00+00:00,1.695,0.301,10.17
LOC035-U01,2026-01-04T23:00:00+00:00,2.139,0.317,7.24
LOC035-U01,2026-01-04T23:15:00+00:00,2.098,0.277,7.94
LOC035-U01,2026-01-04T23:30:00+00:00,2.471,0.361,9.81
LOC035-U01,2026-01-04T23:45:00+00:00,2.113,0.305,8.09
LOC035-U01,2026-01-05T00:00:00+00:00,1.73,0.276,9.82
LOC035-U01,2026-01-05T00:15:00+00:00,1.937,0.264,10.2
LOC035-U01,2026-01-05T00:30:00+00:00,2.117,0.371,11.59
LOC035-U01,2026-01-05T00:45:00+00:00,2.779,0.372,8.83
LOC035-U01,2026-01-05T01:00:00+00:00,2.66,0.33,9.19
LOC035-U01,2026-01-05T01:15:00+00:00,2.219,0.288,6.64
LOC035-U01,2026-01-05T01:30:00+00:00,2.272,0.332,9.74
LOC035-U01,2026-01-05T01:45:00+00:00,1.685,0.352,11.11
LOC035-U01,2026-01-05T02:00:00+00:00,1.804,0.322,8.44
LOC035-U01,2026-01-05T02:15:00+00:00,1.959,0.269,7.06
LOC035-U01,2026-01-05T02:30:00+00:00,2.11,0.354,10.55
LOC035-U01,2026-01-05T02:45:00+00:00,2.076,0.241,7.55
LOC035-U01,2026-01-05T03:00:00+00:00,2.378,0.33,6.83
LOC035-U01,2026-01-05T03:15:00+00:00,2.057,0.347,9.39
LOC035-U01,2026-01-05T03:30:00+00:00,1.31,0.258,6.91
LOC035-U01,2026-01-05T03:45:00+00:00,1.289,0.285,9.85
LOC001-U01,2026-01-04T10:00:00+00:00,1.765,0.346,8.86
LOC001-U01,2026-01-04T10:15:00+00:00,2.264,0.305,7.84
LOC001-U01,2026-01-04T10:30:00+00:00,0.936,0.317,8.28
LOC001-U01,2026-01-04T10:45:00+00:00,1.652,0.272,8.58
LOC001-U01,2026-01-04T11:00:00+00:00,1.642,0.289,9.16
LOC001-U01,2026-01-04T11:15:00+00:00,2.272,0.32,9.56
LOC001-U01,2026-01-04T11:30:00+00:00,1.08,0.27,10.18
LOC001-U01,2026-01-04T11:45:00+00:00,3.001,0.235,10.78
LOC001-U01,2026-01-04T12:00:00+00:00,1.834,0.247,11.11
LOC001-U01,2026-01-04T12:15:00+00:00,1.565,0.361,7.76
LOC001-U01,2026-01-04T12:30:00+00:00,2.54,0.267,10.41
LOC001-U01,2026-01-04T12:45:00+00:00,1.01,0.315,7.8
LOC001-U01,2026-01-04T13:00:00+00:00,2.012,0.268,11.43
LOC001-U01,2026-01-04T13:15:00+00:00,2.825,0.299,7.88
LOC001-U01,2026-01-04T13:30:00+00:00,2.192,0.363,8.59
LOC001-U01,2026-01-04T13:45:00+00:00,1.963,0.262,10.12
LOC001-U01,2026-01-04T14:00:00+00:00,1.749,0.238,10.57
LOC001-U01,2026-01-04T14:15:00+00:00,2.727,0.372,9.19
LOC001-U01,2026-01-04T14:30:00+00:00,2.417,0.306,10.29
LOC001-U01,2026-01-04T14:45:00+00:00,1.336,0.277,10.02
LOC001-U01,2026-01-04T15:00:00+00:00,2.089,0.223,6.77
LOC001-U01,2026-01-04T15:15:00+00:00,2.74,0.315,8.85
LOC001-U01,2026-01-04T15:30:00+00:00,1.789,0.319,7.16
LOC001-U01,2026-01-04T15:45:00+00:00,1.531,0.233,10.17
LOC001-U01,2026-01-04T16:00:00+00:00,2.76,0.347,7.13
LOC001-U01,2026-01-04T16:15:00+00:00,1.964,0.293,9.21
LOC001-U01,2026-01-04T16:30:00+00:00,1.859,0.235,8.64
LOC001-U01,2026-01-04T16:45:00+00:00,1.342,0.259,7.43
LOC001-U01,2026-01-04T17:00:00+00:00,2.205,0.229,8.84
LOC001-U01,2026-01-04T17:15:00+00:00,1.931,0.368,10.64
LOC001-U01,2026-01-04T17:30:00+00:00,2.439,0.266,9.37
LOC001-U01,2026-01-04T17:45:00+00:00,2.209,0.259,9.21
LOC001-U01,2026-01-04T18:00:00+00:00,1.744,0.31,7.5
LOC001-U01,2026-01-04T18:15:00+00:00,1.981,0.285,11.26
LOC001-U01,2026-01-04T18:30:00+00:00,1.632,0.347,8.69
LOC001-U01,2026-01-04T18:45:00+00:00,2.154,0.283,7.01
LOC001-U01,2026-01-04T19:00:00+00:00,1.34,0.31,7.57
LOC001-U01,2026-01-04T19:15:00+00:00,2.519,0.311,9.27
LOC001-U01,2026-01-04T19:30:00+00:00,1.873,0.262,10.98
LOC001-U01,2026-01-04T19:45:00+00:00,2.103,0.275,10.41
LOC001-U01,2026-01-04T20:00:00+00:00,2.33,0.337,6.89
LOC001-U01,2026-01-04T20:15:00+00:00,2.269,0.337,10.88
LOC001-U01,2026-01-04T20:30:00+00:00,2.021,0.356,9.84
LOC001-U01,2026-01-04T20:45:00+00:00,2.298,0.28,10.82
LOC001-U01,2026-01-04T21:00:00+00:00,2.124,0.258,8.43
LOC001-U01,2026-01-04T21:15:00+00:00,2.555,0.352,11.51
LOC001-U01,2026-01-04T21:30:00+00:00,2.381,0.371,9.37
LOC001-U01,2026-01-04T21:45:00+00:00,2.241,0.36,9.37
LOC001-U01,2026-01-04T22:00:00+00:00,2.054,0.265,10.69
LOC001-U01,2026-01-04T22:15:00+00:00,1.721,0.289,8.9
LOC001-U01,2026-01-04T22:30:00+00:00,2.336,0.247,10.66
LOC001-U01,2026-01-04T22:45:00+00:00,1.846,0.23,7.66
LOC001-U01,2026-01-04T23:00:00+00:00,1.819,0.314,11.48
LOC001-U01,2026-01-04T23:15:00+00:00,2.707,0.281,9.13
LOC001-U01,2026-01-04T23:30:00+00:00,1.877,0.313,11.33
LOC001-U01,2026-01-04T23:45:00+00:00,2.295,0.228,11.32
LOC001-U01,2026-01-05T00:00:00+00:00,1.605,0.282,10.54
LOC001-U01,2026-01-05T00:15:00+00:00,3.048,0.276,8.91
LOC001-U01,2026-01-05T00:30:00+00:00,2.162,0.362,7.07
LOC001-U01,2026-01-05T00:45:00+00:00,1.425,0.368,8.26
LOC001-U01,2026-01-05T01:00:00+00:00,1.576,0.253,8.07
LOC001-U01,2026-01-05T01:15:00+00:00,3.093,0.265,7.29
LOC001-U01,2026-01-05T01:30:00+00:00,2.726,0.265,7.7
LOC001-U01,2026-01-05T01:45:00+00:00,2.498,0.379,8.17
LOC001-U01,2026-01-05T02:00:00+00:00,2.443,0.338,9.87
LOC001-U01,2026-01-05T02:15:00+00:00,1.54,0.274,8.35
LOC001-U01,2026-01-05T02:30:00+00:00,1.636,0.332,11.47
LOC001-U01,2026-01-05T02:45:00+00:00,1.863,0.333,9.12
LOC001-U01,2026-01-05T03:00:00+00:00,2.428,0.346,7.97
LOC001-U01,2026-01-05T03:15:00+00:00,2.288,0.229,10.14
LOC001-U01,2026-01-05T03:30:00+00:00,1.904,0.303,10.04
LOC001-U01,2026-01-05T03:45:00+00:00,2.355,0.348,9.15
LOC017-U02,2026-01-04T10:00:00+00:00,1.269,0.317,10.14
LOC017-U02,2026-01-04T10:15:00+00:00,1.909,0.38,7.7
LOC017-U02,2026-01-04T10:30:00+00:00,1.916,0.277,7.47
LOC017-U02,2026-01-04T10:45:00+00:00,1.249,0.273,10.74
LOC017-U02,2026-01-04T11:00:00+00:00,1.328,0.358,7.49
LOC017-U02,2026-01-04T11:15:00+00:00,1.67,0.311,8.49
LOC017-U02,2026-01-04T11:30:00+00:00,2.209,0.239,6.69
LOC017-U02,2026-01-04T11:45:00+00:00,2.793,0.231,9.82
LOC017-U02,2026-01-04T12:00:00+00:00,2.844,0.237,8.9
LOC017-U02,2026-01-04T12:15:00+00:00,2.552,0.297,6.78
LOC017-U02,2026-01-04T12:30:00+00:00,2.551,0.239,7.08
LOC017-U02,2026-01-04T12:45:00+00:00,2.223,0.311,9.07
LOC017-U02,2026-01-04T13:00:00+00:00,2.182,0.326,9.24
LOC017-U02,2026-01-04T13:15:00+00:00,2.222,0.342,11.34
LOC017-U02,2026-01-04T13:30:00+00:00,2.117,0.24,8.3
LOC017-U02,2026-01-04T13:45:00+00:00,2.617,0.372,11.83
LOC017-U02,2026-01-04T14:00:00+00:00,1.84,0.371,10.99
LOC017-U02,2026-01-04T14:15:00+00:00,1.566,0.261,9.48
LOC017-U02,2026-01-04T14:30:00+00:00,2.341,0.28,8.62
LOC017-U02,2026-01-04T14:45:00+00:00,2.337,0.226,10.06
LOC017-U02,2026-01-04T15:00:00+00:00,1.468,0.371,7.0
LOC017-U02,2026-01-04T15:15:00+00:00,1.448,0.349,7.95
LOC017-U02,2026-01-04T15:30:00+00:00,2.05,0.269,7.46
LOC017-U02,2026-01-04T15:45:00+00:00,2.094,0.23,9.28
LOC017-U02,2026-01-04T16:00:00+00:00,1.889,0.345,8.51
LOC017-U02,2026-01-04T16:15:00+00:00,1.852,0.306,10.2
LOC017-U02,2026-01-04T16:30:00+00:00,2.132,0.309,8.45
LOC017-U02,2026-01-04T16:45:00+00:00,2.038,0.25,8.58
LOC017-U02,2026-01-04T17:00:00+00:00,1.047,0.302,6.75
LOC017-U02,2026-01-04T17:15:00+00:00,1.222,0.365,6.81
LOC017-U02,2026-01-04T17:30:00+00:00,2.085,0.31,7.53
LOC017-U02,2026-01-04T17:45:00+00:00,2.75,0.372,10.94
LOC017-U02,2026-01-04T18:00:00+00:00,1.979,0.271,9.12
LOC017-U02,2026-01-04T18:15:00+00:00,1.671,0.256,9.11
LOC017-U02,2026-01-04T18:30:00+00:00,2.238,0.255,6.93
LOC017-U02,2026-01-04T18:45:00+00:00,2.671,0.273,7.33
LOC017-U02,2026-01-04T19:00:00+00:00,1.337,0.317,8.52
LOC017-U02,2026-01-04T19:15:00+00:00,1.595,0.319,9.25
LOC017-U02,2026-01-04T19:30:00+00:00,2.091,0.263,6.74
LOC017-U02,2026-01-04T19:45:00+00:00,2.967,0.228,10.79
LOC017-U02,2026-01-04T20:00:00+00:00,2.013,0.227,10.84
LOC017-U02,2026-01-04T20:15:00+00:00,0.929,0.315,9.74
LOC017-U02,2026-01-04T20:30:00+00:00,1.913,0.236,8.25
LOC017-U02,2026-01-04T20:45:00+00:00,1.249,0.242,10.27
LOC017-U02,2026-01-04T21:00:00+00:00,1.948,0.307,6.72
LOC017-U02,2026-01-04T21:15:00+00:00,2.254,0.275,11.48
LOC017-U02,2026-01-04T21:30:00+00:00,2.366,0.263,9.66
LOC017-U02,2026-01-04T21:45:00+00:00,2.093,0.36,11.62
LOC017-U02,2026-01-04T22:00:00+00:00,2.673,0.338,9.07
LOC017-U02,2026-01-04T22:15:00+00:00,1.9,0.335,9.2
LOC017-U02,2026-01-04T22:30:00+00:00,1.777,0.286,10.9
LOC017-U02,2026-01-04T22:45:00+00:00,2.892,0.26,7.62
LOC017-U02,2026-01-04T23:00:00+00:00,2.036,0.351,9.54
LOC017-U02,2026-01-04T23:15:00+00:00,1.761,0.288,9.35
LOC017-U02,2026-01-04T23:30:00+00:00,2.049,0.359,6.8
LOC017-U02,2026-01-04T23:45:00+00:00,2.311,0.298,6.7
LOC017-U02,2026-01-05T00:00:00+00:00,1.745,0.248,7.0
LOC017-U02,2026-01-05T00:15:00+00:00,2.025,0.33,8.83
LOC017-U02,2026-01-05T00:30:00+00:00,1.732,0.252,7.63
LOC017-U02,2026-01-05T00:45:00+00:00,1.221,0.363,11.3
LOC017-U02,2026-01-05T01:00:00+00:00,3.158,0.256,11.27
LOC017-U02,2026-01-05T01:15:00+00:00,3.053,0.224,10.09
LOC017-U02,2026-01-05T01:30:00+00:00,2.674,0.348,7.8
LOC017-U02,2026-01-05T01:45:00+00:00,1.892,0.376,8.65
LOC017-U02,2026-01-05T02:00:00+00:00,1.874,0.238,9.17
LOC017-U02,2026-01-05T02:15:00+00:00,1.399,0.223,8.9
LOC017-U02,2026-01-05T02:30:00+00:00,2.563,0.304,8.52
LOC017-U02,2026-01-05T02:45:00+00:00,2.336,0.309,11.09
LOC017-U02,2026-01-05T03:00:00+00:00,2.496,0.235,8.79
LOC017-U02,2026-01-05T03:15:00+00:00,2.601,0.307,9.47
LOC017-U02,2026-01-05T03:30:00+00:00,2.537,0.302,10.68
LOC017-U02,2026-01-05T03:45:00+00:00,1.92,0.248,9.22
LOC013-U01,2026-01-04T10:00:00+00:00,2.052,0.366,8.28
LOC013-U01,2026-01-04T10:15:00+00:00,2.148,0.359,8.29
LOC013-U01,2026-01-04T10:30:00+00:00,1.418,0.29,10.12
LOC013-U01,2026-01-04T10:45:00+00:00,2.174,0.264,11.35
LOC013-U01,2026-01-04T11:00:00+00:00,2.0,0.234,11.03
LOC013-U01,2026-01-04T11:15:00+00:00,2.088,0.253,10.29
LOC013-U01,2026-01-04T11:30:00+00:00,1.718,0.245,11.17
LOC013-U01,2026-01-04T11:45:00+00:00,2.076,0.311,8.33
LOC013-U01,2026-01-04T12:00:00+00:00,2.888,0.306,8.81
LOC013-U01,2026-01-04T12:15:00+00:00,2.087,0.241,7.65
LOC013-U01,2026-01-04T12:30:00+00:00,2.838,0.378,10.52
LOC013-U01,2026-01-04T12:45:00+00:00,2.027,0.27,11.29
LOC013-U01,2026-01-04T13:00:00+00:00,2.077,0.299,9.66
LOC013-U01,2026-01-04T13:15:00+00:00,2.095,0.335,10.11
LOC013-U01,2026-01-04T13:30:00+00:00,1.818,0.367,11.15
LOC013-U01,2026-01-04T13:45:00+00:00,2.055,0.309,9.64
LOC013-U01,2026-01-04T14:00:00+00:00,1.813,0.357,8.28
LOC013-U01,2026-01-04T14:15:00+00:00,2.692,0.25,9.31
LOC013-U01,2026-01-04T14:30:00+00:00,2.86,0.339,11.16
LOC013-U01,2026-01-04T14:45:00+00:00,1.863,0.316,7.89
LOC013-U01,2026-01-04T15:00:00+00:00,2.14,0.333,7.54
LOC013-U01,2026-01-04T15:15:00+00:00,2.433,0.238,10.91
LOC013-U01,2026-01-04T15:30:00+00:00,1.85,0.255,8.82
LOC013-U01,2026-01-04T15:45:00+00:00,2.355,0.253,8.97
LOC013-U01,2026-01-04T16:00:00+00:00,2.128,0.341,7.36
LOC013-U01,2026-01-04T16:15:00+00:00,2.631,0.239,11.6
LOC013-U01,2026-01-04T16:30:00+00:00,1.925,0.247,9.3
LOC013-U01,2026-01-04T16:45:00+00:00,2.755,0.345,11.66
LOC013-U01,2026-01-04T17:00:00+00:00,2.661,0.33,11.65
LOC013-U01,2026-01-04T17:15:00+00:00,2.516,0.263,9.56
LOC013-U01,2026-01-04T17:30:00+00:00,2.486,0.277,9.5
LOC013-U01,2026-01-04T17:45:00+00:00,2.453,0.333,11.54
LOC013-U01,2026-01-04T18:00:00+00:00,2.392,0.229,7.3
LOC013-U01,2026-01-04T18:15:00+00:00,2.588,0.355,9.62
LOC013-U01,2026-01-04T18:30:00+00:00,2.439,0.361,11.57
LOC013-U01,2026-01-04T18:45:00+00:00,1.447,0.312,10.46
LOC013-U01,2026-01-04T19:00:00+00:00,1.8,0.297,7.22
LOC013-U01,2026-01-04T19:15:00+00:00,2.455,0.273,10.56
LOC013-U01,2026-01-04T19:30:00+00:00,1.506,0.311,7.34
LOC013-U01,2026-01-04T19:45:00+00:00,2.659,0.354,11.0
LOC013-U01,2026-01-04T20:00:00+00:00,1.472,0.327,6.95
LOC013-U01,2026-01-04T20:15:00+00:00,2.765,0.278,9.22
LOC013-U01,2026-01-04T20:30:00+00:00,2.382,0.255,9.99
LOC013-U01,2026-01-04T20:45:00+00:00,2.402,0.283,10.49
LOC013-U01,2026-01-04T21:00:00+00:00,1.693,0.248,6.99
LOC013-U01,2026-01-04T21:15:00+00:00,1.56,0.283,7.84
LOC013-U01,2026-01-04T21:30:00+00:00,2.413,0.252,8.85
LOC013-U01,2026-01-04T21:45:00+00:00,2.099,0.236,8.67
LOC013-U01,2026-01-04T22:00:00+00:00,2.085,0.368,9.95
LOC013-U01,2026-01-04T22:15:00+00:00,3.198,0.308,10.28
LOC013-U01,2026-01-04T22:30:00+00:00,2.497,0.291,8.93
LOC013-U01,2026-01-04T22:45:00+00:00,1.147,0.303,6.62
LOC013-U01,2026-01-04T23:00:00+00:00,2.66,0.25,10.49
LOC013-U01,2026-01-04T23:15:00+00:00,2.178,0.307,11.13
LOC013-U01,2026-01-04T23:30:00+00:00,3.374,0.344,8.91
LOC013-U01,2026-01-04T23:45:00+00:00,2.275,0.362,9.26
LOC013-U01,2026-01-05T00:00:00+00:00,2.447,0.332,7.71
LOC013-U01,2026-01-05T00:15:00+00:00,2.423,0.236,6.78
LOC013-U01,2026-01-05T00:30:00+00:00,1.462,0.319,8.27
LOC013-U01,2026-01-05T00:45:00+00:00,2.167,0.374,8.82
LOC013-U01,2026-01-05T01:00:00+00:00,2.451,0.277,8.77
LOC013-U01,2026-01-05T01:15:00+00:00,2.324,0.265,7.28
LOC013-U01,2026-01-05T01:30:00+00:00,1.879,0.369,8.19
LOC013-U01,2026-01-05T01:45:00+00:00,2.089,0.297,10.58
LOC013-U01,2026-01-05T02:00:00+00:00,2.668,0.367,7.99
LOC013-U01,2026-01-05T02:15:00+00:00,1.589,0.33,7.83
LOC013-U01,2026-01-05T02:30:00+00:00,1.435,0.346,7.36
LOC013-U01,2026-01-05T02:45:00+00:00,1.926,0.245,10.79
LOC013-U01,2026-01-05T03:00:00+00:00,1.333,0.261,11.18
LOC013-U01,2026-01-05T03:15:00+00:00,2.326,0.291,10.56
LOC013-U01,2026-01-05T03:30:00+00:00,2.53,0.353,10.39
LOC013-U01,2026-01-05T03:45:00+00:00,2.186,0.305,8.9
LOC013-U02,2026-01-04T10:00:00+00:00,2.799,0.232,10.41
LOC013-U02,2026-01-04T10:15:00+00:00,1.963,0.34,6.85
LOC013-U02,2026-01-04T10:30:00+00:00,1.96,0.307,11.49
LOC013-U02,2026-01-04T10:45:00+00:00,1.543,0.337,10.33
LOC013-U02,2026-01-04T11:00:00+00:00,2.009,0.305,8.47
LOC013-U02,2026-01-04T11:15:00+00:00,2.66,0.359,11.32
LOC013-U02,2026-01-04T11:30:00+00:00,2.366,0.317,9.54
LOC013-U02,2026-01-04T11:45:00+00:00,1.068,0.29,9.66
LOC013-U02,2026-01-04T12:00:00+00:00,1.661,0.28,6.63
LOC013-U02,2026-01-04T12:15:00+00:00,2.475,0.316,10.92
LOC013-U02,2026-01-04T12:30:00+00:00,1.936,0.288,7.31
LOC013-U02,2026-01-04T12:45:00+00:00,1.65,0.237,10.5
LOC013-U02,2026-01-04T13:00:00+00:00,1.221,0.37,11.34
LOC013-U02,2026-01-04T13:15:00+00:00,2.404,0.314,10.79
LOC013-U02,2026-01-04T13:30:00+00:00,2.99,0.252,8.81
LOC013-U02,2026-01-04T13:45:00+00:00,2.098,0.309,8.37
LOC013-U02,2026-01-04T14:00:00+00:00,1.93,0.234,7.76
LOC013-U02,2026-01-04T14:15:00+00:00,1.797,0.371,11.22
LOC013-U02,2026-01-04T14:30:00+00:00,1.775,0.238,9.93
LOC013-U02,2026-01-04T14:45:00+00:00,2.899,0.36,9.81
LOC013-U02,2026-01-04T15:00:00+00:00,1.275,0.282,9.52
LOC013-U02,2026-01-04T15:15:00+00:00,2.261,0.234,7.39
LOC013-U02,2026-01-04T15:30:00+00:00,2.092,0.274,10.3
LOC013-U02,2026-01-04T15:45:00+00:00,2.164,0.287,10.98
LOC013-U02,2026-01-04T16:00:00+00:00,1.71,0.348,8.21
LOC013-U02,2026-01-04T16:15:00+00:00,2.315,0.318,7.29
LOC013-U02,2026-01-04T16:30:00+00:00,2.858,0.275,11.61
LOC013-U02,2026-01-04T16:45:00+00:00,1.668,0.346,8.71
LOC013-U02,2026-01-04T17:00:00+00:00,2.384,0.259,10.79
LOC013-U02,2026-01-04T17:15:00+00:00,1.886,0.35,7.5
LOC013-U02,2026-01-04T17:30:00+00:00,2.549,0.234,8.21
LOC013-U02,2026-01-04T17:45:00+00:00,2.671,0.344,8.29
LOC013-U02,2026-01-04T18:00:00+00:00,1.776,0.238,10.94
LOC013-U02,2026-01-04T18:15:00+00:00,2.115,0.253,8.33
LOC013-U02,2026-01-04T18:30:00+00:00,2.292,0.336,11.32
LOC013-U02,2026-01-04T18:45:00+00:00,1.841,0.226,8.31
LOC013-U02,2026-01-04T19:00:00+00:00,1.616,0.321,7.91
LOC013-U02,2026-01-04T19:15:00+00:00,2.652,0.285,9.19
LOC013-U02,2026-01-04T19:30:00+00:00,1.68,0.337,10.16
LOC013-U02,2026-01-04T19:45:00+00:00,1.709,0.264,8.07
LOC013-U02,2026-01-04T20:00:00+00:00,2.71,0.306,7.29
LOC013-U02,2026-01-04T20:15:00+00:00,2.264,0.278,10.68
LOC013-U02,2026-01-04T20:30:00+00:00,2.466,0.252,7.89
LOC013-U02,2026-01-04T20:45:00+00:00,1.853,0.315,10.49
LOC013-U02,2026-01-04T21:00:00+00:00,1.995,0.343,10.56
LOC013-U02,2026-01-04T21:15:00+00:00,2.334,0.358,7.07
LOC013-U02,2026-01-04T21:30:00+00:00,2.322,0.29,7.25
LOC013-U02,2026-01-04T21:45:00+00:00,1.997,0.273,8.82
LOC013-U02,2026-01-04T22:00:00+00:00,1.072,0.37,6.64
LOC013-U02,2026-01-04T22:15:00+00:00,2.829,0.288,9.18
LOC013-U02,2026-01-04T22:30:00+00:00,1.875,0.359,10.76
LOC013-U02,2026-01-04T22:45:00+00:00,2.411,0.227,7.08
LOC013-U02,2026-01-04T23:00:00+00:00,2.196,0.254,7.19
LOC013-U02,2026-01-04T23:15:00+00:00,1.927,0.377,10.66
LOC013-U02,2026-01-04T23:30:00+00:00,2.904,0.298,9.21
LOC013-U02,2026-01-04T23:45:00+00:00,1.197,0.245,7.15
LOC013-U02,2026-01-05T00:00:00+00:00,1.985,0.291,9.5
LOC013-U02,2026-01-05T00:15:00+00:00,2.592,0.281,7.81
LOC013-U02,2026-01-05T00:30:00+00:00,2.029,0.231,11.3
LOC013-U02,2026-01-05T00:45:00+00:00,2.275,0.25,7.13
LOC013-U02,2026-01-05T01:00:00+00:00,2.149,0.332,10.22
LOC013-U02,2026-01-05T01:15:00+00:00,1.979,0.307,9.93
LOC013-U02,2026-01-05T01:30:00+00:00,2.418,0.304,7.16
LOC013-U02,2026-01-05T01:45:00+00:00,2.64,0.371,10.89
LOC013-U02,2026-01-05T02:00:00+00:00,1.899,0.253,9.74
LOC013-U02,2026-01-05T02:15:00+00:00,1.703,0.36,11.1
LOC013-U02,2026-01-05T02:30:00+00:00,1.818,0.351,10.04
LOC013-U02,2026-01-05T02:45:00+00:00,1.496,0.336,10.72
LOC013-U02,2026-01-05T03:00:00+00:00,2.579,0.272,8.82
LOC013-U02,2026-01-05T03:15:00+00:00,2.937,0.316,10.32
LOC013-U02,2026-01-05T03:30:00+00:00,2.853,0.349,7.62
LOC013-U02,2026-01-05T03:45:00+00:00,2.073,0.37,11.55
LOC038-U01,2026-01-04T10:00:00+00:00,1.482,0.252,11.13
LOC038-U01,2026-01-04T10:15:00+00:00,1.85,0.247,8.27
LOC038-U01,2026-01-04T10:30:00+00:00,2.303,0.277,11.49
LOC038-U01,2026-01-04T10:45:00+00:00,2.341,0.333,10.03
LOC038-U01,2026-01-04T11:00:00+00:00,3.16,0.336,11.32
LOC038-U01,2026-01-04T11:15:00+00:00,1.01,0.331,10.77
LOC038-U01,2026-01-04T11:30:00+00:00,2.125,0.32,8.96
LOC038-U01,2026-01-04T11:45:00+00:00,2.12,0.281,8.18
LOC038-U01,2026-01-04T12:00:00+00:00,1.398,0.261,10.38
LOC038-U01,2026-01-04T12:15:00+00:00,2.727,0.331,11.73
LOC038-U01,2026-01-04T12:30:00+00:00,0.939,0.341,8.77
LOC038-U01,2026-01-04T12:45:00+00:00,1.832,0.27,10.09
LOC038-U01,2026-01-04T13:00:00+00:00,1.968,0.373,9.14
LOC038-U01,2026-01-04T13:15:00+00:00,2.95,0.337,7.36
LOC038-U01,2026-01-04T13:30:00+00:00,2.207,0.31,9.21
LOC038-U01,2026-01-04T13:45:00+00:00,2.092,0.229,7.02
LOC038-U01,2026-01-04T14:00:00+00:00,3.498,0.37,9.67
LOC038-U01,2026-01-04T14:15:00+00:00,1.799,0.234,10.27
LOC038-U01,2026-01-04T14:30:00+00:00,2.394,0.31,6.86
LOC038-U01,2026-01-04T14:45:00+00:00,1.764,0.35,8.85
LOC038-U01,2026-01-04T15:00:00+00:00,2.094,0.258,7.7
LOC038-U01,2026-01-04T15:15:00+00:00,2.792,0.24,7.85
LOC038-U01,2026-01-04T15:30:00+00:00,2.086,0.355,7.14
LOC038-U01,2026-01-04T15:45:00+00:00,1.828,0.341,8.85
LOC038-U01,2026-01-04T16:00:00+00:00,1.976,0.328,11.23
LOC038-U01,2026-01-04T16:15:00+00:00,1.57,0.237,10.1
LOC038-U01,2026-01-04T16:30:00+00:00,2.771,0.225,10.45
LOC038-U01,2026-01-04T16:45:00+00:00,1.891,0.234,9.98
LOC038-U01,2026-01-04T17:00:00+00:00,1.97,0.332,10.13
LOC038-U01,2026-01-04T17:15:00+00:00,2.398,0.238,8.0
LOC038-U01,2026-01-04T17:30:00+00:00,2.784,0.367,7.9
LOC038-U01,2026-01-04T17:45:00+00:00,1.792,0.233,6.88
LOC038-U01,2026-01-04T18:00:00+00:00,1.27,0.328,10.75
LOC038-U01,2026-01-04T18:15:00+00:00,1.94,0.252,9.87
LOC038-U01,2026-01-04T18:30:00+00:00,2.223,0.27,10.84
LOC038-U01,2026-01-04T18:45:00+00:00,2.103,0.223,10.16
LOC038-U01,2026-01-04T19:00:00+00:00,2.321,0.35,8.1
LOC038-U01,2026-01-04T19:15:00+00:00,2.031,0.347,8.85
LOC038-U01,2026-01-04T19:30:00+00:00,1.743,0.279,8.06
LOC038-U01,2026-01-04T19:45:00+00:00,2.034,0.235,11.18
LOC038-U01,2026-01-04T20:00:00+00:00,3.122,0.233,8.58
LOC038-U01,2026-01-04T20:15:00+00:00,2.049,0.375,8.43
LOC038-U01,2026-01-04T20:30:00+00:00,1.818,0.255,7.99
LOC038-U01,2026-01-04T20:45:00+00:00,1.323,0.283,9.7
LOC038-U01,2026-01-04T21:00:00+00:00,1.817,0.235,7.92
LOC038-U01,2026-01-04T21:15:00+00:00,1.819,0.37,10.93
LOC038-U01,2026-01-04T21:30:00+00:00,1.98,0.22,9.97
LOC038-U01,2026-01-04T21:45:00+00:00,2.084,0.316,10.56
LOC038-U01,2026-01-04T22:00:00+00:00,1.925,0.255,7.99
LOC038-U01,2026-01-04T22:15:00+00:00,2.298,0.297,6.89
LOC038-U01,2026-01-04T22:30:00+00:00,2.467,0.286,11.13
LOC038-U01,2026-01-04T22:45:00+00:00,2.738,0.314,8.76
LOC038-U01,2026-01-04T23:00:00+00:00,2.357,0.34,11.16
LOC038-U01,2026-01-04T23:15:00+00:00,2.254,0.361,11.22
LOC038-U01,2026-01-04T23:30:00+00:00,2.425,0.262,11.01
LOC038-U01,2026-01-04T23:45:00+00:00,1.226,0.343,9.12
LOC038-U01,2026-01-05T00:00:00+00:00,2.012,0.338,9.4
LOC038-U01,2026-01-05T00:15:00+00:00,1.244,0.279,9.12
LOC038-U01,2026-01-05T00:30:00+00:00,2.177,0.372,8.8
LOC038-U01,2026-01-05T00:45:00+00:00,1.413,0.246,10.23
LOC038-U01,2026-01-05T01:00:00+00:00,2.752,0.228,8.36
LOC038-U01,2026-01-05T01:15:00+00:00,1.123,0.355,6.44
LOC038-U01,2026-01-05T01:30:00+00:00,1.761,0.288,7.71
LOC038-U01,2026-01-05T01:45:00+00:00,2.039,0.223,7.44
LOC038-U01,2026-01-05T02:00:00+00:00,1.604,0.272,10.07
LOC038-U01,2026-01-05T02:15:00+00:00,1.387,0.373,11.09
LOC038-U01,2026-01-05T02:30:00+00:00,1.364,0.25,9.8
LOC038-U01,2026-01-05T02:45:00+00:00,2.34,0.375,8.94
LOC038-U01,2026-01-05T03:00:00+00:00,2.293,0.288,7.97
LOC038-U01,2026-01-05T03:15:00+00:00,1.793,0.378,11.1
LOC038-U01,2026-01-05T03:30:00+00:00,1.562,0.337,7.57
LOC038-U01,2026-01-05T03:45:00+00:00,2.539,0.264,8.55
LOC008-U02,2026-01-04T10:00:00+00:00,2.352,0.374,11.41
LOC008-U02,2026-01-04T10:15:00+00:00,1.549,0.348,6.57
LOC008-U02,2026-01-04T10:30:00+00:00,1.168,0.285,9.14
LOC008-U02,2026-01-04T10:45:00+00:00,1.442,0.33,7.54
LOC008-U02,2026-01-04T11:00:00+00:00,1.22,0.302,7.84
LOC008-U02,2026-01-04T11:15:00+00:00,2.131,0.284,7.01
LOC008-U02,2026-01-04T11:30:00+00:00,1.604,0.264,10.04
LOC008-U02,2026-01-04T11:45:00+00:00,2.348,0.307,11.51
LOC008-U02,2026-01-04T12:00:00+00:00,1.953,0.228,11.2
LOC008-U02,2026-01-04T12:15:00+00:00,1.564,0.267,8.75
LOC008-U02,2026-01-04T12:30:00+00:00,1.23,0.318,9.69
LOC008-U02,2026-01-04T12:45:00+00:00,2.042,0.344,10.6
LOC008-U02,2026-01-04T13:00:00+00:00,2.223,0.323,6.86
LOC008-U02,2026-01-04T13:15:00+00:00,2.206,0.225,8.62
LOC008-U02,2026-01-04T13:30:00+00:00,1.374,0.322,9.71
LOC008-U02,2026-01-04T13:45:00+00:00,1.805,0.23,10.24
LOC008-U02,2026-01-04T14:00:00+00:00,2.514,0.363,10.92
LOC008-U02,2026-01-04T14:15:00+00:00,2.612,0.298,9.15
LOC008-U02,2026-01-04T14:30:00+00:00,2.736,0.244,6.91
LOC008-U02,2026-01-04T14:45:00+00:00,2.167,0.257,11.49
LOC008-U02,2026-01-04T15:00:00+00:00,1.796,0.298,7.05
LOC008-U02,2026-01-04T15:15:00+00:00,2.891,0.265,10.24
LOC008-U02,2026-01-04T15:30:00+00:00,1.831,0.33,9.89
LOC008-U02,2026-01-04T15:45:00+00:00,2.747,0.25,7.11
LOC008-U02,2026-01-04T16:00:00+00:00,2.632,0.224,8.6
LOC008-U02,2026-01-04T16:15:00+00:00,2.593,0.353,7.64
LOC008-U02,2026-01-04T16:30:00+00:00,1.774,0.278,10.72
LOC008-U02,2026-01-04T16:45:00+00:00,2.64,0.334,11.18
LOC008-U02,2026-01-04T17:00:00+00:00,2.437,0.298,9.08
LOC008-U02,2026-01-04T17:15:00+00:00,2.567,0.262,10.25
LOC008-U02,2026-01-04T17:30:00+00:00,2.834,0.298,11.62
LOC008-U02,2026-01-04T17:45:00+00:00,1.905,0.286,9.84
LOC008-U02,2026-01-04T18:00:00+00:00,2.09,0.363,9.96
LOC008-U02,2026-01-04T18:15:00+00:00,2.506,0.354,9.7
LOC008-U02,2026-01-04T18:30:00+00:00,2.214,0.301,9.56
LOC008-U02,2026-01-04T18:45:00+00:00,2.186,0.294,9.67
LOC008-U02,2026-01-04T19:00:00+00:00,1.214,0.249,10.82
LOC008-U02,2026-01-04T19:15:00+00:00,2.14,0.239,11.32
LOC008-U02,2026-01-04T19:30:00+00:00,1.673,0.337,7.33
LOC008-U02,2026-01-04T19:45:00+00:00,2.157,0.348,7.99
LOC008-U02,2026-01-04T20:00:00+00:00,2.619,0.224,9.11
LOC008-U02,2026-01-04T20:15:00+00:00,2.293,0.286,11.28
LOC008-U02,2026-01-04T20:30:00+00:00,1.561,0.3,10.3
LOC008-U02,2026-01-04T20:45:00+00:00,1.665,0.293,10.85
LOC008-U02,2026-01-04T21:00:00+00:00,2.061,0.293,7.0
LOC008-U02,2026-01-04T21:15:00+00:00,1.731,0.266,9.04
LOC008-U02,2026-01-04T21:30:00+00:00,2.147,0.366,11.33
LOC008-U02,2026-01-04T21:45:00+00:00,1.946,0.224,7.98
LOC008-U02,2026-01-04T22:00:00+00:00,1.981,0.366,11.28
LOC008-U02,2026-01-04T22:15:00+00:00,1.961,0.339,11.24
LOC008-U02,2026-01-04T22:30:00+00:00,2.152,0.266,9.91
LOC008-U02,2026-01-04T22:45:00+00:00,3.049,0.245,8.87
LOC008-U02,2026-01-04T23:00:00+00:00,1.95,0.34,7.18
LOC008-U02,2026-01-04T23:15:00+00:00,1.916,0.34,7.35
LOC008-U02,2026-01-04T23:30:00+00:00,2.045,0.291,8.23
LOC008-U02,2026-01-04T23:45:00+00:00,1.94,0.307,8.78
LOC008-U02,2026-01-05T00:00:00+00:00,2.482,0.34,7.96
LOC008-U02,2026-01-05T00:15:00+00:00,1.725,0.367,7.35
LOC008-U02,2026-01-05T00:30:00+00:00,1.364,0.268,6.8
LOC008-U02,2026-01-05T00:45:00+00:00,1.717,0.27,8.16
LOC008-U02,2026-01-05T01:00:00+00:00,2.191,0.224,9.17
LOC008-U02,2026-01-05T01:15:00+00:00,1.871,0.349,8.96
LOC008-U02,2026-01-05T01:30:00+00:00,3.082,0.301,9.31
LOC008-U02,2026-01-05T01:45:00+00:00,2.072,0.331,8.25
LOC008-U02,2026-01-05T02:00:00+00:00,2.58,0.24,9.74
LOC008-U02,2026-01-05T02:15:00+00:00,1.492,0.305,7.2
LOC008-U02,2026-01-05T02:30:00+00:00,2.012,0.301,8.21
LOC008-U02,2026-01-05T02:45:00+00:00,1.784,0.29,8.79
LOC008-U02,2026-01-05T03:00:00+00:00,2.619,0.363,8.32
LOC008-U02,2026-01-05T03:15:00+00:00,2.155,0.263,8.69
LOC008-U02,2026-01-05T03:30:00+00:00,2.282,0.257,10.83
LOC008-U02,2026-01-05T03:45:00+00:00,2.255,0.372,9.19
LOC014-U01,2026-01-04T10:00:00+00:00,1.753,0.329,7.12
LOC014-U01,2026-01-04T10:15:00+00:00,3.004,0.36,7.88
LOC014-U01,2026-01-04T10:30:00+00:00,2.856,0.34,10.62
LOC014-U01,2026-01-04T10:45:00+00:00,2.022,0.294,8.45
LOC014-U01,2026-01-04T11:00:00+00:00,2.359,0.357,8.58
LOC014-U01,2026-01-04T11:15:00+00:00,1.171,0.247,11.23
LOC014-U01,2026-01-04T11:30:00+00:00,2.122,0.349,7.49
LOC014-U01,2026-01-04T11:45:00+00:00,2.487,0.342,11.26
LOC014-U01,2026-01-04T12:00:00+00:00,1.918,0.317,8.9
LOC014-U01,2026-01-04T12:15:00+00:00,2.037,0.28,7.58
LOC014-U01,2026-01-04T12:30:00+00:00,2.319,0.312,9.61
LOC014-U01,2026-01-04T12:45:00+00:00,2.467,0.273,9.11
LOC014-U01,2026-01-04T13:00:00+00:00,1.573,0.317,8.18
LOC014-U01,2026-01-04T13:15:00+00:00,2.112,0.28,10.08
LOC014-U01,2026-01-04T13:30:00+00:00,1.422,0.36,11.29
LOC014-U01,2026-01-04T13:45:00+00:00,2.12,0.334,9.92
LOC014-U01,2026-01-04T14:00:00+00:00,2.292,0.221,8.23
LOC014-U01,2026-01-04T14:15:00+00:00,2.152,0.293,9.95
LOC014-U01,2026-01-04T14:30:00+00:00,1.793,0.287,11.36
LOC014-U01,2026-01-04T14:45:00+00:00,2.6,0.227,9.61
LOC014-U01,2026-01-04T15:00:00+00:00,1.726,0.241,10.49
LOC014-U01,2026-01-04T15:15:00+00:00,1.908,0.272,10.59
LOC014-U01,2026-01-04T15:30:00+00:00,2.351,0.306,7.26
LOC014-U01,2026-01-04T15:45:00+00:00,1.776,0.366,8.78
LOC014-U01,2026-01-04T16:00:00+00:00,1.772,0.353,6.89
LOC014-U01,2026-01-04T16:15:00+00:00,2.346,0.23,7.51
LOC014-U01,2026-01-04T16:30:00+00:00,2.316,0.36,9.5
LOC014-U01,2026-01-04T16:45:00+00:00,2.004,0.223,8.79
LOC014-U01,2026-01-04T17:00:00+00:00,2.289,0.315,7.45
LOC014-U01,2026-01-04T17:15:00+00:00,2.363,0.233,9.09
LOC014-U01,2026-01-04T17:30:00+00:00,2.342,0.348,8.61
LOC014-U01,2026-01-04T17:45:00+00:00,2.423,0.327,9.39
LOC014-U01,2026-01-04T18:00:00+00:00,2.026,0.221,7.57
LOC014-U01,2026-01-04T18:15:00+00:00,1.464,0.271,10.54
LOC014-U01,2026-01-04T18:30:00+00:00,2.703,0.333,11.73
LOC014-U01,2026-01-04T18:45:00+00:00,2.432,0.29,7.2
LOC014-U01,2026-01-04T19:00:00+00:00,2.082,0.378,10.54
LOC014-U01,2026-01-04T19:15:00+00:00,1.556,0.327,10.4
LOC014-U01,2026-01-04T19:30:00+00:00,1.719,0.248,8.14
LOC014-U01,2026-01-04T19:45:00+00:00,2.524,0.249,8.17
LOC014-U01,2026-01-04T20:00:00+00:00,2.322,0.325,8.71
LOC014-U01,2026-01-04T20:15:00+00:00,2.085,0.226,10.55
LOC014-U01,2026-01-04T20:30:00+00:00,2.469,0.228,8.96
LOC014-U01,2026-01-04T20:45:00+00:00,1.671,0.31,7.96
LOC014-U01,2026-01-04T21:00:00+00:00,1.631,0.231,10.68
LOC014-U01,2026-01-04T21:15:00+00:00,1.638,0.27,8.61
LOC014-U01,2026-01-04T21:30:00+00:00,1.716,0.248,8.53
LOC014-U01,2026-01-04T21:45:00+00:00,1.733,0.244,9.63
LOC014-U01,2026-01-04T22:00:00+00:00,2.302,0.275,7.42
LOC014-U01,2026-01-04T22:15:00+00:00,1.626,0.267,7.54
LOC014-U01,2026-01-04T22:30:00+00:00,1.967,0.373,9.61
LOC014-U01,2026-01-04T22:45:00+00:00,1.466,0.276,7.28
LOC014-U01,2026-01-04T23:00:00+00:00,2.038,0.33,9.18
LOC014-U01,2026-01-04T23:15:00+00:00,2.072,0.221,7.56
LOC014-U01,2026-01-04T23:30:00+00:00,1.39,0.253,8.33
LOC014-U01,2026-01-04T23:45:00+00:00,1.654,0.349,7.32
LOC014-U01,2026-01-05T00:00:00+00:00,1.772,0.25,7.03
LOC014-U01,2026-01-05T00:15:00+00:00,1.218,0.249,10.0
LOC014-U01,2026-01-05T00:30:00+00:00,1.444,0.222,8.93
LOC014-U01,2026-01-05T00:45:00+00:00,3.3,0.258,11.25
LOC014-U01,2026-01-05T01:00:00+00:00,1.524,0.361,11.54
LOC014-U01,2026-01-05T01:15:00+00:00,1.951,0.248,6.59
LOC014-U01,2026-01-05T01:30:00+00:00,2.058,0.377,7.83
LOC014-U01,2026-01-05T01:45:00+00:00,2.833,0.31,11.48
LOC014-U01,2026-01-05T02:00:00+00:00,2.516,0.348,9.0
LOC014-U01,2026-01-05T02:15:00+00:00,1.966,0.275,8.52
LOC014-U01,2026-01-05T02:30:00+00:00,2.055,0.373,9.99
LOC014-U01,2026-01-05T02:45:00+00:00,1.897,0.233,7.14
LOC014-U01,2026-01-05T03:00:00+00:00,2.706,0.338,8.23
LOC014-U01,2026-01-05T03:15:00+00:00,2.414,0.283,11.32
LOC014-U01,2026-01-05T03:30:00+00:00,1.369,0.242,10.89
LOC014-U01,2026-01-05T03:45:00+00:00,1.188,0.247,9.68
LOC009-U02,2026-01-04T10:00:00+00:00,2.472,0.343,7.93
LOC009-U02,2026-01-04T10:15:00+00:00,2.429,0.332,7.84
LOC009-U02,2026-01-04T10:30:00+00:00,2.0,0.321,10.87
LOC009-U02,2026-01-04T10:45:00+00:00,1.922,0.334,9.86
LOC009-U02,2026-01-04T11:00:00+00:00,1.225,0.265,9.93
LOC009-U02,2026-01-04T11:15:00+00:00,1.889,0.31,10.88
LOC009-U02,2026-01-04T11:30:00+00:00,2.619,0.241,10.07
LOC009-U02,2026-01-04T11:45:00+00:00,2.918,0.252,10.72
LOC009-U02,2026-01-04T12:00:00+00:00,2.335,0.259,8.26
LOC009-U02,2026-01-04T12:15:00+00:00,2.102,0.225,9.29
LOC009-U02,2026-01-04T12:30:00+00:00,1.989,0.334,7.05
LOC009-U02,2026-01-04T12:45:00+00:00,1.703,0.264,7.6
LOC009-U02,2026-01-04T13:00:00+00:00,2.896,0.225,6.94
LOC009-U02,2026-01-04T13:15:00+00:00,2.522,0.254,8.12
LOC009-U02,2026-01-04T13:30:00+00:00,1.603,0.341,11.06
LOC009-U02,2026-01-04T13:45:00+00:00,2.615,0.302,7.27
LOC009-U02,2026-01-04T14:00:00+00:00,2.072,0.261,8.0
LOC009-U02,2026-01-04T14:15:00+00:00,1.627,0.311,11.03
LOC009-U02,2026-01-04T14:30:00+00:00,1.899,0.323,6.83
LOC009-U02,2026-01-04T14:45:00+00:00,2.269,0.287,10.4
LOC009-U02,2026-01-04T15:00:00+00:00,2.804,0.279,11.29
LOC009-U02,2026-01-04T15:15:00+00:00,2.025,0.379,8.34
LOC009-U02,2026-01-04T15:30:00+00:00,2.599,0.375,10.74
LOC009-U02,2026-01-04T15:45:00+00:00,1.943,0.276,8.35
LOC009-U02,2026-01-04T16:00:00+00:00,1.193,0.291,10.54
LOC009-U02,2026-01-04T16:15:00+00:00,3.183,0.345,8.93
LOC009-U02,2026-01-04T16:30:00+00:00,2.066,0.238,7.14
LOC009-U02,2026-01-04T16:45:00+00:00,1.399,0.283,8.65
LOC009-U02,2026-01-04T17:00:00+00:00,2.463,0.368,8.41
LOC009-U02,2026-01-04T17:15:00+00:00,1.624,0.272,11.02
LOC009-U02,2026-01-04T17:30:00+00:00,1.214,0.358,8.58
LOC009-U02,2026-01-04T17:45:00+00:00,2.701,0.303,8.35
LOC009-U02,2026-01-04T18:00:00+00:00,1.751,0.353,9.59
LOC009-U02,2026-01-04T18:15:00+00:00,1.74,0.283,8.15
LOC009-U02,2026-01-04T18:30:00+00:00,3.042,0.303,6.95
LOC009-U02,2026-01-04T18:45:00+00:00,2.497,0.228,7.93
LOC009-U02,2026-01-04T19:00:00+00:00,2.001,0.37,11.42
LOC009-U02,2026-01-04T19:15:00+00:00,2.378,0.345,9.41
LOC009-U02,2026-01-04T19:30:00+00:00,2.449,0.308,9.65
LOC009-U02,2026-01-04T19:45:00+00:00,2.56,0.29,10.01
LOC009-U02,2026-01-04T20:00:00+00:00,3.016,0.33,8.08
LOC009-U02,2026-01-04T20:15:00+00:00,2.68,0.331,7.2
LOC009-U02,2026-01-04T20:30:00+00:00,2.639,0.379,11.46
LOC009-U02,2026-01-04T20:45:00+00:00,1.433,0.352,8.03
LOC009-U02,2026-01-04T21:00:00+00:00,1.748,0.239,9.64
LOC009-U02,2026-01-04T21:15:00+00:00,2.049,0.239,11.39
LOC009-U02,2026-01-04T21:30:00+00:00,2.23,0.361,10.79
LOC009-U02,2026-01-04T21:45:00+00:00,2.306,0.321,7.8
LOC009-U02,2026-01-04T22:00:00+00:00,2.569,0.251,9.3
LOC009-U02,2026-01-04T22:15:00+00:00,1.946,0.329,11.24
LOC009-U02,2026-01-04T22:30:00+00:00,1.795,0.254,8.89
LOC009-U02,2026-01-04T22:45:00+00:00,1.38,0.318,6.75
LOC009-U02,2026-01-04T23:00:00+00:00,1.875,0.247,9.07
LOC009-U02,2026-01-04T23:15:00+00:00,2.781,0.311,10.42
LOC009-U02,2026-01-04T23:30:00+00:00,2.531,0.257,6.89
LOC009-U02,2026-01-04T23:45:00+00:00,1.923,0.37,10.2
LOC009-U02,2026-01-05T00:00:00+00:00,2.12,0.372,7.45
LOC009-U02,2026-01-05T00:15:00+00:00,2.228,0.295,10.06
LOC009-U02,2026-01-05T00:30:00+00:00,1.692,0.333,10.06
LOC009-U02,2026-01-05T00:45:00+00:00,1.758,0.309,10.43
LOC009-U02,2026-01-05T01:00:00+00:00,2.277,0.354,8.47
LOC009-U02,2026-01-05T01:15:00+00:00,1.884,0.367,7.26
LOC009-U02,2026-01-05T01:30:00+00:00,2.103,0.359,9.39
LOC009-U02,2026-01-05T01:45:00+00:00,2.106,0.311,8.41
LOC009-U02,2026-01-05T02:00:00+00:00,1.939,0.359,8.39
LOC009-U02,2026-01-05T02:15:00+00:00,2.597,0.284,7.25
LOC009-U02,2026-01-05T02:30:00+00:00,1.137,0.375,11.06
LOC009-U02,2026-01-05T02:45:00+00:00,2.161,0.29,9.38
LOC009-U02,2026-01-05T03:00:00+00:00,2.188,0.275,9.08
LOC009-U02,2026-01-05T03:15:00+00:00,1.202,0.34,7.86
LOC009-U02,2026-01-05T03:30:00+00:00,1.703,0.38,8.74
LOC009-U02,2026-01-05T03:45:00+00:00,2.667,0.347,8.61
LOC014-U02,2026-01-04T10:00:00+00:00,3.003,0.303,9.83
LOC014-U02,2026-01-04T10:15:00+00:00,2.83,0.283,9.87
LOC014-U02,2026-01-04T10:30:00+00:00,2.721,0.228,6.91
LOC014-U02,2026-01-04T10:45:00+00:00,2.584,0.267,10.25
LOC014-U02,2026-01-04T11:00:00+00:00,1.934,0.351,8.98
LOC014-U02,2026-01-04T11:15:00+00:00,1.958,0.306,9.34
LOC014-U02,2026-01-04T11:30:00+00:00,2.745,0.32,8.05
LOC014-U02,2026-01-04T11:45:00+00:00,1.163,0.344,8.7
LOC014-U02,2026-01-04T12:00:00+00:00,3.388,0.304,8.0
LOC014-U02,2026-01-04T12:15:00+00:00,2.077,0.226,7.0
LOC014-U02,2026-01-04T12:30:00+00:00,1.748,0.228,8.47
LOC014-U02,2026-01-04T12:45:00+00:00,2.191,0.373,10.42
LOC014-U02,2026-01-04T13:00:00+00:00,2.14,0.255,9.33
LOC014-U02,2026-01-04T13:15:00+00:00,1.608,0.33,9.69
LOC014-U02,2026-01-04T13:30:00+00:00,0.682,0.314,6.37
LOC014-U02,2026-01-04T13:45:00+00:00,3.101,0.337,11.09
LOC014-U02,2026-01-04T14:00:00+00:00,2.659,0.334,11.01
LOC014-U02,2026-01-04T14:15:00+00:00,1.82,0.325,8.59
LOC014-U02,2026-01-04T14:30:00+00:00,2.026,0.326,6.8
LOC014-U02,2026-01-04T14:45:00+00:00,2.71,0.254,7.93
LOC014-U02,2026-01-04T15:00:00+00:00,1.735,0.376,10.79
LOC014-U02,2026-01-04T15:15:00+00:00,2.161,0.341,10.55
LOC014-U02,2026-01-04T15:30:00+00:00,1.562,0.354,7.43
LOC014-U02,2026-01-04T15:45:00+00:00,2.398,0.352,11.7
LOC014-U02,2026-01-04T16:00:00+00:00,1.018,0.253,10.76
LOC014-U02,2026-01-04T16:15:00+00:00,2.132,0.259,8.76
LOC014-U02,2026-01-04T16:30:00+00:00,2.079,0.24,8.73
LOC014-U02,2026-01-04T16:45:00+00:00,1.458,0.327,10.54
LOC014-U02,2026-01-04T17:00:00+00:00,2.044,0.336,7.33
LOC014-U02,2026-01-04T17:15:00+00:00,3.104,0.22,11.06
LOC014-U02,2026-01-04T17:30:00+00:00,2.109,0.281,8.5
LOC014-U02,2026-01-04T17:45:00+00:00,0.655,0.23,9.21
LOC014-U02,2026-01-04T18:00:00+00:00,2.091,0.338,9.21
LOC014-U02,2026-01-04T18:15:00+00:00,1.814,0.265,8.63
LOC014-U02,2026-01-04T18:30:00+00:00,1.903,0.24,8.28
LOC014-U02,2026-01-04T18:45:00+00:00,2.655,0.22,7.05
LOC014-U02,2026-01-04T19:00:00+00:00,1.964,0.33,7.55
LOC014-U02,2026-01-04T19:15:00+00:00,2.97,0.321,6.98
LOC014-U02,2026-01-04T19:30:00+00:00,2.328,0.272,7.0
LOC014-U02,2026-01-04T19:45:00+00:00,2.525,0.364,10.87
LOC014-U02,2026-01-04T20:00:00+00:00,2.199,0.288,9.34
LOC014-U02,2026-01-04T20:15:00+00:00,1.047,0.306,9.47
LOC014-U02,2026-01-04T20:30:00+00:00,1.56,0.363,11.2
LOC014-U02,2026-01-04T20:45:00+00:00,1.915,0.286,8.15
LOC014-U02,2026-01-04T21:00:00+00:00,2.232,0.348,8.33
LOC014-U02,2026-01-04T21:15:00+00:00,2.439,0.286,7.19
LOC014-U02,2026-01-04T21:30:00+00:00,2.755,0.243,6.86
LOC014-U02,2026-01-04T21:45:00+00:00,2.071,0.341,11.32
LOC014-U02,2026-01-04T22:00:00+00:00,2.559,0.355,9.03
LOC014-U02,2026-01-04T22:15:00+00:00,1.584,0.244,8.66
LOC014-U02,2026-01-04T22:30:00+00:00,1.892,0.226,11.37
LOC014-U02,2026-01-04T22:45:00+00:00,2.213,0.258,8.15
LOC014-U02,2026-01-04T23:00:00+00:00,2.644,0.345,10.94
LOC014-U02,2026-01-04T23:15:00+00:00,2.892,0.251,11.23
LOC014-U02,2026-01-04T23:30:00+00:00,1.249,0.322,8.6
LOC014-U02,2026-01-04T23:45:00+00:00,1.416,0.27,8.26
LOC014-U02,2026-01-05T00:00:00+00:00,1.832,0.235,8.24
LOC014-U02,2026-01-05T00:15:00+00:00,2.044,0.276,7.13
LOC014-U02,2026-01-05T00:30:00+00:00,2.263,0.293,9.21
LOC014-U02,2026-01-05T00:45:00+00:00,1.86,0.261,9.42
LOC014-U02,2026-01-05T01:00:00+00:00,1.631,0.322,9.34
LOC014-U02,2026-01-05T01:15:00+00:00,1.949,0.259,8.01
LOC014-U02,2026-01-05T01:30:00+00:00,1.922,0.267,9.92
LOC014-U02,2026-01-05T01:45:00+00:00,2.159,0.301,7.17
LOC014-U02,2026-01-05T02:00:00+00:00,1.652,0.347,10.57
LOC014-U02,2026-01-05T02:15:00+00:00,1.708,0.368,6.76
LOC014-U02,2026-01-05T02:30:00+00:00,2.282,0.355,7.61
LOC014-U02,2026-01-05T02:45:00+00:00,1.29,0.377,10.45
LOC014-U02,2026-01-05T03:00:00+00:00,1.983,0.358,6.79
LOC014-U02,2026-01-05T03:15:00+00:00,2.2,0.303,10.21
LOC014-U02,2026-01-05T03:30:00+00:00,2.742,0.259,9.22
LOC014-U02,2026-01-05T03:45:00+00:00,1.817,0.354,9.58
LOC022-U02,2026-01-04T10:00:00+00:00,1.965,0.332,9.1
LOC022-U02,2026-01-04T10:15:00+00:00,1.693,0.357,10.23
LOC022-U02,2026-01-04T10:30:00+00:00,2.625,0.347,8.13
LOC022-U02,2026-01-04T10:45:00+00:00,2.597,0.311,8.75
LOC022-U02,2026-01-04T11:00:00+00:00,3.006,0.375,9.88
LOC022-U02,2026-01-04T11:15:00+00:00,1.48,0.322,9.43
LOC022-U02,2026-01-04T11:30:00+00:00,2.365,0.241,7.31
LOC022-U02,2026-01-04T11:45:00+00:00,2.083,0.247,10.39
LOC022-U02,2026-01-04T12:00:00+00:00,2.042,0.262,9.27
LOC022-U02,2026-01-04T12:15:00+00:00,2.16,0.313,10.38
LOC022-U02,2026-01-04T12:30:00+00:00,2.156,0.378,11.11
LOC022-U02,2026-01-04T12:45:00+00:00,2.044,0.346,8.82
LOC022-U02,2026-01-04T13:00:00+00:00,2.478,0.368,9.17
LOC022-U02,2026-01-04T13:15:00+00:00,2.147,0.244,10.14
LOC022-U02,2026-01-04T13:30:00+00:00,1.969,0.225,10.27
LOC022-U02,2026-01-04T13:45:00+00:00,1.928,0.282,10.52
LOC022-U02,2026-01-04T14:00:00+00:00,2.023,0.373,11.18
LOC022-U02,2026-01-04T14:15:00+00:00,2.811,0.262,9.62
LOC022-U02,2026-01-04T14:30:00+00:00,1.959,0.373,10.38
LOC022-U02,2026-01-04T14:45:00+00:00,1.954,0.287,11.49
LOC022-U02,2026-01-04T15:00:00+00:00,2.647,0.328,7.23
LOC022-U02,2026-01-04T15:15:00+00:00,1.879,0.271,9.03
LOC022-U02,2026-01-04T15:30:00+00:00,1.713,0.377,9.06
LOC022-U02,2026-01-04T15:45:00+00:00,1.515,0.271,11.01
LOC022-U02,2026-01-04T16:00:00+00:00,2.908,0.23,8.92
LOC022-U02,2026-01-04T16:15:00+00:00,2.088,0.334,7.76
LOC022-U02,2026-01-04T16:30:00+00:00,2.68,0.366,11.08
LOC022-U02,2026-01-04T16:45:00+00:00,2.424,0.251,7.37
LOC022-U02,2026-01-04T17:00:00+00:00,2.221,0.333,7.66
LOC022-U02,2026-01-04T17:15:00+00:00,3.079,0.303,10.54
LOC022-U02,2026-01-04T17:30:00+00:00,2.932,0.296,8.79
LOC022-U02,2026-01-04T17:45:00+00:00,2.32,0.286,8.12
LOC022-U02,2026-01-04T18:00:00+00:00,2.078,0.274,9.71
LOC022-U02,2026-01-04T18:15:00+00:00,2.56,0.295,9.22
LOC022-U02,2026-01-04T18:30:00+00:00,1.518,0.249,7.26
LOC022-U02,2026-01-04T18:45:00+00:00,3.259,0.295,11.07
LOC022-U02,2026-01-04T19:00:00+00:00,1.363,0.335,9.04
LOC022-U02,2026-01-04T19:15:00+00:00,1.414,0.255,8.34
LOC022-U02,2026-01-04T19:30:00+00:00,1.469,0.285,9.18
LOC022-U02,2026-01-04T19:45:00+00:00,1.559,0.349,11.32
LOC022-U02,2026-01-04T20:00:00+00:00,2.675,0.243,11.43
LOC022-U02,2026-01-04T20:15:00+00:00,2.332,0.36,7.23
LOC022-U02,2026-01-04T20:30:00+00:00,3.212,0.363,10.81
LOC022-U02,2026-01-04T20:45:00+00:00,2.667,0.295,10.97
LOC022-U02,2026-01-04T21:00:00+00:00,2.428,0.334,9.23
LOC022-U02,2026-01-04T21:15:00+00:00,2.004,0.375,7.89
LOC022-U02,2026-01-04T21:30:00+00:00,2.278,0.348,10.51
LOC022-U02,2026-01-04T21:45:00+00:00,2.107,0.222,7.02
LOC022-U02,2026-01-04T22:00:00+00:00,2.349,0.243,10.74
LOC022-U02,2026-01-04T22:15:00+00:00,2.221,0.365,10.8
LOC022-U02,2026-01-04T22:30:00+00:00,2.076,0.274,10.31
LOC022-U02,2026-01-04T22:45:00+00:00,2.587,0.281,10.99
LOC022-U02,2026-01-04T23:00:00+00:00,2.03,0.267,10.0
LOC022-U02,2026-01-04T23:15:00+00:00,2.074,0.268,8.09
LOC022-U02,2026-01-04T23:30:00+00:00,2.045,0.374,10.61
LOC022-U02,2026-01-04T23:45:00+00:00,1.661,0.221,10.1
LOC022-U02,2026-01-05T00:00:00+00:00,2.622,0.264,8.99
LOC022-U02,2026-01-05T00:15:00+00:00,2.764,0.304,8.16
LOC022-U02,2026-01-05T00:30:00+00:00,3.165,0.373,10.45
LOC022-U02,2026-01-05T00:45:00+00:00,2.336,0.331,11.42
LOC022-U02,2026-01-05T01:00:00+00:00,1.497,0.371,10.81
LOC022-U02,2026-01-05T01:15:00+00:00,2.184,0.223,8.48
LOC022-U02,2026-01-05T01:30:00+00:00,2.126,0.302,9.12
LOC022-U02,2026-01-05T01:45:00+00:00,2.149,0.3,10.54
LOC022-U02,2026-01-05T02:00:00+00:00,2.48,0.378,9.65
LOC022-U02,2026-01-05T02:15:00+00:00,2.193,0.234,6.61
LOC022-U02,2026-01-05T02:30:00+00:00,1.707,0.225,7.85
LOC022-U02,2026-01-05T02:45:00+00:00,2.158,0.379,8.86
LOC022-U02,2026-01-05T03:00:00+00:00,2.225,0.296,11.13
LOC022-U02,2026-01-05T03:15:00+00:00,1.989,0.303,11.37
LOC022-U02,2026-01-05T03:30:00+00:00,2.794,0.316,8.9
LOC022-U02,2026-01-05T03:45:00+00:00,2.152,0.352,10.16
LOC030-U01,2026-01-05T10:00:00+00:00,1.577,0.372,8.04
LOC030-U01,2026-01-05T10:15:00+00:00,1.438,0.28,8.61
LOC030-U01,2026-01-05T10:30:00+00:00,1.928,0.248,6.5
LOC030-U01,2026-01-05T10:45:00+00:00,2.649,0.282,10.33
LOC030-U01,2026-01-05T11:00:00+00:00,2.179,0.302,10.3
LOC030-U01,2026-01-05T11:15:00+00:00,2.233,0.237,10.88
LOC030-U01,2026-01-05T11:30:00+00:00,1.374,0.238,10.71
LOC030-U01,2026-01-05T11:45:00+00:00,2.055,0.305,9.53
LOC030-U01,2026-01-05T12:00:00+00:00,2.348,0.364,9.33
LOC030-U01,2026-01-05T12:15:00+00:00,1.828,0.327,11.47
LOC030-U01,2026-01-05T12:30:00+00:00,1.712,0.267,10.24
LOC030-U01,2026-01-05T12:45:00+00:00,1.623,0.37,7.26
LOC030-U01,2026-01-05T13:00:00+00:00,2.571,0.27,10.15
LOC030-U01,2026-01-05T13:15:00+00:00,2.086,0.336,11.55
LOC030-U01,2026-01-05T13:30:00+00:00,2.741,0.296,10.35
LOC030-U01,2026-01-05T13:45:00+00:00,2.565,0.308,10.91
LOC030-U01,2026-01-05T14:00:00+00:00,2.499,0.278,9.52
LOC030-U01,2026-01-05T14:15:00+00:00,2.321,0.273,10.28
LOC030-U01,2026-01-05T14:30:00+00:00,3.188,0.246,8.86
LOC030-U01,2026-01-05T14:45:00+00:00,2.602,0.357,11.21
LOC030-U01,2026-01-05T15:00:00+00:00,0.946,0.323,8.68
LOC030-U01,2026-01-05T15:15:00+00:00,2.693,0.319,10.17
LOC030-U01,2026-01-05T15:30:00+00:00,1.848,0.302,7.74
LOC030-U01,2026-01-05T15:45:00+00:00,1.904,0.307,9.59
LOC030-U01,2026-01-05T16:00:00+00:00,3.112,0.301,7.59
LOC030-U01,2026-01-05T16:15:00+00:00,1.68,0.254,10.59
LOC030-U01,2026-01-05T16:30:00+00:00,2.472,0.327,9.36
LOC030-U01,2026-01-05T16:45:00+00:00,1.815,0.355,7.84
LOC030-U01,2026-01-05T17:00:00+00:00,1.808,0.365,9.36
LOC030-U01,2026-01-05T17:15:00+00:00,2.374,0.25,10.05
LOC030-U01,2026-01-05T17:30:00+00:00,3.021,0.351,9.15
LOC030-U01,2026-01-05T17:45:00+00:00,1.532,0.305,8.31
LOC030-U01,2026-01-05T18:00:00+00:00,1.125,0.29,10.39
LOC030-U01,2026-01-05T18:15:00+00:00,1.46,0.221,7.56
LOC030-U01,2026-01-05T18:30:00+00:00,1.484,0.261,9.4
LOC030-U01,2026-01-05T18:45:00+00:00,1.853,0.286,7.16
LOC030-U01,2026-01-05T19:00:00+00:00,2.839,0.327,7.77
LOC030-U01,2026-01-05T19:15:00+00:00,2.905,0.228,9.83
LOC030-U01,2026-01-05T19:30:00+00:00,1.947,0.326,7.06
LOC030-U01,2026-01-05T19:45:00+00:00,2.926,0.314,11.44
LOC030-U01,2026-01-05T20:00:00+00:00,2.89,0.366,11.47
LOC030-U01,2026-01-05T20:15:00+00:00,1.676,0.313,7.5
LOC030-U01,2026-01-05T20:30:00+00:00,1.832,0.314,10.26
LOC030-U01,2026-01-05T20:45:00+00:00,1.696,0.246,11.13
LOC030-U01,2026-01-05T21:00:00+00:00,2.54,0.271,8.26
LOC030-U01,2026-01-05T21:15:00+00:00,2.032,0.288,11.48
LOC030-U01,2026-01-05T21:30:00+00:00,3.07,0.27,11.71
LOC030-U01,2026-01-05T21:45:00+00:00,2.48,0.331,6.83
LOC030-U01,2026-01-05T22:00:00+00:00,2.169,0.367,7.26
LOC030-U01,2026-01-05T22:15:00+00:00,1.964,0.252,7.41
LOC030-U01,2026-01-05T22:30:00+00:00,1.146,0.223,10.43
LOC030-U01,2026-01-05T22:45:00+00:00,1.711,0.254,6.51
LOC030-U01,2026-01-05T23:00:00+00:00,2.448,0.306,7.61
LOC030-U01,2026-01-05T23:15:00+00:00,2.13,0.228,7.77
LOC030-U01,2026-01-05T23:30:00+00:00,2.451,0.359,11.08
LOC030-U01,2026-01-05T23:45:00+00:00,1.5,0.272,10.36
LOC030-U01,2026-01-06T00:00:00+00:00,2.124,0.345,9.37
LOC030-U01,2026-01-06T00:15:00+00:00,2.203,0.355,10.8
LOC030-U01,2026-01-06T00:30:00+00:00,2.364,0.374,8.82
LOC030-U01,2026-01-06T00:45:00+00:00,3.258,0.267,9.38
LOC030-U01,2026-01-06T01:00:00+00:00,2.157,0.344,6.8
LOC030-U01,2026-01-06T01:15:00+00:00,2.332,0.315,10.64
LOC030-U01,2026-01-06T01:30:00+00:00,1.608,0.282,8.03
LOC030-U01,2026-01-06T01:45:00+00:00,2.592,0.267,10.77
LOC030-U01,2026-01-06T02:00:00+00:00,1.934,0.325,7.05
LOC030-U01,2026-01-06T02:15:00+00:00,1.069,0.352,7.64
LOC030-U01,2026-01-06T02:30:00+00:00,1.818,0.276,11.33
LOC030-U01,2026-01-06T02:45:00+00:00,3.57,0.324,7.95
LOC030-U01,2026-01-06T03:00:00+00:00,1.999,0.298,7.25
LOC030-U01,2026-01-06T03:15:00+00:00,2.239,0.278,7.42
LOC030-U01,2026-01-06T03:30:00+00:00,2.775,0.335,10.08
LOC030-U01,2026-01-06T03:45:00+00:00,1.875,0.368,7.42
LOC028-U01,2026-01-05T10:00:00+00:00,2.263,0.338,10.02
LOC028-U01,2026-01-05T10:15:00+00:00,2.297,0.249,8.5
LOC028-U01,2026-01-05T10:30:00+00:00,1.77,0.269,10.22
LOC028-U01,2026-01-05T10:45:00+00:00,2.236,0.225,11.29
LOC028-U01,2026-01-05T11:00:00+00:00,2.292,0.233,10.14
LOC028-U01,2026-01-05T11:15:00+00:00,1.019,0.246,7.66
LOC028-U01,2026-01-05T11:30:00+00:00,1.294,0.247,10.54
LOC028-U01,2026-01-05T11:45:00+00:00,1.901,0.312,10.65
LOC028-U01,2026-01-05T12:00:00+00:00,2.343,0.321,8.09
LOC028-U01,2026-01-05T12:15:00+00:00,1.458,0.234,8.36
LOC028-U01,2026-01-05T12:30:00+00:00,1.996,0.33,10.23
LOC028-U01,2026-01-05T12:45:00+00:00,1.431,0.263,8.17
LOC028-U01,2026-01-05T13:00:00+00:00,2.14,0.313,11.59
LOC028-U01,2026-01-05T13:15:00+00:00,3.002,0.365,8.28
LOC028-U01,2026-01-05T13:30:00+00:00,2.545,0.287,7.47
LOC028-U01,2026-01-05T13:45:00+00:00,1.871,0.329,7.86
LOC028-U01,2026-01-05T14:00:00+00:00,1.991,0.325,11.18
LOC028-U01,2026-01-05T14:15:00+00:00,2.596,0.374,11.08
LOC028-U01,2026-01-05T14:30:00+00:00,2.114,0.317,10.02
LOC028-U01,2026-01-05T14:45:00+00:00,0.926,0.255,10.6
LOC028-U01,2026-01-05T15:00:00+00:00,1.719,0.241,7.54
LOC028-U01,2026-01-05T15:15:00+00:00,2.301,0.282,7.4
LOC028-U01,2026-01-05T15:30:00+00:00,1.967,0.372,11.66
LOC028-U01,2026-01-05T15:45:00+00:00,2.66,0.282,7.98
LOC028-U01,2026-01-05T16:00:00+00:00,1.62,0.245,7.94
LOC028-U01,2026-01-05T16:15:00+00:00,2.885,0.237,11.58
LOC028-U01,2026-01-05T16:30:00+00:00,2.134,0.297,9.6
LOC028-U01,2026-01-05T16:45:00+00:00,1.387,0.296,8.97
LOC028-U01,2026-01-05T17:00:00+00:00,2.405,0.344,7.32
LOC028-U01,2026-01-05T17:15:00+00:00,0.985,0.247,11.24
LOC028-U01,2026-01-05T17:30:00+00:00,1.432,0.255,9.25
LOC028-U01,2026-01-05T17:45:00+00:00,2.134,0.361,11.57
LOC028-U01,2026-01-05T18:00:00+00:00,2.2,0.369,8.17
LOC028-U01,2026-01-05T18:15:00+00:00,3.026,0.339,8.27
LOC028-U01,2026-01-05T18:30:00+00:00,2.736,0.337,10.81
LOC028-U01,2026-01-05T18:45:00+00:00,2.517,0.308,9.74
LOC028-U01,2026-01-05T19:00:00+00:00,2.201,0.28,9.8
LOC028-U01,2026-01-05T19:15:00+00:00,3.231,0.254,7.66
LOC028-U01,2026-01-05T19:30:00+00:00,1.622,0.234,9.39
LOC028-U01,2026-01-05T19:45:00+00:00,2.519,0.333,10.63
LOC028-U01,2026-01-05T20:00:00+00:00,2.145,0.369,8.37
LOC028-U01,2026-01-05T20:15:00+00:00,1.327,0.239,10.54
LOC028-U01,2026-01-05T20:30:00+00:00,2.133,0.254,9.78
LOC028-U01,2026-01-05T20:45:00+00:00,2.584,0.379,9.59
LOC028-U01,2026-01-05T21:00:00+00:00,2.188,0.36,10.11
LOC028-U01,2026-01-05T21:15:00+00:00,2.41,0.276,7.09
LOC028-U01,2026-01-05T21:30:00+00:00,2.165,0.306,9.68
LOC028-U01,2026-01-05T21:45:00+00:00,2.253,0.313,8.03
LOC028-U01,2026-01-05T22:00:00+00:00,1.782,0.364,8.15
LOC028-U01,2026-01-05T22:15:00+00:00,2.218,0.331,6.77
LOC028-U01,2026-01-05T22:30:00+00:00,1.983,0.245,10.72
LOC028-U01,2026-01-05T22:45:00+00:00,2.525,0.368,10.4
LOC028-U01,2026-01-05T23:00:00+00:00,1.85,0.238,8.75
LOC028-U01,2026-01-05T23:15:00+00:00,1.864,0.345,11.24
LOC028-U01,2026-01-05T23:30:00+00:00,2.274,0.322,8.17
LOC028-U01,2026-01-05T23:45:00+00:00,2.776,0.337,10.16
LOC028-U01,2026-01-06T00:00:00+00:00,1.777,0.295,10.74
LOC028-U01,2026-01-06T00:15:00+00:00,1.858,0.23,8.69
LOC028-U01,2026-01-06T00:30:00+00:00,2.694,0.298,10.5
LOC028-U01,2026-01-06T00:45:00+00:00,1.944,0.261,8.5
LOC028-U01,2026-01-06T01:00:00+00:00,2.603,0.227,9.26
LOC028-U01,2026-01-06T01:15:00+00:00,2.742,0.368,8.95
LOC028-U01,2026-01-06T01:30:00+00:00,1.947,0.276,7.15
LOC028-U01,2026-01-06T01:45:00+00:00,1.898,0.244,8.1
LOC028-U01,2026-01-06T02:00:00+00:00,2.643,0.247,8.69
LOC028-U01,2026-01-06T02:15:00+00:00,2.611,0.262,9.04
LOC028-U01,2026-01-06T02:30:00+00:00,1.88,0.344,11.22
LOC028-U01,2026-01-06T02:45:00+00:00,2.353,0.334,11.56
LOC028-U01,2026-01-06T03:00:00+00:00,1.764,0.267,7.64
LOC028-U01,2026-01-06T03:15:00+00:00,2.578,0.342,7.28
LOC028-U01,2026-01-06T03:30:00+00:00,3.214,0.286,10.09
LOC028-U01,2026-01-06T03:45:00+00:00,2.332,0.366,8.23
LOC022-U01,2026-01-05T10:00:00+00:00,1.52,0.295,7.04
LOC022-U01,2026-01-05T10:15:00+00:00,2.227,0.261,7.57
LOC022-U01,2026-01-05T10:30:00+00:00,1.725,0.359,8.29
LOC022-U01,2026-01-05T10:45:00+00:00,2.061,0.325,11.13
LOC022-U01,2026-01-05T11:00:00+00:00,1.709,0.29,9.01
LOC022-U01,2026-01-05T11:15:00+00:00,2.083,0.356,7.72
LOC022-U01,2026-01-05T11:30:00+00:00,2.2,0.227,7.86
LOC022-U01,2026-01-05T11:45:00+00:00,1.493,0.28,8.82
LOC022-U01,2026-01-05T12:00:00+00:00,2.192,0.284,10.34
LOC022-U01,2026-01-05T12:15:00+00:00,2.437,0.275,8.69
LOC022-U01,2026-01-05T12:30:00+00:00,2.242,0.269,9.06
LOC022-U01,2026-01-05T12:45:00+00:00,3.089,0.272,9.79
LOC022-U01,2026-01-05T13:00:00+00:00,1.529,0.262,10.95
LOC022-U01,2026-01-05T13:15:00+00:00,0.99,0.243,10.17
LOC022-U01,2026-01-05T13:30:00+00:00,2.91,0.332,11.03
LOC022-U01,2026-01-05T13:45:00+00:00,1.87,0.36,11.37
LOC022-U01,2026-01-05T14:00:00+00:00,1.817,0.277,10.75
LOC022-U01,2026-01-05T14:15:00+00:00,2.264,0.294,9.3
LOC022-U01,2026-01-05T14:30:00+00:00,1.371,0.263,8.43
LOC022-U01,2026-01-05T14:45:00+00:00,0.892,0.306,8.51
LOC022-U01,2026-01-05T15:00:00+00:00,2.417,0.278,10.24
LOC022-U01,2026-01-05T15:15:00+00:00,1.792,0.248,8.85
LOC022-U01,2026-01-05T15:30:00+00:00,2.325,0.297,7.46
LOC022-U01,2026-01-05T15:45:00+00:00,2.303,0.307,6.71
LOC022-U01,2026-01-05T16:00:00+00:00,1.052,0.346,7.71
LOC022-U01,2026-01-05T16:15:00+00:00,2.386,0.367,10.39
LOC022-U01,2026-01-05T16:30:00+00:00,2.754,0.228,6.94
LOC022-U01,2026-01-05T16:45:00+00:00,2.117,0.321,10.48
LOC022-U01,2026-01-05T17:00:00+00:00,1.011,0.229,7.39
LOC022-U01,2026-01-05T17:15:00+00:00,2.442,0.221,10.18
LOC022-U01,2026-01-05T17:30:00+00:00,1.848,0.325,10.78
LOC022-U01,2026-01-05T17:45:00+00:00,3.008,0.223,11.14
LOC022-U01,2026-01-05T18:00:00+00:00,2.506,0.303,10.51
LOC022-U01,2026-01-05T18:15:00+00:00,1.294,0.233,11.12
LOC022-U01,2026-01-05T18:30:00+00:00,2.05,0.297,7.75
LOC022-U01,2026-01-05T18:45:00+00:00,2.002,0.338,10.85
LOC022-U01,2026-01-05T19:00:00+00:00,1.836,0.295,10.21
LOC022-U01,2026-01-05T19:15:00+00:00,3.073,0.296,7.89
LOC022-U01,2026-01-05T19:30:00+00:00,1.25,0.354,7.03
LOC022-U01,2026-01-05T19:45:00+00:00,2.139,0.314,10.74
LOC022-U01,2026-01-05T20:00:00+00:00,1.446,0.353,11.28
LOC022-U01,2026-01-05T20:15:00+00:00,1.756,0.326,7.03
LOC022-U01,2026-01-05T20:30:00+00:00,2.263,0.316,9.57
LOC022-U01,2026-01-05T20:45:00+00:00,1.152,0.372,6.57
LOC022-U01,2026-01-05T21:00:00+00:00,1.656,0.237,9.28
LOC022-U01,2026-01-05T21:15:00+00:00,1.533,0.331,9.29
LOC022-U01,2026-01-05T21:30:00+00:00,1.976,0.344,7.87
LOC022-U01,2026-01-05T21:45:00+00:00,1.316,0.362,10.42
LOC022-U01,2026-01-05T22:00:00+00:00,2.575,0.265,9.51
LOC022-U01,2026-01-05T22:15:00+00:00,1.74,0.309,9.03
LOC022-U01,2026-01-05T22:30:00+00:00,1.736,0.237,10.25
LOC022-U01,2026-01-05T22:45:00+00:00,2.886,0.352,7.56
LOC022-U01,2026-01-05T23:00:00+00:00,2.334,0.302,8.75
LOC022-U01,2026-01-05T23:15:00+00:00,2.118,0.296,8.32
LOC022-U01,2026-01-05T23:30:00+00:00,2.215,0.35,11.36
LOC022-U01,2026-01-05T23:45:00+00:00,3.099,0.303,9.71
LOC022-U01,2026-01-06T00:00:00+00:00,3.278,0.285,7.38
LOC022-U01,2026-01-06T00:15:00+00:00,2.792,0.24,11.44
LOC022-U01,2026-01-06T00:30:00+00:00,1.981,0.241,11.09
LOC022-U01,2026-01-06T00:45:00+00:00,1.806,0.224,7.46
LOC022-U01,2026-01-06T01:00:00+00:00,1.004,0.361,8.52
LOC022-U01,2026-01-06T01:15:00+00:00,2.301,0.334,11.0
LOC022-U01,2026-01-06T01:30:00+00:00,2.132,0.286,7.29
LOC022-U01,2026-01-06T01:45:00+00:00,1.233,0.244,6.65
LOC022-U01,2026-01-06T02:00:00+00:00,1.873,0.362,9.38
LOC022-U01,2026-01-06T02:15:00+00:00,0.882,0.335,7.96
LOC022-U01,2026-01-06T02:30:00+00:00,2.043,0.283,8.33
LOC022-U01,2026-01-06T02:45:00+00:00,1.945,0.323,7.76
LOC022-U01,2026-01-06T03:00:00+00:00,2.016,0.316,10.9
LOC022-U01,2026-01-06T03:15:00+00:00,3.169,0.308,11.97
LOC022-U01,2026-01-06T03:30:00+00:00,1.786,0.25,8.92
LOC022-U01,2026-01-06T03:45:00+00:00,1.266,0.263,8.19
LOC034-U01,2026-01-05T10:00:00+00:00,2.172,0.302,9.78
LOC034-U01,2026-01-05T10:15:00+00:00,2.581,0.319,7.34
LOC034-U01,2026-01-05T10:30:00+00:00,1.652,0.318,7.56
LOC034-U01,2026-01-05T10:45:00+00:00,3.217,0.273,9.44
LOC034-U01,2026-01-05T11:00:00+00:00,1.629,0.257,9.6
LOC034-U01,2026-01-05T11:15:00+00:00,2.252,0.257,7.43
LOC034-U01,2026-01-05T11:30:00+00:00,1.388,0.337,8.84
LOC034-U01,2026-01-05T11:45:00+00:00,2.309,0.316,8.41
LOC034-U01,2026-01-05T12:00:00+00:00,1.875,0.231,6.99
LOC034-U01,2026-01-05T12:15:00+00:00,2.321,0.285,8.98
LOC034-U01,2026-01-05T12:30:00+00:00,2.434,0.328,8.32
LOC034-U01,2026-01-05T12:45:00+00:00,1.675,0.254,8.09
LOC034-U01,2026-01-05T13:00:00+00:00,2.871,0.365,11.15
LOC034-U01,2026-01-05T13:15:00+00:00,2.376,0.366,10.63
LOC034-U01,2026-01-05T13:30:00+00:00,1.564,0.356,9.88
LOC034-U01,2026-01-05T13:45:00+00:00,1.933,0.229,8.12
LOC034-U01,2026-01-05T14:00:00+00:00,2.03,0.26,8.95
LOC034-U01,2026-01-05T14:15:00+00:00,2.296,0.326,7.36
LOC034-U01,2026-01-05T14:30:00+00:00,2.08,0.253,8.42
LOC034-U01,2026-01-05T14:45:00+00:00,1.781,0.347,10.58
LOC034-U01,2026-01-05T15:00:00+00:00,2.163,0.239,7.41
LOC034-U01,2026-01-05T15:15:00+00:00,2.418,0.322,7.64
LOC034-U01,2026-01-05T15:30:00+00:00,2.536,0.366,10.83
LOC034-U01,2026-01-05T15:45:00+00:00,1.908,0.24,10.14
LOC034-U01,2026-01-05T16:00:00+00:00,2.207,0.232,6.52
LOC034-U01,2026-01-05T16:15:00+00:00,1.978,0.352,7.65
LOC034-U01,2026-01-05T16:30:00+00:00,1.097,0.238,6.41
LOC034-U01,2026-01-05T16:45:00+00:00,2.272,0.285,10.31
LOC034-U01,2026-01-05T17:00:00+00:00,2.095,0.261,11.15
LOC034-U01,2026-01-05T17:15:00+00:00,2.745,0.239,8.39
LOC034-U01,2026-01-05T17:30:00+00:00,1.619,0.258,9.71
LOC034-U01,2026-01-05T17:45:00+00:00,1.768,0.28,8.92
LOC034-U01,2026-01-05T18:00:00+00:00,1.73,0.292,9.93
LOC034-U01,2026-01-05T18:15:00+00:00,2.414,0.288,6.78
LOC034-U01,2026-01-05T18:30:00+00:00,2.062,0.353,11.04
LOC034-U01,2026-01-05T18:45:00+00:00,1.944,0.284,11.34
LOC034-U01,2026-01-05T19:00:00+00:00,2.34,0.348,8.28
LOC034-U01,2026-01-05T19:15:00+00:00,2.346,0.279,8.92
LOC034-U01,2026-01-05T19:30:00+00:00,2.951,0.236,8.59
LOC034-U01,2026-01-05T19:45:00+00:00,3.1,0.324,9.46
LOC034-U01,2026-01-05T20:00:00+00:00,1.771,0.285,11.11
LOC034-U01,2026-01-05T20:15:00+00:00,2.138,0.35,10.02
LOC034-U01,2026-01-05T20:30:00+00:00,1.924,0.36,8.42
LOC034-U01,2026-01-05T20:45:00+00:00,2.733,0.373,11.1
LOC034-U01,2026-01-05T21:00:00+00:00,2.009,0.262,7.04
LOC034-U01,2026-01-05T21:15:00+00:00,1.629,0.251,9.16
LOC034-U01,2026-01-05T21:30:00+00:00,2.259,0.306,8.95
LOC034-U01,2026-01-05T21:45:00+00:00,1.971,0.321,6.84
LOC034-U01,2026-01-05T22:00:00+00:00,1.672,0.232,8.86
LOC034-U01,2026-01-05T22:15:00+00:00,2.265,0.356,9.13
LOC034-U01,2026-01-05T22:30:00+00:00,1.456,0.267,9.03
LOC034-U01,2026-01-05T22:45:00+00:00,1.072,0.377,6.68
LOC034-U01,2026-01-05T23:00:00+00:00,2.264,0.368,9.85
LOC034-U01,2026-01-05T23:15:00+00:00,1.435,0.318,11.05
LOC034-U01,2026-01-05T23:30:00+00:00,1.482,0.251,6.98
LOC034-U01,2026-01-05T23:45:00+00:00,1.798,0.22,7.65
LOC034-U01,2026-01-06T00:00:00+00:00,1.835,0.287,6.63
LOC034-U01,2026-01-06T00:15:00+00:00,2.16,0.24,8.81
LOC034-U01,2026-01-06T00:30:00+00:00,2.065,0.257,9.16
LOC034-U01,2026-01-06T00:45:00+00:00,2.022,0.228,11.37
LOC034-U01,2026-01-06T01:00:00+00:00,2.098,0.272,10.4
LOC034-U01,2026-01-06T01:15:00+00:00,2.061,0.245,10.01
LOC034-U01,2026-01-06T01:30:00+00:00,2.222,0.225,7.96
LOC034-U01,2026-01-06T01:45:00+00:00,2.151,0.227,9.66
LOC034-U01,2026-01-06T02:00:00+00:00,1.834,0.333,6.61
LOC034-U01,2026-01-06T02:15:00+00:00,2.073,0.264,6.7
LOC034-U01,2026-01-06T02:30:00+00:00,2.114,0.231,7.63
LOC034-U01,2026-01-06T02:45:00+00:00,2.8,0.341,7.07
LOC034-U01,2026-01-06T03:00:00+00:00,2.298,0.308,11.49
LOC034-U01,2026-01-06T03:15:00+00:00,2.739,0.246,7.67
LOC034-U01,2026-01-06T03:30:00+00:00,2.463,0.363,9.09
LOC034-U01,2026-01-06T03:45:00+00:00,2.101,0.359,10.8
LOC003-U01,2026-01-05T10:00:00+00:00,1.168,0.235,8.73
LOC003-U01,2026-01-05T10:15:00+00:00,1.444,0.328,7.3
LOC003-U01,2026-01-05T10:30:00+00:00,2.261,0.249,11.52
LOC003-U01,2026-01-05T10:45:00+00:00,1.859,0.354,11.48
LOC003-U01,2026-01-05T11:00:00+00:00,2.627,0.228,9.89
LOC003-U01,2026-01-05T11:15:00+00:00,2.705,0.286,11.76
LOC003-U01,2026-01-05T11:30:00+00:00,1.994,0.373,6.81
LOC003-U01,2026-01-05T11:45:00+00:00,2.661,0.242,9.63
LOC003-U01,2026-01-05T12:00:00+00:00,2.787,0.302,9.45
LOC003-U01,2026-01-05T12:15:00+00:00,2.289,0.363,11.5
LOC003-U01,2026-01-05T12:30:00+00:00,2.793,0.287,10.14
LOC003-U01,2026-01-05T12:45:00+00:00,2.225,0.34,11.28
LOC003-U01,2026-01-05T13:00:00+00:00,2.151,0.285,10.7
LOC003-U01,2026-01-05T13:15:00+00:00,2.328,0.29,11.12
LOC003-U01,2026-01-05T13:30:00+00:00,1.482,0.287,9.12
LOC003-U01,2026-01-05T13:45:00+00:00,2.895,0.286,7.85
LOC003-U01,2026-01-05T14:00:00+00:00,2.036,0.252,11.48
LOC003-U01,2026-01-05T14:15:00+00:00,1.548,0.255,11.08
LOC003-U01,2026-01-05T14:30:00+00:00,2.216,0.318,9.34
LOC003-U01,2026-01-05T14:45:00+00:00,2.224,0.312,9.39
LOC003-U01,2026-01-05T15:00:00+00:00,2.204,0.306,7.5
LOC003-U01,2026-01-05T15:15:00+00:00,2.102,0.248,11.4
LOC003-U01,2026-01-05T15:30:00+00:00,1.678,0.343,11.12
LOC003-U01,2026-01-05T15:45:00+00:00,2.042,0.352,9.88
LOC003-U01,2026-01-05T16:00:00+00:00,2.396,0.313,10.29
LOC003-U01,2026-01-05T16:15:00+00:00,1.434,0.312,8.84
LOC003-U01,2026-01-05T16:30:00+00:00,2.539,0.38,11.9
LOC003-U01,2026-01-05T16:45:00+00:00,1.884,0.344,9.92
LOC003-U01,2026-01-05T17:00:00+00:00,2.463,0.357,7.76
LOC003-U01,2026-01-05T17:15:00+00:00,2.217,0.303,8.33
LOC003-U01,2026-01-05T17:30:00+00:00,1.271,0.235,7.48
LOC003-U01,2026-01-05T17:45:00+00:00,2.139,0.298,7.37
LOC003-U01,2026-01-05T18:00:00+00:00,1.939,0.361,9.33
LOC003-U01,2026-01-05T18:15:00+00:00,2.079,0.251,6.77
LOC003-U01,2026-01-05T18:30:00+00:00,2.366,0.349,7.75
LOC003-U01,2026-01-05T18:45:00+00:00,2.416,0.377,9.31
LOC003-U01,2026-01-05T19:00:00+00:00,2.222,0.223,7.51
LOC003-U01,2026-01-05T19:15:00+00:00,2.305,0.332,10.93
LOC003-U01,2026-01-05T19:30:00+00:00,1.655,0.289,9.18
LOC003-U01,2026-01-05T19:45:00+00:00,2.096,0.35,8.55
LOC003-U01,2026-01-05T20:00:00+00:00,2.242,0.303,10.19
LOC003-U01,2026-01-05T20:15:00+00:00,1.44,0.231,10.91
LOC003-U01,2026-01-05T20:30:00+00:00,2.809,0.343,10.17
LOC003-U01,2026-01-05T20:45:00+00:00,1.874,0.281,11.15
LOC003-U01,2026-01-05T21:00:00+00:00,1.981,0.314,7.28
LOC003-U01,2026-01-05T21:15:00+00:00,2.038,0.227,7.96
LOC003-U01,2026-01-05T21:30:00+00:00,2.243,0.36,9.24
LOC003-U01,2026-01-05T21:45:00+00:00,2.08,0.247,7.72
LOC003-U01,2026-01-05T22:00:00+00:00,1.652,0.281,7.69
LOC003-U01,2026-01-05T22:15:00+00:00,2.055,0.359,8.97
LOC003-U01,2026-01-05T22:30:00+00:00,1.459,0.252,8.79
LOC003-U01,2026-01-05T22:45:00+00:00,1.882,0.237,11.01
LOC003-U01,2026-01-05T23:00:00+00:00,2.063,0.296,10.82
LOC003-U01,2026-01-05T23:15:00+00:00,2.538,0.297,7.65
LOC003-U01,2026-01-05T23:30:00+00:00,1.566,0.25,11.11
LOC003-U01,2026-01-05T23:45:00+00:00,2.526,0.306,7.23
LOC003-U01,2026-01-06T00:00:00+00:00,2.476,0.32,7.69
LOC003-U01,2026-01-06T00:15:00+00:00,2.557,0.27,8.16
LOC003-U01,2026-01-06T00:30:00+00:00,1.929,0.33,8.63
LOC003-U01,2026-01-06T00:45:00+00:00,2.835,0.263,7.49
LOC003-U01,2026-01-06T01:00:00+00:00,2.158,0.361,8.37
LOC003-U01,2026-01-06T01:15:00+00:00,1.777,0.318,10.39
LOC003-U01,2026-01-06T01:30:00+00:00,1.989,0.291,11.24
LOC003-U01,2026-01-06T01:45:00+00:00,1.503,0.317,7.72
LOC003-U01,2026-01-06T02:00:00+00:00,2.493,0.297,7.22
LOC003-U01,2026-01-06T02:15:00+00:00,2.537,0.325,8.91
LOC003-U01,2026-01-06T02:30:00+00:00,1.135,0.224,7.7
LOC003-U01,2026-01-06T02:45:00+00:00,2.701,0.244,11.0
LOC003-U01,2026-01-06T03:00:00+00:00,2.091,0.347,10.49
LOC003-U01,2026-01-06T03:15:00+00:00,2.241,0.265,10.29
LOC003-U01,2026-01-06T03:30:00+00:00,2.216,0.222,9.49
LOC003-U01,2026-01-06T03:45:00+00:00,1.619,0.239,9.91
LOC004-U02,2026-01-05T10:00:00+00:00,2.471,0.304,8.06
LOC004-U02,2026-01-05T10:15:00+00:00,2.538,0.302,9.03
LOC004-U02,2026-01-05T10:30:00+00:00,1.486,0.27,10.63
LOC004-U02,2026-01-05T10:45:00+00:00,2.627,0.291,6.86
LOC004-U02,2026-01-05T11:00:00+00:00,2.235,0.222,10.72
LOC004-U02,2026-01-05T11:15:00+00:00,2.631,0.299,10.03
LOC004-U02,2026-01-05T11:30:00+00:00,2.308,0.342,9.16
LOC004-U02,2026-01-05T11:45:00+00:00,1.169,0.266,7.2
LOC004-U02,2026-01-05T12:00:00+00:00,2.153,0.317,9.04
LOC004-U02,2026-01-05T12:15:00+00:00,2.127,0.243,6.83
LOC004-U02,2026-01-05T12:30:00+00:00,2.057,0.228,8.6
LOC004-U02,2026-01-05T12:45:00+00:00,1.257,0.266,6.36
LOC004-U02,2026-01-05T13:00:00+00:00,1.766,0.358,8.24
LOC004-U02,2026-01-05T13:15:00+00:00,2.129,0.375,8.66
LOC004-U02,2026-01-05T13:30:00+00:00,1.825,0.364,7.69
LOC004-U02,2026-01-05T13:45:00+00:00,1.094,0.293,8.11
LOC004-U02,2026-01-05T14:00:00+00:00,1.937,0.252,9.78
LOC004-U02,2026-01-05T14:15:00+00:00,2.468,0.254,9.54
LOC004-U02,2026-01-05T14:30:00+00:00,1.931,0.37,7.06
LOC004-U02,2026-01-05T14:45:00+00:00,2.244,0.359,8.84
LOC004-U02,2026-01-05T15:00:00+00:00,1.777,0.357,11.1
LOC004-U02,2026-01-05T15:15:00+00:00,1.403,0.244,8.7
LOC004-U02,2026-01-05T15:30:00+00:00,1.604,0.301,7.88
LOC004-U02,2026-01-05T15:45:00+00:00,1.531,0.371,10.8
LOC004-U02,2026-01-05T16:00:00+00:00,1.884,0.264,9.73
LOC004-U02,2026-01-05T16:15:00+00:00,1.611,0.373,11.34
LOC004-U02,2026-01-05T16:30:00+00:00,1.956,0.248,10.8
LOC004-U02,2026-01-05T16:45:00+00:00,2.149,0.364,9.33
LOC004-U02,2026-01-05T17:00:00+00:00,2.26,0.335,10.63
LOC004-U02,2026-01-05T17:15:00+00:00,1.74,0.277,9.69
LOC004-U02,2026-01-05T17:30:00+00:00,1.372,0.338,9.27
LOC004-U02,2026-01-05T17:45:00+00:00,1.345,0.309,7.54
LOC004-U02,2026-01-05T18:00:00+00:00,1.843,0.258,11.47
LOC004-U02,2026-01-05T18:15:00+00:00,1.62,0.277,9.5
LOC004-U02,2026-01-05T18:30:00+00:00,2.657,0.298,9.02
LOC004-U02,2026-01-05T18:45:00+00:00,2.027,0.329,11.52
LOC004-U02,2026-01-05T19:00:00+00:00,2.443,0.271,10.49
LOC004-U02,2026-01-05T19:15:00+00:00,2.21,0.342,9.81
LOC004-U02,2026-01-05T19:30:00+00:00,1.78,0.371,8.65
LOC004-U02,2026-01-05T19:45:00+00:00,3.533,0.288,11.46
LOC004-U02,2026-01-05T20:00:00+00:00,1.796,0.349,7.72
LOC004-U02,2026-01-05T20:15:00+00:00,2.066,0.348,10.41
LOC004-U02,2026-01-05T20:30:00+00:00,2.724,0.28,7.1
LOC004-U02,2026-01-05T20:45:00+00:00,1.957,0.299,8.84
LOC004-U02,2026-01-05T21:00:00+00:00,0.881,0.341,10.13
LOC004-U02,2026-01-05T21:15:00+00:00,1.708,0.239,11.38
LOC004-U02,2026-01-05T21:30:00+00:00,2.459,0.257,9.04
LOC004-U02,2026-01-05T21:45:00+00:00,1.999,0.257,7.88
LOC004-U02,2026-01-05T22:00:00+00:00,3.04,0.304,7.58
LOC004-U02,2026-01-05T22:15:00+00:00,2.223,0.34,10.37
LOC004-U02,2026-01-05T22:30:00+00:00,2.114,0.366,10.74
LOC004-U02,2026-01-05T22:45:00+00:00,2.196,0.263,6.97
LOC004-U02,2026-01-05T23:00:00+00:00,1.275,0.309,6.78
LOC004-U02,2026-01-05T23:15:00+00:00,1.78,0.254,8.35
LOC004-U02,2026-01-05T23:30:00+00:00,1.742,0.363,9.2
LOC004-U02,2026-01-05T23:45:00+00:00,2.921,0.298,10.94
LOC004-U02,2026-01-06T00:00:00+00:00,2.15,0.342,10.98
LOC004-U02,2026-01-06T00:15:00+00:00,2.359,0.28,10.94
LOC004-U02,2026-01-06T00:30:00+00:00,2.673,0.291,9.99
LOC004-U02,2026-01-06T00:45:00+00:00,2.886,0.307,9.1
LOC004-U02,2026-01-06T01:00:00+00:00,3.151,0.272,11.12
LOC004-U02,2026-01-06T01:15:00+00:00,2.385,0.265,8.2
LOC004-U02,2026-01-06T01:30:00+00:00,2.923,0.321,10.88
LOC004-U02,2026-01-06T01:45:00+00:00,2.193,0.348,7.41
LOC004-U02,2026-01-06T02:00:00+00:00,1.534,0.292,10.55
LOC004-U02,2026-01-06T02:15:00+00:00,2.501,0.26,10.06
LOC004-U02,2026-01-06T02:30:00+00:00,2.344,0.345,10.67
LOC004-U02,2026-01-06T02:45:00+00:00,2.283,0.297,8.15
LOC004-U02,2026-01-06T03:00:00+00:00,2.923,0.262,6.9
LOC004-U02,2026-01-06T03:15:00+00:00,1.765,0.221,9.11
LOC004-U02,2026-01-06T03:30:00+00:00,2.489,0.282,10.15
LOC004-U02,2026-01-06T03:45:00+00:00,1.884,0.336,8.99
LOC019-U02,2026-01-05T10:00:00+00:00,1.829,0.221,10.76
LOC019-U02,2026-01-05T10:15:00+00:00,1.529,0.264,7.38
LOC019-U02,2026-01-05T10:30:00+00:00,1.902,0.275,8.03
LOC019-U02,2026-01-05T10:45:00+00:00,2.039,0.314,7.35
LOC019-U02,2026-01-05T11:00:00+00:00,3.41,0.22,9.06
LOC019-U02,2026-01-05T11:15:00+00:00,2.86,0.331,8.06
LOC019-U02,2026-01-05T11:30:00+00:00,1.599,0.297,10.3
LOC019-U02,2026-01-05T11:45:00+00:00,3.062,0.24,9.32
LOC019-U02,2026-01-05T12:00:00+00:00,2.332,0.291,11.49
LOC019-U02,2026-01-05T12:15:00+00:00,2.164,0.309,11.48
LOC019-U02,2026-01-05T12:30:00+00:00,1.906,0.313,7.5
LOC019-U02,2026-01-05T12:45:00+00:00,1.987,0.324,7.07
LOC019-U02,2026-01-05T13:00:00+00:00,2.657,0.255,7.61
LOC019-U02,2026-01-05T13:15:00+00:00,1.786,0.378,8.51
LOC019-U02,2026-01-05T13:30:00+00:00,1.894,0.286,8.58
LOC019-U02,2026-01-05T13:45:00+00:00,2.442,0.253,9.95
LOC019-U02,2026-01-05T14:00:00+00:00,1.415,0.225,9.28
LOC019-U02,2026-01-05T14:15:00+00:00,2.137,0.277,8.56
LOC019-U02,2026-01-05T14:30:00+00:00,2.667,0.279,6.91
LOC019-U02,2026-01-05T14:45:00+00:00,1.702,0.374,8.43
LOC019-U02,2026-01-05T15:00:00+00:00,1.802,0.273,9.97
LOC019-U02,2026-01-05T15:15:00+00:00,1.639,0.238,6.95
LOC019-U02,2026-01-05T15:30:00+00:00,2.67,0.271,9.66
LOC019-U02,2026-01-05T15:45:00+00:00,3.079,0.344,7.12
LOC019-U02,2026-01-05T16:00:00+00:00,1.784,0.252,9.7
LOC019-U02,2026-01-05T16:15:00+00:00,1.707,0.334,11.05
LOC019-U02,2026-01-05T16:30:00+00:00,2.555,0.295,9.98
LOC019-U02,2026-01-05T16:45:00+00:00,2.455,0.355,7.38
LOC019-U02,2026-01-05T17:00:00+00:00,0.683,0.22,10.21
LOC019-U02,2026-01-05T17:15:00+00:00,2.589,0.369,10.81
LOC019-U02,2026-01-05T17:30:00+00:00,2.631,0.298,8.81
LOC019-U02,2026-01-05T17:45:00+00:00,2.291,0.246,8.22
LOC019-U02,2026-01-05T18:00:00+00:00,3.085,0.288,9.23
LOC019-U02,2026-01-05T18:15:00+00:00,1.483,0.28,7.52
LOC019-U02,2026-01-05T18:30:00+00:00,1.742,0.341,6.93
LOC019-U02,2026-01-05T18:45:00+00:00,3.235,0.259,9.08
LOC019-U02,2026-01-05T19:00:00+00:00,2.063,0.369,9.16
LOC019-U02,2026-01-05T19:15:00+00:00,2.168,0.318,10.85
LOC019-U02,2026-01-05T19:30:00+00:00,2.573,0.291,10.85
LOC019-U02,2026-01-05T19:45:00+00:00,1.952,0.237,11.29
LOC019-U02,2026-01-05T20:00:00+00:00,1.544,0.291,8.47
LOC019-U02,2026-01-05T20:15:00+00:00,2.614,0.358,9.82
LOC019-U02,2026-01-05T20:30:00+00:00,2.552,0.236,7.42
LOC019-U02,2026-01-05T20:45:00+00:00,1.565,0.314,11.46
LOC019-U02,2026-01-05T21:00:00+00:00,2.347,0.285,11.44
LOC019-U02,2026-01-05T21:15:00+00:00,2.319,0.279,10.71
LOC019-U02,2026-01-05T21:30:00+00:00,2.413,0.301,9.36
LOC019-U02,2026-01-05T21:45:00+00:00,3.411,0.361,8.71
LOC019-U02,2026-01-05T22:00:00+00:00,1.752,0.308,10.13
LOC019-U02,2026-01-05T22:15:00+00:00,2.86,0.322,8.95
LOC019-U02,2026-01-05T22:30:00+00:00,2.323,0.299,8.73
LOC019-U02,2026-01-05T22:45:00+00:00,1.957,0.347,11.64
LOC019-U02,2026-01-05T23:00:00+00:00,2.358,0.331,7.86
LOC019-U02,2026-01-05T23:15:00+00:00,1.192,0.263,8.87
LOC019-U02,2026-01-05T23:30:00+00:00,2.059,0.305,7.73
LOC019-U02,2026-01-05T23:45:00+00:00,2.902,0.266,7.98
LOC019-U02,2026-01-06T00:00:00+00:00,2.364,0.283,10.95
LOC019-U02,2026-01-06T00:15:00+00:00,2.23,0.277,10.26
LOC019-U02,2026-01-06T00:30:00+00:00,1.72,0.24,10.48
LOC019-U02,2026-01-06T00:45:00+00:00,2.604,0.269,10.06
LOC019-U02,2026-01-06T01:00:00+00:00,1.736,0.306,10.27
LOC019-U02,2026-01-06T01:15:00+00:00,1.466,0.35,6.61
LOC019-U02,2026-01-06T01:30:00+00:00,1.656,0.343,8.54
LOC019-U02,2026-01-06T01:45:00+00:00,1.919,0.292,10.3
LOC019-U02,2026-01-06T02:00:00+00:00,1.106,0.321,7.24
LOC019-U02,2026-01-06T02:15:00+00:00,2.618,0.229,10.1
LOC019-U02,2026-01-06T02:30:00+00:00,2.305,0.343,8.47
LOC019-U02,2026-01-06T02:45:00+00:00,2.602,0.38,7.63
LOC019-U02,2026-01-06T03:00:00+00:00,1.895,0.329,7.32
LOC019-U02,2026-01-06T03:15:00+00:00,1.634,0.338,9.57
LOC019-U02,2026-01-06T03:30:00+00:00,3.144,0.343,8.46
LOC019-U02,2026-01-06T03:45:00+00:00,1.69,0.309,7.47
LOC024-U01,2026-01-05T10:00:00+00:00,1.366,0.264,9.77
LOC024-U01,2026-01-05T10:15:00+00:00,1.371,0.343,7.01
LOC024-U01,2026-01-05T10:30:00+00:00,1.362,0.238,6.84
LOC024-U01,2026-01-05T10:45:00+00:00,2.107,0.312,11.49
LOC024-U01,2026-01-05T11:00:00+00:00,2.758,0.348,11.0
LOC024-U01,2026-01-05T11:15:00+00:00,1.043,0.232,9.66
LOC024-U01,2026-01-05T11:30:00+00:00,2.343,0.299,11.43
LOC024-U01,2026-01-05T11:45:00+00:00,1.95,0.311,9.15
LOC024-U01,2026-01-05T12:00:00+00:00,2.462,0.326,7.35
LOC024-U01,2026-01-05T12:15:00+00:00,2.928,0.333,7.68
LOC024-U01,2026-01-05T12:30:00+00:00,2.236,0.26,10.42
LOC024-U01,2026-01-05T12:45:00+00:00,1.723,0.238,7.95
LOC024-U01,2026-01-05T13:00:00+00:00,1.732,0.282,9.65
LOC024-U01,2026-01-05T13:15:00+00:00,2.035,0.317,9.1
LOC024-U01,2026-01-05T13:30:00+00:00,1.78,0.38,9.27
LOC024-U01,2026-01-05T13:45:00+00:00,1.871,0.371,7.37
LOC024-U01,2026-01-05T14:00:00+00:00,2.316,0.32,7.29
LOC024-U01,2026-01-05T14:15:00+00:00,1.091,0.328,10.01
LOC024-U01,2026-01-05T14:30:00+00:00,1.757,0.32,7.52
LOC024-U01,2026-01-05T14:45:00+00:00,2.597,0.332,10.68
LOC024-U01,2026-01-05T15:00:00+00:00,2.258,0.235,10.99
LOC024-U01,2026-01-05T15:15:00+00:00,2.108,0.279,8.8
LOC024-U01,2026-01-05T15:30:00+00:00,3.154,0.316,9.9
LOC024-U01,2026-01-05T15:45:00+00:00,2.105,0.354,9.08
LOC024-U01,2026-01-05T16:00:00+00:00,2.572,0.351,9.02
LOC024-U01,2026-01-05T16:15:00+00:00,2.501,0.368,10.41
LOC024-U01,2026-01-05T16:30:00+00:00,1.771,0.363,9.81
LOC024-U01,2026-01-05T16:45:00+00:00,2.534,0.244,11.04
LOC024-U01,2026-01-05T17:00:00+00:00,1.96,0.23,6.86
LOC024-U01,2026-01-05T17:15:00+00:00,1.875,0.309,7.88
LOC024-U01,2026-01-05T17:30:00+00:00,2.28,0.357,8.93
LOC024-U01,2026-01-05T17:45:00+00:00,1.174,0.333,8.41
LOC024-U01,2026-01-05T18:00:00+00:00,2.584,0.331,7.17
LOC024-U01,2026-01-05T18:15:00+00:00,1.971,0.285,6.77
LOC024-U01,2026-01-05T18:30:00+00:00,1.926,0.286,11.34
LOC024-U01,2026-01-05T18:45:00+00:00,2.161,0.375,8.41
LOC024-U01,2026-01-05T19:00:00+00:00,2.983,0.277,11.41
LOC024-U01,2026-01-05T19:15:00+00:00,2.008,0.333,8.67
LOC024-U01,2026-01-05T19:30:00+00:00,3.051,0.281,11.48
LOC024-U01,2026-01-05T19:45:00+00:00,2.115,0.353,9.97
LOC024-U01,2026-01-05T20:00:00+00:00,2.062,0.378,7.03
LOC024-U01,2026-01-05T20:15:00+00:00,2.131,0.367,6.79
LOC024-U01,2026-01-05T20:30:00+00:00,1.931,0.237,11.39
LOC024-U01,2026-01-05T20:45:00+00:00,1.337,0.345,8.5
LOC024-U01,2026-01-05T21:00:00+00:00,2.543,0.37,7.69
LOC024-U01,2026-01-05T21:15:00+00:00,2.466,0.362,8.24
LOC024-U01,2026-01-05T21:30:00+00:00,2.88,0.366,7.09
LOC024-U01,2026-01-05T21:45:00+00:00,2.526,0.29,8.87
LOC024-U01,2026-01-05T22:00:00+00:00,2.502,0.347,9.73
LOC024-U01,2026-01-05T22:15:00+00:00,2.996,0.228,7.5
LOC024-U01,2026-01-05T22:30:00+00:00,2.268,0.27,10.79
LOC024-U01,2026-01-05T22:45:00+00:00,1.959,0.308,6.87
LOC024-U01,2026-01-05T23:00:00+00:00,1.962,0.229,8.14
LOC024-U01,2026-01-05T23:15:00+00:00,2.315,0.312,10.86
LOC024-U01,2026-01-05T23:30:00+00:00,2.055,0.347,9.94
LOC024-U01,2026-01-05T23:45:00+00:00,2.323,0.244,10.12
LOC024-U01,2026-01-06T00:00:00+00:00,2.663,0.229,8.33
LOC024-U01,2026-01-06T00:15:00+00:00,2.263,0.359,8.55
LOC024-U01,2026-01-06T00:30:00+00:00,1.97,0.262,9.11
LOC024-U01,2026-01-06T00:45:00+00:00,2.043,0.239,7.04
LOC024-U01,2026-01-06T01:00:00+00:00,1.74,0.314,8.82
LOC024-U01,2026-01-06T01:15:00+00:00,2.49,0.252,7.17
LOC024-U01,2026-01-06T01:30:00+00:00,1.749,0.238,7.91
LOC024-U01,2026-01-06T01:45:00+00:00,1.569,0.34,10.63
LOC024-U01,2026-01-06T02:00:00+00:00,1.703,0.326,9.01
LOC024-U01,2026-01-06T02:15:00+00:00,2.94,0.286,8.96
LOC024-U01,2026-01-06T02:30:00+00:00,1.241,0.23,10.59
LOC024-U01,2026-01-06T02:45:00+00:00,1.541,0.32,8.59
LOC024-U01,2026-01-06T03:00:00+00:00,1.345,0.313,11.18
LOC024-U01,2026-01-06T03:15:00+00:00,2.86,0.315,7.67
LOC024-U01,2026-01-06T03:30:00+00:00,2.367,0.237,10.38
LOC024-U01,2026-01-06T03:45:00+00:00,2.458,0.325,10.59
LOC033-U01,2026-01-05T10:00:00+00:00,1.879,0.357,11.41
LOC033-U01,2026-01-05T10:15:00+00:00,2.056,0.374,11.21
LOC033-U01,2026-01-05T10:30:00+00:00,2.56,0.25,10.23
LOC033-U01,2026-01-05T10:45:00+00:00,2.824,0.37,8.5
LOC033-U01,2026-01-05T11:00:00+00:00,2.391,0.304,9.69
LOC033-U01,2026-01-05T11:15:00+00:00,2.43,0.329,8.08
LOC033-U01,2026-01-05T11:30:00+00:00,2.876,0.258,7.76
LOC033-U01,2026-01-05T11:45:00+00:00,2.211,0.291,11.34
LOC033-U01,2026-01-05T12:00:00+00:00,2.419,0.37,11.75
LOC033-U01,2026-01-05T12:15:00+00:00,2.799,0.307,7.32
LOC033-U01,2026-01-05T12:30:00+00:00,2.368,0.375,9.11
LOC033-U01,2026-01-05T12:45:00+00:00,1.999,0.238,10.28
LOC033-U01,2026-01-05T13:00:00+00:00,1.13,0.296,8.99
LOC033-U01,2026-01-05T13:15:00+00:00,2.369,0.271,9.85
LOC033-U01,2026-01-05T13:30:00+00:00,1.737,0.31,6.96
LOC033-U01,2026-01-05T13:45:00+00:00,1.104,0.342,8.08
LOC033-U01,2026-01-05T14:00:00+00:00,2.062,0.242,9.07
LOC033-U01,2026-01-05T14:15:00+00:00,2.515,0.334,8.93
LOC033-U01,2026-01-05T14:30:00+00:00,2.67,0.369,7.49
LOC033-U01,2026-01-05T14:45:00+00:00,2.135,0.241,9.87
LOC033-U01,2026-01-05T15:00:00+00:00,1.725,0.311,10.62
LOC033-U01,2026-01-05T15:15:00+00:00,2.485,0.337,7.95
LOC033-U01,2026-01-05T15:30:00+00:00,1.855,0.293,8.07
LOC033-U01,2026-01-05T15:45:00+00:00,2.289,0.227,8.09
LOC033-U01,2026-01-05T16:00:00+00:00,3.017,0.308,8.88
LOC033-U01,2026-01-05T16:15:00+00:00,2.422,0.287,8.58
LOC033-U01,2026-01-05T16:30:00+00:00,1.663,0.33,6.57
LOC033-U01,2026-01-05T16:45:00+00:00,3.223,0.354,9.68
LOC033-U01,2026-01-05T17:00:00+00:00,2.051,0.345,8.0
LOC033-U01,2026-01-05T17:15:00+00:00,2.211,0.325,7.28
LOC033-U01,2026-01-05T17:30:00+00:00,1.166,0.363,9.05
LOC033-U01,2026-01-05T17:45:00+00:00,2.287,0.28,11.25
LOC033-U01,2026-01-05T18:00:00+00:00,2.903,0.227,7.34
LOC033-U01,2026-01-05T18:15:00+00:00,0.975,0.342,8.43
LOC033-U01,2026-01-05T18:30:00+00:00,2.819,0.336,8.27
LOC033-U01,2026-01-05T18:45:00+00:00,2.67,0.358,8.86
LOC033-U01,2026-01-05T19:00:00+00:00,2.508,0.367,9.51
LOC033-U01,2026-01-05T19:15:00+00:00,1.818,0.284,9.93
LOC033-U01,2026-01-05T19:30:00+00:00,1.674,0.355,8.98
LOC033-U01,2026-01-05T19:45:00+00:00,1.439,0.241,9.58
LOC033-U01,2026-01-05T20:00:00+00:00,2.325,0.259,7.87
LOC033-U01,2026-01-05T20:15:00+00:00,2.644,0.351,7.92
LOC033-U01,2026-01-05T20:30:00+00:00,2.747,0.292,8.66
LOC033-U01,2026-01-05T20:45:00+00:00,2.068,0.238,11.08
LOC033-U01,2026-01-05T21:00:00+00:00,2.605,0.324,9.62
LOC033-U01,2026-01-05T21:15:00+00:00,2.751,0.249,8.23
LOC033-U01,2026-01-05T21:30:00+00:00,1.938,0.354,9.44
LOC033-U01,2026-01-05T21:45:00+00:00,1.757,0.322,11.35
LOC033-U01,2026-01-05T22:00:00+00:00,2.256,0.225,7.01
LOC033-U01,2026-01-05T22:15:00+00:00,2.52,0.317,7.12
LOC033-U01,2026-01-05T22:30:00+00:00,2.229,0.376,11.34
LOC033-U01,2026-01-05T22:45:00+00:00,1.596,0.359,8.6
LOC033-U01,2026-01-05T23:00:00+00:00,2.007,0.307,11.33
LOC033-U01,2026-01-05T23:15:00+00:00,2.346,0.279,9.37
LOC033-U01,2026-01-05T23:30:00+00:00,1.781,0.361,6.97
LOC033-U01,2026-01-05T23:45:00+00:00,2.069,0.264,11.28
LOC033-U01,2026-01-06T00:00:00+00:00,2.34,0.36,9.86
LOC033-U01,2026-01-06T00:15:00+00:00,2.155,0.272,9.71
LOC033-U01,2026-01-06T00:30:00+00:00,1.777,0.245,6.72
LOC033-U01,2026-01-06T00:45:00+00:00,1.74,0.265,6.7
LOC033-U01,2026-01-06T01:00:00+00:00,1.921,0.371,7.58
LOC033-U01,2026-01-06T01:15:00+00:00,1.11,0.267,7.47
LOC033-U01,2026-01-06T01:30:00+00:00,2.128,0.374,8.12
LOC033-U01,2026-01-06T01:45:00+00:00,1.908,0.365,7.34
LOC033-U01,2026-01-06T02:00:00+00:00,2.024,0.318,10.07
LOC033-U01,2026-01-06T02:15:00+00:00,2.011,0.261,7.44
LOC033-U01,2026-01-06T02:30:00+00:00,1.651,0.338,7.59
LOC033-U01,2026-01-06T02:45:00+00:00,2.481,0.302,11.04
LOC033-U01,2026-01-06T03:00:00+00:00,2.278,0.299,11.1
LOC033-U01,2026-01-06T03:15:00+00:00,1.944,0.296,9.92
LOC033-U01,2026-01-06T03:30:00+00:00,2.711,0.278,9.81
LOC033-U01,2026-01-06T03:45:00+00:00,2.586,0.314,7.93
LOC038-U02,2026-01-05T10:00:00+00:00,2.126,0.333,9.37
LOC038-U02,2026-01-05T10:15:00+00:00,2.459,0.224,7.81
LOC038-U02,2026-01-05T10:30:00+00:00,2.6,0.233,7.1
LOC038-U02,2026-01-05T10:45:00+00:00,2.463,0.239,11.14
LOC038-U02,2026-01-05T11:00:00+00:00,2.961,0.244,9.02
LOC038-U02,2026-01-05T11:15:00+00:00,2.489,0.324,8.59
LOC038-U02,2026-01-05T11:30:00+00:00,2.758,0.364,10.27
LOC038-U02,2026-01-05T11:45:00+00:00,2.49,0.281,11.51
LOC038-U02,2026-01-05T12:00:00+00:00,1.941,0.283,7.4
LOC038-U02,2026-01-05T12:15:00+00:00,3.0,0.23,7.05
LOC038-U02,2026-01-05T12:30:00+00:00,1.769,0.348,7.84
LOC038-U02,2026-01-05T12:45:00+00:00,1.756,0.283,10.34
LOC038-U02,2026-01-05T13:00:00+00:00,2.711,0.361,10.13
LOC038-U02,2026-01-05T13:15:00+00:00,1.363,0.313,8.12
LOC038-U02,2026-01-05T13:30:00+00:00,1.573,0.357,9.9
LOC038-U02,2026-01-05T13:45:00+00:00,1.655,0.273,7.09
LOC038-U02,2026-01-05T14:00:00+00:00,2.518,0.377,10.8
LOC038-U02,2026-01-05T14:15:00+00:00,1.574,0.277,9.08
LOC038-U02,2026-01-05T14:30:00+00:00,2.328,0.369,7.41
LOC038-U02,2026-01-05T14:45:00+00:00,1.4,0.366,8.68
LOC038-U02,2026-01-05T15:00:00+00:00,1.962,0.303,10.98
LOC038-U02,2026-01-05T15:15:00+00:00,0.982,0.275,6.92
LOC038-U02,2026-01-05T15:30:00+00:00,2.517,0.363,6.93
LOC038-U02,2026-01-05T15:45:00+00:00,2.218,0.225,7.97
LOC038-U02,2026-01-05T16:00:00+00:00,2.225,0.305,10.56
LOC038-U02,2026-01-05T16:15:00+00:00,2.308,0.369,9.77
LOC038-U02,2026-01-05T16:30:00+00:00,1.648,0.324,6.66
LOC038-U02,2026-01-05T16:45:00+00:00,1.224,0.378,10.35
LOC038-U02,2026-01-05T17:00:00+00:00,2.343,0.276,11.34
LOC038-U02,2026-01-05T17:15:00+00:00,1.892,0.336,8.18
LOC038-U02,2026-01-05T17:30:00+00:00,1.73,0.295,11.1
LOC038-U02,2026-01-05T17:45:00+00:00,2.097,0.224,7.45
LOC038-U02,2026-01-05T18:00:00+00:00,2.554,0.254,10.8
LOC038-U02,2026-01-05T18:15:00+00:00,2.673,0.228,8.6
LOC038-U02,2026-01-05T18:30:00+00:00,2.184,0.351,7.3
LOC038-U02,2026-01-05T18:45:00+00:00,2.575,0.305,7.4
LOC038-U02,2026-01-05T19:00:00+00:00,2.058,0.309,9.66
LOC038-U02,2026-01-05T19:15:00+00:00,2.149,0.243,8.39
LOC038-U02,2026-01-05T19:30:00+00:00,1.936,0.236,9.86
LOC038-U02,2026-01-05T19:45:00+00:00,2.048,0.349,10.51
LOC038-U02,2026-01-05T20:00:00+00:00,1.969,0.281,7.93
LOC038-U02,2026-01-05T20:15:00+00:00,2.709,0.348,11.92
LOC038-U02,2026-01-05T20:30:00+00:00,3.058,0.294,11.59
LOC038-U02,2026-01-05T20:45:00+00:00,2.835,0.296,11.51
LOC038-U02,2026-01-05T21:00:00+00:00,2.33,0.356,10.14
LOC038-U02,2026-01-05T21:15:00+00:00,2.157,0.278,8.77
LOC038-U02,2026-01-05T21:30:00+00:00,1.916,0.298,8.44
LOC038-U02,2026-01-05T21:45:00+00:00,1.765,0.335,11.29
LOC038-U02,2026-01-05T22:00:00+00:00,2.262,0.224,9.56
LOC038-U02,2026-01-05T22:15:00+00:00,2.246,0.371,10.04
LOC038-U02,2026-01-05T22:30:00+00:00,1.537,0.346,7.54
LOC038-U02,2026-01-05T22:45:00+00:00,1.406,0.315,8.51
LOC038-U02,2026-01-05T23:00:00+00:00,0.666,0.357,9.28
LOC038-U02,2026-01-05T23:15:00+00:00,2.271,0.27,11.53
LOC038-U02,2026-01-05T23:30:00+00:00,2.117,0.237,11.47
LOC038-U02,2026-01-05T23:45:00+00:00,2.255,0.225,7.65
LOC038-U02,2026-01-06T00:00:00+00:00,1.794,0.269,7.38
LOC038-U02,2026-01-06T00:15:00+00:00,2.853,0.345,8.46
LOC038-U02,2026-01-06T00:30:00+00:00,2.594,0.226,9.75
LOC038-U02,2026-01-06T00:45:00+00:00,1.419,0.27,8.21
LOC038-U02,2026-01-06T01:00:00+00:00,2.812,0.342,7.4
LOC038-U02,2026-01-06T01:15:00+00:00,1.526,0.244,7.93
LOC038-U02,2026-01-06T01:30:00+00:00,2.114,0.24,7.88
LOC038-U02,2026-01-06T01:45:00+00:00,2.725,0.379,9.43
LOC038-U02,2026-01-06T02:00:00+00:00,2.467,0.257,11.45
LOC038-U02,2026-01-06T02:15:00+00:00,3.399,0.305,7.06
LOC038-U02,2026-01-06T02:30:00+00:00,2.22,0.337,8.98
LOC038-U02,2026-01-06T02:45:00+00:00,2.516,0.262,9.47
LOC038-U02,2026-01-06T03:00:00+00:00,2.249,0.294,7.09
LOC038-U02,2026-01-06T03:15:00+00:00,1.274,0.22,8.92
LOC038-U02,2026-01-06T03:30:00+00:00,2.884,0.293,10.58
LOC038-U02,2026-01-06T03:45:00+00:00,2.764,0.277,8.16
LOC027-U02,2026-01-05T10:00:00+00:00,2.835,0.22,10.14
LOC027-U02,2026-01-05T10:15:00+00:00,2.418,0.296,10.39
LOC027-U02,2026-01-05T10:30:00+00:00,2.054,0.328,7.15
LOC027-U02,2026-01-05T10:45:00+00:00,2.241,0.233,7.6
LOC027-U02,2026-01-05T11:00:00+00:00,2.159,0.355,7.07
LOC027-U02,2026-01-05T11:15:00+00:00,2.475,0.232,7.57
LOC027-U02,2026-01-05T11:30:00+00:00,2.47,0.315,10.38
LOC027-U02,2026-01-05T11:45:00+00:00,2.91,0.286,11.6
LOC027-U02,2026-01-05T12:00:00+00:00,1.907,0.349,9.14
LOC027-U02,2026-01-05T12:15:00+00:00,2.495,0.355,10.4
LOC027-U02,2026-01-05T12:30:00+00:00,2.484,0.302,9.01
LOC027-U02,2026-01-05T12:45:00+00:00,2.62,0.351,11.31
LOC027-U02,2026-01-05T13:00:00+00:00,2.681,0.244,8.26
LOC027-U02,2026-01-05T13:15:00+00:00,1.698,0.24,7.16
LOC027-U02,2026-01-05T13:30:00+00:00,2.319,0.316,7.91
LOC027-U02,2026-01-05T13:45:00+00:00,2.515,0.303,9.15
LOC027-U02,2026-01-05T14:00:00+00:00,2.239,0.362,8.3
LOC027-U02,2026-01-05T14:15:00+00:00,2.064,0.239,7.51
LOC027-U02,2026-01-05T14:30:00+00:00,2.056,0.373,8.27
LOC027-U02,2026-01-05T14:45:00+00:00,1.966,0.315,6.68
LOC027-U02,2026-01-05T15:00:00+00:00,1.032,0.248,11.01
LOC027-U02,2026-01-05T15:15:00+00:00,2.657,0.303,9.71
LOC027-U02,2026-01-05T15:30:00+00:00,2.133,0.226,8.55
LOC027-U02,2026-01-05T15:45:00+00:00,2.333,0.276,10.16
LOC027-U02,2026-01-05T16:00:00+00:00,2.242,0.266,9.6
LOC027-U02,2026-01-05T16:15:00+00:00,2.258,0.264,9.46
LOC027-U02,2026-01-05T16:30:00+00:00,2.071,0.234,9.06
LOC027-U02,2026-01-05T16:45:00+00:00,2.069,0.252,10.51
LOC027-U02,2026-01-05T17:00:00+00:00,2.607,0.319,10.08
LOC027-U02,2026-01-05T17:15:00+00:00,2.589,0.268,8.1
LOC027-U02,2026-01-05T17:30:00+00:00,2.612,0.246,6.93
LOC027-U02,2026-01-05T17:45:00+00:00,1.562,0.368,8.02
LOC027-U02,2026-01-05T18:00:00+00:00,1.971,0.252,7.0
LOC027-U02,2026-01-05T18:15:00+00:00,1.354,0.349,6.67
LOC027-U02,2026-01-05T18:30:00+00:00,2.521,0.231,11.08
LOC027-U02,2026-01-05T18:45:00+00:00,2.44,0.36,10.52
LOC027-U02,2026-01-05T19:00:00+00:00,2.007,0.307,9.81
LOC027-U02,2026-01-05T19:15:00+00:00,1.441,0.221,6.61
LOC027-U02,2026-01-05T19:30:00+00:00,2.562,0.32,7.26
LOC027-U02,2026-01-05T19:45:00+00:00,1.502,0.314,9.8
LOC027-U02,2026-01-05T20:00:00+00:00,1.866,0.254,9.42
LOC027-U02,2026-01-05T20:15:00+00:00,2.064,0.34,10.55
LOC027-U02,2026-01-05T20:30:00+00:00,2.761,0.355,10.45
LOC027-U02,2026-01-05T20:45:00+00:00,2.377,0.247,8.89
LOC027-U02,2026-01-05T21:00:00+00:00,1.898,0.379,7.75
LOC027-U02,2026-01-05T21:15:00+00:00,2.482,0.372,9.55
LOC027-U02,2026-01-05T21:30:00+00:00,1.785,0.318,10.98
LOC027-U02,2026-01-05T21:45:00+00:00,1.521,0.363,8.36
LOC027-U02,2026-01-05T22:00:00+00:00,2.066,0.349,10.68
LOC027-U02,2026-01-05T22:15:00+00:00,3.109,0.363,9.92
LOC027-U02,2026-01-05T22:30:00+00:00,2.699,0.342,10.61
LOC027-U02,2026-01-05T22:45:00+00:00,2.272,0.298,10.94
LOC027-U02,2026-01-05T23:00:00+00:00,1.443,0.232,7.76
LOC027-U02,2026-01-05T23:15:00+00:00,2.081,0.364,10.59
LOC027-U02,2026-01-05T23:30:00+00:00,2.043,0.254,10.87
LOC027-U02,2026-01-05T23:45:00+00:00,1.193,0.342,9.16
LOC027-U02,2026-01-06T00:00:00+00:00,1.974,0.291,9.99
LOC027-U02,2026-01-06T00:15:00+00:00,1.007,0.237,6.34
LOC027-U02,2026-01-06T00:30:00+00:00,3.033,0.374,10.72
LOC027-U02,2026-01-06T00:45:00+00:00,1.528,0.327,9.7
LOC027-U02,2026-01-06T01:00:00+00:00,2.095,0.307,9.87
LOC027-U02,2026-01-06T01:15:00+00:00,2.78,0.253,8.63
LOC027-U02,2026-01-06T01:30:00+00:00,2.758,0.299,9.4
LOC027-U02,2026-01-06T01:45:00+00:00,1.804,0.222,7.66
LOC027-U02,2026-01-06T02:00:00+00:00,1.945,0.329,9.4
LOC027-U02,2026-01-06T02:15:00+00:00,1.258,0.26,8.77
LOC027-U02,2026-01-06T02:30:00+00:00,2.14,0.227,9.04
LOC027-U02,2026-01-06T02:45:00+00:00,2.923,0.224,7.1
LOC027-U02,2026-01-06T03:00:00+00:00,1.958,0.251,10.87
LOC027-U02,2026-01-06T03:15:00+00:00,2.086,0.276,10.99
LOC027-U02,2026-01-06T03:30:00+00:00,2.138,0.252,7.93
LOC027-U02,2026-01-06T03:45:00+00:00,1.448,0.308,10.51
LOC003-U02,2026-01-05T10:00:00+00:00,2.578,0.356,7.4
LOC003-U02,2026-01-05T10:15:00+00:00,1.383,0.31,8.99
LOC003-U02,2026-01-05T10:30:00+00:00,2.04,0.341,8.35
LOC003-U02,2026-01-05T10:45:00+00:00,1.789,0.235,8.53
LOC003-U02,2026-01-05T11:00:00+00:00,2.666,0.257,9.44
LOC003-U02,2026-01-05T11:15:00+00:00,2.992,0.229,11.54
LOC003-U02,2026-01-05T11:30:00+00:00,2.212,0.296,11.17
LOC003-U02,2026-01-05T11:45:00+00:00,2.034,0.237,9.11
LOC003-U02,2026-01-05T12:00:00+00:00,1.177,0.251,9.95
LOC003-U02,2026-01-05T12:15:00+00:00,2.591,0.3,11.03
LOC003-U02,2026-01-05T12:30:00+00:00,2.006,0.221,10.85
LOC003-U02,2026-01-05T12:45:00+00:00,2.637,0.346,10.08
LOC003-U02,2026-01-05T13:00:00+00:00,2.199,0.371,9.29
LOC003-U02,2026-01-05T13:15:00+00:00,1.923,0.266,11.12
LOC003-U02,2026-01-05T13:30:00+00:00,2.516,0.305,7.91
LOC003-U02,2026-01-05T13:45:00+00:00,2.396,0.358,11.34
LOC003-U02,2026-01-05T14:00:00+00:00,2.706,0.372,9.05
LOC003-U02,2026-01-05T14:15:00+00:00,2.7,0.244,8.75
LOC003-U02,2026-01-05T14:30:00+00:00,2.132,0.369,11.46
LOC003-U02,2026-01-05T14:45:00+00:00,2.133,0.256,9.49
LOC003-U02,2026-01-05T15:00:00+00:00,1.346,0.297,8.42
LOC003-U02,2026-01-05T15:15:00+00:00,2.331,0.355,7.51
LOC003-U02,2026-01-05T15:30:00+00:00,2.164,0.291,11.14
LOC003-U02,2026-01-05T15:45:00+00:00,2.41,0.261,9.89
LOC003-U02,2026-01-05T16:00:00+00:00,2.006,0.278,8.46
LOC003-U02,2026-01-05T16:15:00+00:00,2.328,0.326,8.32
LOC003-U02,2026-01-05T16:30:00+00:00,2.234,0.238,7.86
LOC003-U02,2026-01-05T16:45:00+00:00,2.494,0.35,11.35
LOC003-U02,2026-01-05T17:00:00+00:00,1.791,0.234,9.27
LOC003-U02,2026-01-05T17:15:00+00:00,2.407,0.264,8.82
LOC003-U02,2026-01-05T17:30:00+00:00,1.444,0.222,8.28
LOC003-U02,2026-01-05T17:45:00+00:00,1.85,0.227,8.4
LOC003-U02,2026-01-05T18:00:00+00:00,2.617,0.267,9.86
LOC003-U02,2026-01-05T18:15:00+00:00,0.998,0.323,8.09
LOC003-U02,2026-01-05T18:30:00+00:00,1.467,0.265,7.17
LOC003-U02,2026-01-05T18:45:00+00:00,2.005,0.259,11.44
LOC003-U02,2026-01-05T19:00:00+00:00,2.53,0.232,8.26
LOC003-U02,2026-01-05T19:15:00+00:00,2.805,0.238,9.48
LOC003-U02,2026-01-05T19:30:00+00:00,1.364,0.263,11.07
LOC003-U02,2026-01-05T19:45:00+00:00,1.713,0.318,11.32
LOC003-U02,2026-01-05T20:00:00+00:00,0.975,0.224,9.59
LOC003-U02,2026-01-05T20:15:00+00:00,2.287,0.292,8.13
LOC003-U02,2026-01-05T20:30:00+00:00,2.105,0.351,8.2
LOC003-U02,2026-01-05T20:45:00+00:00,2.183,0.364,10.38
LOC003-U02,2026-01-05T21:00:00+00:00,1.719,0.222,10.87
LOC003-U02,2026-01-05T21:15:00+00:00,2.073,0.229,8.33
LOC003-U02,2026-01-05T21:30:00+00:00,2.81,0.368,8.24
LOC003-U02,2026-01-05T21:45:00+00:00,2.024,0.239,6.84
LOC003-U02,2026-01-05T22:00:00+00:00,2.764,0.227,7.09
LOC003-U02,2026-01-05T22:15:00+00:00,2.246,0.267,10.01
LOC003-U02,2026-01-05T22:30:00+00:00,2.416,0.328,7.16
LOC003-U02,2026-01-05T22:45:00+00:00,3.034,0.25,8.91
LOC003-U02,2026-01-05T23:00:00+00:00,2.017,0.365,11.09
LOC003-U02,2026-01-05T23:15:00+00:00,2.316,0.369,7.9
LOC003-U02,2026-01-05T23:30:00+00:00,2.087,0.256,9.78
LOC003-U02,2026-01-05T23:45:00+00:00,2.223,0.266,11.13
LOC003-U02,2026-01-06T00:00:00+00:00,1.606,0.352,7.54
LOC003-U02,2026-01-06T00:15:00+00:00,0.82,0.319,9.51
LOC003-U02,2026-01-06T00:30:00+00:00,1.351,0.32,10.88
LOC003-U02,2026-01-06T00:45:00+00:00,1.108,0.246,8.79
LOC003-U02,2026-01-06T01:00:00+00:00,2.085,0.359,10.22
LOC003-U02,2026-01-06T01:15:00+00:00,2.138,0.344,7.62
LOC003-U02,2026-01-06T01:30:00+00:00,2.423,0.228,9.63
LOC003-U02,2026-01-06T01:45:00+00:00,2.217,0.24,10.3
LOC003-U02,2026-01-06T02:00:00+00:00,2.409,0.272,11.61
LOC003-U02,2026-01-06T02:15:00+00:00,2.024,0.226,9.1
LOC003-U02,2026-01-06T02:30:00+00:00,2.34,0.251,10.1
LOC003-U02,2026-01-06T02:45:00+00:00,2.97,0.226,11.19
LOC003-U02,2026-01-06T03:00:00+00:00,1.702,0.326,10.08
LOC003-U02,2026-01-06T03:15:00+00:00,2.261,0.28,6.95
LOC003-U02,2026-01-06T03:30:00+00:00,1.182,0.249,7.23
LOC003-U02,2026-01-06T03:45:00+00:00,1.958,0.221,10.19
LOC036-U01,2026-01-05T10:00:00+00:00,2.618,0.253,7.42
LOC036-U01,2026-01-05T10:15:00+00:00,1.301,0.228,10.33
LOC036-U01,2026-01-05T10:30:00+00:00,1.657,0.253,6.77
LOC036-U01,2026-01-05T10:45:00+00:00,2.005,0.34,9.28
LOC036-U01,2026-01-05T11:00:00+00:00,1.774,0.364,9.91
LOC036-U01,2026-01-05T11:15:00+00:00,1.858,0.248,10.78
LOC036-U01,2026-01-05T11:30:00+00:00,2.382,0.373,11.12
LOC036-U01,2026-01-05T11:45:00+00:00,2.056,0.289,11.17
LOC036-U01,2026-01-05T12:00:00+00:00,2.372,0.332,7.22
LOC036-U01,2026-01-05T12:15:00+00:00,2.461,0.305,8.86
LOC036-U01,2026-01-05T12:30:00+00:00,1.764,0.234,6.73
LOC036-U01,2026-01-05T12:45:00+00:00,1.673,0.253,8.43
LOC036-U01,2026-01-05T13:00:00+00:00,2.486,0.281,9.04
LOC036-U01,2026-01-05T13:15:00+00:00,2.39,0.247,10.88
LOC036-U01,2026-01-05T13:30:00+00:00,2.593,0.322,9.61
LOC036-U01,2026-01-05T13:45:00+00:00,2.056,0.359,7.72
LOC036-U01,2026-01-05T14:00:00+00:00,2.457,0.32,6.99
LOC036-U01,2026-01-05T14:15:00+00:00,2.273,0.293,6.78
LOC036-U01,2026-01-05T14:30:00+00:00,2.729,0.34,10.31
LOC036-U01,2026-01-05T14:45:00+00:00,1.967,0.36,7.0
LOC036-U01,2026-01-05T15:00:00+00:00,2.891,0.274,6.98
LOC036-U01,2026-01-05T15:15:00+00:00,2.091,0.242,6.84
LOC036-U01,2026-01-05T15:30:00+00:00,2.052,0.35,8.48
LOC036-U01,2026-01-05T15:45:00+00:00,2.45,0.344,8.95
LOC036-U01,2026-01-05T16:00:00+00:00,2.61,0.232,8.95
LOC036-U01,2026-01-05T16:15:00+00:00,3.17,0.287,10.92
LOC036-U01,2026-01-05T16:30:00+00:00,1.962,0.235,7.34
LOC036-U01,2026-01-05T16:45:00+00:00,1.179,0.296,8.89
LOC036-U01,2026-01-05T17:00:00+00:00,2.069,0.271,9.59
LOC036-U01,2026-01-05T17:15:00+00:00,1.157,0.225,11.23
LOC036-U01,2026-01-05T17:30:00+00:00,2.158,0.233,7.53
LOC036-U01,2026-01-05T17:45:00+00:00,1.639,0.319,6.94
LOC036-U01,2026-01-05T18:00:00+00:00,1.877,0.306,11.26
LOC036-U01,2026-01-05T18:15:00+00:00,0.802,0.304,10.36
LOC036-U01,2026-01-05T18:30:00+00:00,2.061,0.275,9.06
LOC036-U01,2026-01-05T18:45:00+00:00,2.61,0.273,8.55
LOC036-U01,2026-01-05T19:00:00+00:00,2.051,0.28,8.48
LOC036-U01,2026-01-05T19:15:00+00:00,1.975,0.345,11.64
LOC036-U01,2026-01-05T19:30:00+00:00,2.435,0.361,9.5
LOC036-U01,2026-01-05T19:45:00+00:00,2.504,0.241,10.83
LOC036-U01,2026-01-05T20:00:00+00:00,2.09,0.321,9.6
LOC036-U01,2026-01-05T20:15:00+00:00,2.344,0.341,7.62
LOC036-U01,2026-01-05T20:30:00+00:00,1.933,0.37,10.01
LOC036-U01,2026-01-05T20:45:00+00:00,2.319,0.293,9.2
LOC036-U01,2026-01-05T21:00:00+00:00,2.052,0.24,10.37
LOC036-U01,2026-01-05T21:15:00+00:00,2.121,0.334,9.06
LOC036-U01,2026-01-05T21:30:00+00:00,1.139,0.319,9.74
LOC036-U01,2026-01-05T21:45:00+00:00,2.425,0.307,10.31
LOC036-U01,2026-01-05T22:00:00+00:00,1.619,0.334,6.6
LOC036-U01,2026-01-05T22:15:00+00:00,3.081,0.318,7.22
LOC036-U01,2026-01-05T22:30:00+00:00,2.419,0.334,11.39
LOC036-U01,2026-01-05T22:45:00+00:00,2.389,0.235,10.83
LOC036-U01,2026-01-05T23:00:00+00:00,2.292,0.288,7.69
LOC036-U01,2026-01-05T23:15:00+00:00,2.182,0.316,11.18
LOC036-U01,2026-01-05T23:30:00+00:00,1.679,0.314,7.24
LOC036-U01,2026-01-05T23:45:00+00:00,1.928,0.262,8.32
LOC036-U01,2026-01-06T00:00:00+00:00,2.381,0.341,6.98
LOC036-U01,2026-01-06T00:15:00+00:00,2.356,0.353,9.54
LOC036-U01,2026-01-06T00:30:00+00:00,2.833,0.376,9.42
LOC036-U01,2026-01-06T00:45:00+00:00,1.729,0.322,11.49
LOC036-U01,2026-01-06T01:00:00+00:00,2.856,0.345,7.41
LOC036-U01,2026-01-06T01:15:00+00:00,2.445,0.222,7.76
LOC036-U01,2026-01-06T01:30:00+00:00,2.521,0.345,11.08
LOC036-U01,2026-01-06T01:45:00+00:00,2.674,0.269,9.0
LOC036-U01,2026-01-06T02:00:00+00:00,2.348,0.299,7.49
LOC036-U01,2026-01-06T02:15:00+00:00,2.442,0.335,6.96
LOC036-U01,2026-01-06T02:30:00+00:00,2.009,0.272,9.45
LOC036-U01,2026-01-06T02:45:00+00:00,2.902,0.369,8.67
LOC036-U01,2026-01-06T03:00:00+00:00,2.51,0.286,8.66
LOC036-U01,2026-01-06T03:15:00+00:00,2.164,0.357,10.32
LOC036-U01,2026-01-06T03:30:00+00:00,1.109,0.296,8.17
LOC036-U01,2026-01-06T03:45:00+00:00,2.028,0.234,9.78
LOC035-U01,2026-01-05T10:00:00+00:00,2.513,0.29,8.63
LOC035-U01,2026-01-05T10:15:00+00:00,2.139,0.227,6.53
LOC035-U01,2026-01-05T10:30:00+00:00,2.199,0.24,8.07
LOC035-U01,2026-01-05T10:45:00+00:00,2.36,0.249,8.37
LOC035-U01,2026-01-05T11:00:00+00:00,2.091,0.358,11.06
LOC035-U01,2026-01-05T11:15:00+00:00,2.032,0.291,8.63
LOC035-U01,2026-01-05T11:30:00+00:00,1.955,0.331,8.23
LOC035-U01,2026-01-05T11:45:00+00:00,2.587,0.378,7.32
LOC035-U01,2026-01-05T12:00:00+00:00,1.077,0.241,8.35
LOC035-U01,2026-01-05T12:15:00+00:00,2.155,0.309,11.16
LOC035-U01,2026-01-05T12:30:00+00:00,1.81,0.252,6.83
LOC035-U01,2026-01-05T12:45:00+00:00,1.519,0.318,7.98
LOC035-U01,2026-01-05T13:00:00+00:00,1.979,0.253,9.52
LOC035-U01,2026-01-05T13:15:00+00:00,2.149,0.226,11.29
LOC035-U01,2026-01-05T13:30:00+00:00,1.145,0.36,7.69
LOC035-U01,2026-01-05T13:45:00+00:00,1.896,0.349,8.58
LOC035-U01,2026-01-05T14:00:00+00:00,1.432,0.35,9.59
LOC035-U01,2026-01-05T14:15:00+00:00,2.939,0.379,11.48
LOC035-U01,2026-01-05T14:30:00+00:00,2.163,0.283,11.15
LOC035-U01,2026-01-05T14:45:00+00:00,2.003,0.267,7.72
LOC035-U01,2026-01-05T15:00:00+00:00,2.081,0.364,7.77
LOC035-U01,2026-01-05T15:15:00+00:00,2.185,0.224,6.64
LOC035-U01,2026-01-05T15:30:00+00:00,3.015,0.335,11.85
LOC035-U01,2026-01-05T15:45:00+00:00,1.108,0.367,8.61
LOC035-U01,2026-01-05T16:00:00+00:00,1.986,0.365,9.27
LOC035-U01,2026-01-05T16:15:00+00:00,1.708,0.336,9.03
LOC035-U01,2026-01-05T16:30:00+00:00,2.185,0.345,6.83
LOC035-U01,2026-01-05T16:45:00+00:00,2.812,0.271,8.5
LOC035-U01,2026-01-05T17:00:00+00:00,2.077,0.28,9.08
LOC035-U01,2026-01-05T17:15:00+00:00,2.058,0.248,10.68
LOC035-U01,2026-01-05T17:30:00+00:00,1.434,0.352,6.86
LOC035-U01,2026-01-05T17:45:00+00:00,2.021,0.338,7.21
LOC035-U01,2026-01-05T18:00:00+00:00,1.822,0.22,7.18
LOC035-U01,2026-01-05T18:15:00+00:00,2.09,0.311,11.22
LOC035-U01,2026-01-05T18:30:00+00:00,2.338,0.245,9.51
LOC035-U01,2026-01-05T18:45:00+00:00,2.387,0.234,9.73
LOC035-U01,2026-01-05T19:00:00+00:00,2.846,0.281,11.07
LOC035-U01,2026-01-05T19:15:00+00:00,1.791,0.271,9.93
LOC035-U01,2026-01-05T19:30:00+00:00,2.513,0.272,8.49
LOC035-U01,2026-01-05T19:45:00+00:00,1.949,0.231,7.96
LOC035-U01,2026-01-05T20:00:00+00:00,1.804,0.348,9.05
LOC035-U01,2026-01-05T20:15:00+00:00,1.395,0.29,8.77
LOC035-U01,2026-01-05T20:30:00+00:00,2.717,0.251,7.89
LOC035-U01,2026-01-05T20:45:00+00:00,2.865,0.302,10.14
LOC035-U01,2026-01-05T21:00:00+00:00,1.666,0.246,11.12
LOC035-U01,2026-01-05T21:15:00+00:00,2.142,0.23,6.71
LOC035-U01,2026-01-05T21:30:00+00:00,2.566,0.281,9.49
LOC035-U01,2026-01-05T21:45:00+00:00,1.518,0.322,10.17
LOC035-U01,2026-01-05T22:00:00+00:00,2.029,0.376,11.54
LOC035-U01,2026-01-05T22:15:00+00:00,1.377,0.313,11.3
LOC035-U01,2026-01-05T22:30:00+00:00,2.682,0.233,10.99
LOC035-U01,2026-01-05T22:45:00+00:00,1.887,0.286,6.57
LOC035-U01,2026-01-05T23:00:00+00:00,1.4,0.315,8.4
LOC035-U01,2026-01-05T23:15:00+00:00,1.526,0.36,10.97
LOC035-U01,2026-01-05T23:30:00+00:00,1.762,0.334,10.58
LOC035-U01,2026-01-05T23:45:00+00:00,1.507,0.247,9.96
LOC035-U01,2026-01-06T00:00:00+00:00,1.645,0.227,9.57
LOC035-U01,2026-01-06T00:15:00+00:00,2.606,0.25,6.85
LOC035-U01,2026-01-06T00:30:00+00:00,1.732,0.23,8.39
LOC035-U01,2026-01-06T00:45:00+00:00,1.776,0.283,10.22
LOC035-U01,2026-01-06T01:00:00+00:00,2.423,0.323,9.02
LOC035-U01,2026-01-06T01:15:00+00:00,2.552,0.311,11.08
LOC035-U01,2026-01-06T01:30:00+00:00,2.186,0.334,11.52
LOC035-U01,2026-01-06T01:45:00+00:00,2.422,0.262,10.4
LOC035-U01,2026-01-06T02:00:00+00:00,2.487,0.35,9.11
LOC035-U01,2026-01-06T02:15:00+00:00,1.952,0.348,7.79
LOC035-U01,2026-01-06T02:30:00+00:00,2.572,0.268,7.2
LOC035-U01,2026-01-06T02:45:00+00:00,1.671,0.311,11.1
LOC035-U01,2026-01-06T03:00:00+00:00,2.83,0.376,9.24
LOC035-U01,2026-01-06T03:15:00+00:00,1.739,0.311,9.07
LOC035-U01,2026-01-06T03:30:00+00:00,2.717,0.296,8.56
LOC035-U01,2026-01-06T03:45:00+00:00,2.345,0.264,7.31
LOC001-U01,2026-01-05T10:00:00+00:00,1.794,0.367,11.46
LOC001-U01,2026-01-05T10:15:00+00:00,2.078,0.32,9.3
LOC001-U01,2026-01-05T10:30:00+00:00,1.925,0.349,10.81
LOC001-U01,2026-01-05T10:45:00+00:00,2.007,0.29,6.84
LOC001-U01,2026-01-05T11:00:00+00:00,1.792,0.337,8.52
LOC001-U01,2026-01-05T11:15:00+00:00,2.614,0.37,11.34
LOC001-U01,2026-01-05T11:30:00+00:00,2.356,0.303,8.48
LOC001-U01,2026-01-05T11:45:00+00:00,2.511,0.372,11.56
LOC001-U01,2026-01-05T12:00:00+00:00,2.256,0.338,9.9
LOC001-U01,2026-01-05T12:15:00+00:00,1.684,0.3,7.85
LOC001-U01,2026-01-05T12:30:00+00:00,2.497,0.287,7.23
LOC001-U01,2026-01-05T12:45:00+00:00,1.297,0.302,6.66
LOC001-U01,2026-01-05T13:00:00+00:00,2.387,0.232,9.14
LOC001-U01,2026-01-05T13:15:00+00:00,2.261,0.373,11.36
LOC001-U01,2026-01-05T13:30:00+00:00,1.712,0.262,7.75
LOC001-U01,2026-01-05T13:45:00+00:00,2.51,0.338,9.96
LOC001-U01,2026-01-05T14:00:00+00:00,1.884,0.258,10.87
LOC001-U01,2026-01-05T14:15:00+00:00,3.033,0.326,8.37
LOC001-U01,2026-01-05T14:30:00+00:00,2.753,0.23,7.12
LOC001-U01,2026-01-05T14:45:00+00:00,1.638,0.337,11.16
LOC001-U01,2026-01-05T15:00:00+00:00,2.495,0.264,7.15
LOC001-U01,2026-01-05T15:15:00+00:00,2.369,0.231,8.31
LOC001-U01,2026-01-05T15:30:00+00:00,1.453,0.31,7.21
LOC001-U01,2026-01-05T15:45:00+00:00,2.03,0.26,9.11
LOC001-U01,2026-01-05T16:00:00+00:00,2.291,0.237,10.84
LOC001-U01,2026-01-05T16:15:00+00:00,2.006,0.376,11.64
LOC001-U01,2026-01-05T16:30:00+00:00,0.963,0.348,8.85
LOC001-U01,2026-01-05T16:45:00+00:00,2.741,0.221,8.4
LOC001-U01,2026-01-05T17:00:00+00:00,2.077,0.291,6.7
LOC001-U01,2026-01-05T17:15:00+00:00,2.192,0.325,7.78
LOC001-U01,2026-01-05T17:30:00+00:00,1.712,0.292,10.18
LOC001-U01,2026-01-05T17:45:00+00:00,2.816,0.371,7.64
LOC001-U01,2026-01-05T18:00:00+00:00,2.519,0.256,9.63
LOC001-U01,2026-01-05T18:15:00+00:00,2.02,0.237,9.72
LOC001-U01,2026-01-05T18:30:00+00:00,2.881,0.352,10.25
LOC001-U01,2026-01-05T18:45:00+00:00,1.85,0.299,7.56
LOC001-U01,2026-01-05T19:00:00+00:00,2.856,0.246,10.82
LOC001-U01,2026-01-05T19:15:00+00:00,2.148,0.347,10.5
LOC001-U01,2026-01-05T19:30:00+00:00,2.407,0.321,9.67
LOC001-U01,2026-01-05T19:45:00+00:00,2.096,0.361,9.84
LOC001-U01,2026-01-05T20:00:00+00:00,1.96,0.265,9.55
LOC001-U01,2026-01-05T20:15:00+00:00,1.532,0.316,9.91
LOC001-U01,2026-01-05T20:30:00+00:00,1.274,0.336,9.31
LOC001-U01,2026-01-05T20:45:00+00:00,2.171,0.223,9.27
LOC001-U01,2026-01-05T21:00:00+00:00,2.304,0.371,9.79
LOC001-U01,2026-01-05T21:15:00+00:00,2.193,0.284,8.8
LOC001-U01,2026-01-05T21:30:00+00:00,2.808,0.376,11.09
LOC001-U01,2026-01-05T21:45:00+00:00,2.052,0.349,9.87
LOC001-U01,2026-01-05T22:00:00+00:00,1.419,0.327,8.32
LOC001-U01,2026-01-05T22:15:00+00:00,2.008,0.331,7.89
LOC001-U01,2026-01-05T22:30:00+00:00,1.621,0.304,9.84
LOC001-U01,2026-01-05T22:45:00+00:00,1.518,0.255,8.69
LOC001-U01,2026-01-05T23:00:00+00:00,1.216,0.293,7.67
LOC001-U01,2026-01-05T23:15:00+00:00,2.321,0.293,7.29
LOC001-U01,2026-01-05T23:30:00+00:00,2.114,0.221,8.96
LOC001-U01,2026-01-05T23:45:00+00:00,2.475,0.29,7.56
LOC001-U01,2026-01-06T00:00:00+00:00,2.349,0.365,8.62
LOC001-U01,2026-01-06T00:15:00+00:00,1.979,0.334,9.95
LOC001-U01,2026-01-06T00:30:00+00:00,1.969,0.354,7.01
LOC001-U01,2026-01-06T00:45:00+00:00,1.922,0.257,6.67
LOC001-U01,2026-01-06T01:00:00+00:00,1.927,0.249,6.54
LOC001-U01,2026-01-06T01:15:00+00:00,1.436,0.337,10.78
LOC001-U01,2026-01-06T01:30:00+00:00,1.186,0.348,8.27
LOC001-U01,2026-01-06T01:45:00+00:00,2.541,0.234,11.35
LOC001-U01,2026-01-06T02:00:00+00:00,2.77,0.244,10.15
LOC001-U01,2026-01-06T02:15:00+00:00,2.541,0.272,10.97
LOC001-U01,2026-01-06T02:30:00+00:00,2.477,0.368,10.14
LOC001-U01,2026-01-06T02:45:00+00:00,1.755,0.273,10.07
LOC001-U01,2026-01-06T03:00:00+00:00,2.274,0.251,10.9
LOC001-U01,2026-01-06T03:15:00+00:00,1.544,0.348,9.96
LOC001-U01,2026-01-06T03:30:00+00:00,1.578,0.34,7.07
LOC001-U01,2026-01-06T03:45:00+00:00,1.942,0.287,11.49
LOC017-U02,2026-01-05T10:00:00+00:00,1.9,0.302,9.25
LOC017-U02,2026-01-05T10:15:00+00:00,2.406,0.289,11.4
LOC017-U02,2026-01-05T10:30:00+00:00,2.638,0.243,7.51
LOC017-U02,2026-01-05T10:45:00+00:00,2.304,0.347,7.67
LOC017-U02,2026-01-05T11:00:00+00:00,2.012,0.277,6.9
LOC017-U02,2026-01-05T11:15:00+00:00,2.417,0.305,7.7
LOC017-U02,2026-01-05T11:30:00+00:00,1.999,0.327,11.09
LOC017-U02,2026-01-05T11:45:00+00:00,1.105,0.376,8.5
LOC017-U02,2026-01-05T12:00:00+00:00,2.557,0.294,10.28
LOC017-U02,2026-01-05T12:15:00+00:00,1.636,0.353,8.05
LOC017-U02,2026-01-05T12:30:00+00:00,1.608,0.254,10.08
LOC017-U02,2026-01-05T12:45:00+00:00,1.714,0.315,6.84
LOC017-U02,2026-01-05T13:00:00+00:00,2.717,0.26,9.2
LOC017-U02,2026-01-05T13:15:00+00:00,1.901,0.295,10.43
LOC017-U02,2026-01-05T13:30:00+00:00,2.267,0.352,10.74
LOC017-U02,2026-01-05T13:45:00+00:00,1.727,0.38,10.26
LOC017-U02,2026-01-05T14:00:00+00:00,1.801,0.222,9.96
LOC017-U02,2026-01-05T14:15:00+00:00,2.264,0.267,10.11
LOC017-U02,2026-01-05T14:30:00+00:00,1.891,0.367,6.91
LOC017-U02,2026-01-05T14:45:00+00:00,2.393,0.358,8.57
LOC017-U02,2026-01-05T15:00:00+00:00,1.55,0.309,6.53
LOC017-U02,2026-01-05T15:15:00+00:00,1.196,0.247,6.93
LOC017-U02,2026-01-05T15:30:00+00:00,1.566,0.373,10.53
LOC017-U02,2026-01-05T15:45:00+00:00,2.356,0.328,10.95
LOC017-U02,2026-01-05T16:00:00+00:00,1.856,0.349,9.97
LOC017-U02,2026-01-05T16:15:00+00:00,2.048,0.29,6.75
LOC017-U02,2026-01-05T16:30:00+00:00,1.19,0.377,9.07
LOC017-U02,2026-01-05T16:45:00+00:00,2.675,0.232,8.33
LOC017-U02,2026-01-05T17:00:00+00:00,3.099,0.342,8.42
LOC017-U02,2026-01-05T17:15:00+00:00,2.792,0.3,11.37
LOC017-U02,2026-01-05T17:30:00+00:00,2.277,0.234,11.44
LOC017-U02,2026-01-05T17:45:00+00:00,1.735,0.24,7.08
LOC017-U02,2026-01-05T18:00:00+00:00,2.655,0.242,7.09
LOC017-U02,2026-01-05T18:15:00+00:00,1.995,0.243,7.68
LOC017-U02,2026-01-05T18:30:00+00:00,2.203,0.339,10.33
LOC017-U02,2026-01-05T18:45:00+00:00,2.68,0.309,9.36
LOC017-U02,2026-01-05T19:00:00+00:00,2.528,0.36,9.06
LOC017-U02,2026-01-05T19:15:00+00:00,2.096,0.332,8.09
LOC017-U02,2026-01-05T19:30:00+00:00,2.171,0.285,7.92
LOC017-U02,2026-01-05T19:45:00+00:00,2.416,0.332,8.62
LOC017-U02,2026-01-05T20:00:00+00:00,3.434,0.325,7.55
LOC017-U02,2026-01-05T20:15:00+00:00,1.818,0.38,10.23
LOC017-U02,2026-01-05T20:30:00+00:00,2.08,0.289,7.84
LOC017-U02,2026-01-05T20:45:00+00:00,2.652,0.308,10.86
LOC017-U02,2026-01-05T21:00:00+00:00,2.513,0.322,7.61
LOC017-U02,2026-01-05T21:15:00+00:00,1.83,0.24,7.97
LOC017-U02,2026-01-05T21:30:00+00:00,1.901,0.288,10.91
LOC017-U02,2026-01-05T21:45:00+00:00,2.247,0.31,10.64
LOC017-U02,2026-01-05T22:00:00+00:00,2.079,0.305,7.99
LOC017-U02,2026-01-05T22:15:00+00:00,1.92,0.274,9.09
LOC017-U02,2026-01-05T22:30:00+00:00,1.491,0.327,6.5
LOC017-U02,2026-01-05T22:45:00+00:00,1.395,0.364,6.86
LOC017-U02,2026-01-05T23:00:00+00:00,2.352,0.226,8.76
LOC017-U02,2026-01-05T23:15:00+00:00,1.437,0.29,9.35
LOC017-U02,2026-01-05T23:30:00+00:00,2.675,0.233,8.52
LOC017-U02,2026-01-05T23:45:00+00:00,1.529,0.224,9.05
LOC017-U02,2026-01-06T00:00:00+00:00,2.586,0.335,7.06
LOC017-U02,2026-01-06T00:15:00+00:00,2.09,0.296,9.72
LOC017-U02,2026-01-06T00:30:00+00:00,1.589,0.236,10.07
LOC017-U02,2026-01-06T00:45:00+00:00,1.447,0.335,7.72
LOC017-U02,2026-01-06T01:00:00+00:00,0.932,0.365,7.66
LOC017-U02,2026-01-06T01:15:00+00:00,2.548,0.296,11.3
LOC017-U02,2026-01-06T01:30:00+00:00,2.16,0.25,7.67
LOC017-U02,2026-01-06T01:45:00+00:00,1.776,0.3,9.07
LOC017-U02,2026-01-06T02:00:00+00:00,1.735,0.264,7.71
LOC017-U02,2026-01-06T02:15:00+00:00,1.363,0.275,6.72
LOC017-U02,2026-01-06T02:30:00+00:00,1.733,0.222,11.02
LOC017-U02,2026-01-06T02:45:00+00:00,2.076,0.313,7.4
LOC017-U02,2026-01-06T03:00:00+00:00,1.132,0.311,7.39
LOC017-U02,2026-01-06T03:15:00+00:00,0.406,0.275,7.05
LOC017-U02,2026-01-06T03:30:00+00:00,1.619,0.259,8.31
LOC017-U02,2026-01-06T03:45:00+00:00,1.358,0.255,10.82
LOC013-U01,2026-01-05T10:00:00+00:00,2.141,0.325,8.64
LOC013-U01,2026-01-05T10:15:00+00:00,2.534,0.311,7.78
LOC013-U01,2026-01-05T10:30:00+00:00,2.223,0.242,6.96
LOC013-U01,2026-01-05T10:45:00+00:00,3.066,0.35,11.38
LOC013-U01,2026-01-05T11:00:00+00:00,2.347,0.375,8.92
LOC013-U01,2026-01-05T11:15:00+00:00,1.942,0.327,11.19
LOC013-U01,2026-01-05T11:30:00+00:00,2.537,0.36,10.51
LOC013-U01,2026-01-05T11:45:00+00:00,2.665,0.247,10.35
LOC013-U01,2026-01-05T12:00:00+00:00,2.07,0.295,7.22
LOC013-U01,2026-01-05T12:15:00+00:00,2.287,0.293,9.61
LOC013-U01,2026-01-05T12:30:00+00:00,1.992,0.366,7.1
LOC013-U01,2026-01-05T12:45:00+00:00,3.109,0.243,11.51
LOC013-U01,2026-01-05T13:00:00+00:00,1.957,0.336,10.8
LOC013-U01,2026-01-05T13:15:00+00:00,2.185,0.351,10.01
LOC013-U01,2026-01-05T13:30:00+00:00,1.905,0.226,7.41
LOC013-U01,2026-01-05T13:45:00+00:00,2.064,0.28,9.23
LOC013-U01,2026-01-05T14:00:00+00:00,2.127,0.285,8.79
LOC013-U01,2026-01-05T14:15:00+00:00,2.345,0.242,11.04
LOC013-U01,2026-01-05T14:30:00+00:00,2.285,0.347,11.56
LOC013-U01,2026-01-05T14:45:00+00:00,1.974,0.251,7.06
LOC013-U01,2026-01-05T15:00:00+00:00,2.718,0.267,7.32
LOC013-U01,2026-01-05T15:15:00+00:00,2.81,0.234,6.79
LOC013-U01,2026-01-05T15:30:00+00:00,2.223,0.269,6.65
LOC013-U01,2026-01-05T15:45:00+00:00,2.192,0.329,11.06
LOC013-U01,2026-01-05T16:00:00+00:00,2.682,0.225,6.69
LOC013-U01,2026-01-05T16:15:00+00:00,1.671,0.283,10.34
LOC013-U01,2026-01-05T16:30:00+00:00,1.989,0.344,9.65
LOC013-U01,2026-01-05T16:45:00+00:00,1.671,0.377,10.19
LOC013-U01,2026-01-05T17:00:00+00:00,0.743,0.355,8.13
LOC013-U01,2026-01-05T17:15:00+00:00,2.154,0.303,11.22
LOC013-U01,2026-01-05T17:30:00+00:00,2.382,0.344,11.6
LOC013-U01,2026-01-05T17:45:00+00:00,2.288,0.336,9.77
LOC013-U01,2026-01-05T18:00:00+00:00,1.685,0.317,10.22
LOC013-U01,2026-01-05T18:15:00+00:00,1.841,0.256,8.8
LOC013-U01,2026-01-05T18:30:00+00:00,2.72,0.311,10.54
LOC013-U01,2026-01-05T18:45:00+00:00,1.914,0.367,10.62
LOC013-U01,2026-01-05T19:00:00+00:00,1.553,0.222,10.61
LOC013-U01,2026-01-05T19:15:00+00:00,1.746,0.336,8.03
LOC013-U01,2026-01-05T19:30:00+00:00,1.873,0.277,8.77
LOC013-U01,2026-01-05T19:45:00+00:00,1.613,0.263,9.03
LOC013-U01,2026-01-05T20:00:00+00:00,0.733,0.348,10.69
LOC013-U01,2026-01-05T20:15:00+00:00,2.153,0.265,10.67
LOC013-U01,2026-01-05T20:30:00+00:00,2.499,0.278,9.42
LOC013-U01,2026-01-05T20:45:00+00:00,2.453,0.272,9.89
LOC013-U01,2026-01-05T21:00:00+00:00,2.033,0.259,9.29
LOC013-U01,2026-01-05T21:15:00+00:00,2.843,0.358,10.48
LOC013-U01,2026-01-05T21:30:00+00:00,3.167,0.283,8.36
LOC013-U01,2026-01-05T21:45:00+00:00,2.635,0.315,8.96
LOC013-U01,2026-01-05T22:00:00+00:00,1.845,0.27,7.85
LOC013-U01,2026-01-05T22:15:00+00:00,2.916,0.247,10.17
LOC013-U01,2026-01-05T22:30:00+00:00,2.535,0.293,9.04
LOC013-U01,2026-01-05T22:45:00+00:00,2.953,0.221,10.73
LOC013-U01,2026-01-05T23:00:00+00:00,1.122,0.359,11.19
LOC013-U01,2026-01-05T23:15:00+00:00,2.187,0.28,6.97
LOC013-U01,2026-01-05T23:30:00+00:00,1.793,0.318,7.79
LOC013-U01,2026-01-05T23:45:00+00:00,2.746,0.261,10.43
LOC013-U01,2026-01-06T00:00:00+00:00,2.098,0.339,7.76
LOC013-U01,2026-01-06T00:15:00+00:00,1.681,0.236,7.02
LOC013-U01,2026-01-06T00:30:00+00:00,2.503,0.314,8.57
LOC013-U01,2026-01-06T00:45:00+00:00,1.744,0.329,8.37
LOC013-U01,2026-01-06T01:00:00+00:00,2.809,0.273,6.84
LOC013-U01,2026-01-06T01:15:00+00:00,2.491,0.285,7.04
LOC013-U01,2026-01-06T01:30:00+00:00,2.28,0.278,10.84
LOC013-U01,2026-01-06T01:45:00+00:00,1.443,0.335,11.16
LOC013-U01,2026-01-06T02:00:00+00:00,1.847,0.302,11.21
LOC013-U01,2026-01-06T02:15:00+00:00,2.407,0.255,10.88
LOC013-U01,2026-01-06T02:30:00+00:00,2.212,0.222,8.0
LOC013-U01,2026-01-06T02:45:00+00:00,2.23,0.308,10.83
LOC013-U01,2026-01-06T03:00:00+00:00,2.017,0.329,8.23
LOC013-U01,2026-01-06T03:15:00+00:00,1.642,0.282,10.16
LOC013-U01,2026-01-06T03:30:00+00:00,1.805,0.324,9.44
LOC013-U01,2026-01-06T03:45:00+00:00,2.59,0.348,11.13
LOC013-U02,2026-01-05T10:00:00+00:00,2.5,0.273,8.75
LOC013-U02,2026-01-05T10:15:00+00:00,2.41,0.29,7.6
LOC013-U02,2026-01-05T10:30:00+00:00,1.895,0.31,6.61
LOC013-U02,2026-01-05T10:45:00+00:00,3.12,0.281,10.0
LOC013-U02,2026-01-05T11:00:00+00:00,2.214,0.362,11.26
LOC013-U02,2026-01-05T11:15:00+00:00,2.562,0.287,9.31
LOC013-U02,2026-01-05T11:30:00+00:00,1.758,0.266,10.88
LOC013-U02,2026-01-05T11:45:00+00:00,1.65,0.291,7.76
LOC013-U02,2026-01-05T12:00:00+00:00,2.414,0.348,9.31
LOC013-U02,2026-01-05T12:15:00+00:00,2.14,0.258,7.77
LOC013-U02,2026-01-05T12:30:00+00:00,2.446,0.376,8.1
LOC013-U02,2026-01-05T12:45:00+00:00,1.869,0.264,10.75
LOC013-U02,2026-01-05T13:00:00+00:00,2.604,0.227,7.27
LOC013-U02,2026-01-05T13:15:00+00:00,1.607,0.243,7.85
LOC013-U02,2026-01-05T13:30:00+00:00,3.171,0.313,10.79
LOC013-U02,2026-01-05T13:45:00+00:00,2.218,0.352,7.12
LOC013-U02,2026-01-05T14:00:00+00:00,2.19,0.38,8.05
LOC013-U02,2026-01-05T14:15:00+00:00,2.208,0.28,9.91
LOC013-U02,2026-01-05T14:30:00+00:00,1.608,0.351,7.5
LOC013-U02,2026-01-05T14:45:00+00:00,1.498,0.274,9.57
LOC013-U02,2026-01-05T15:00:00+00:00,1.382,0.288,10.46
LOC013-U02,2026-01-05T15:15:00+00:00,2.039,0.38,10.64
LOC013-U02,2026-01-05T15:30:00+00:00,2.406,0.288,10.35
LOC013-U02,2026-01-05T15:45:00+00:00,1.931,0.243,9.3
LOC013-U02,2026-01-05T16:00:00+00:00,1.559,0.232,10.07
LOC013-U02,2026-01-05T16:15:00+00:00,3.006,0.284,7.97
LOC013-U02,2026-01-05T16:30:00+00:00,1.689,0.356,7.29
LOC013-U02,2026-01-05T16:45:00+00:00,2.661,0.272,9.1
LOC013-U02,2026-01-05T17:00:00+00:00,2.09,0.356,10.92
LOC013-U02,2026-01-05T17:15:00+00:00,2.565,0.262,10.91
LOC013-U02,2026-01-05T17:30:00+00:00,2.418,0.308,9.09
LOC013-U02,2026-01-05T17:45:00+00:00,2.156,0.379,8.15
LOC013-U02,2026-01-05T18:00:00+00:00,1.52,0.347,7.75
LOC013-U02,2026-01-05T18:15:00+00:00,2.676,0.306,6.86
LOC013-U02,2026-01-05T18:30:00+00:00,2.317,0.229,7.05
LOC013-U02,2026-01-05T18:45:00+00:00,2.801,0.294,7.55
LOC013-U02,2026-01-05T19:00:00+00:00,2.343,0.363,10.16
LOC013-U02,2026-01-05T19:15:00+00:00,1.974,0.262,10.42
LOC013-U02,2026-01-05T19:30:00+00:00,1.785,0.241,8.5
LOC013-U02,2026-01-05T19:45:00+00:00,2.535,0.362,10.53
LOC013-U02,2026-01-05T20:00:00+00:00,2.508,0.351,11.15
LOC013-U02,2026-01-05T20:15:00+00:00,1.867,0.335,11.1
LOC013-U02,2026-01-05T20:30:00+00:00,2.876,0.335,7.62
LOC013-U02,2026-01-05T20:45:00+00:00,1.52,0.278,7.85
LOC013-U02,2026-01-05T21:00:00+00:00,2.077,0.267,9.28
LOC013-U02,2026-01-05T21:15:00+00:00,1.481,0.323,6.68
LOC013-U02,2026-01-05T21:30:00+00:00,2.993,0.297,11.45
LOC013-U02,2026-01-05T21:45:00+00:00,2.621,0.233,10.28
LOC013-U02,2026-01-05T22:00:00+00:00,1.902,0.303,7.57
LOC013-U02,2026-01-05T22:15:00+00:00,1.623,0.265,11.26
LOC013-U02,2026-01-05T22:30:00+00:00,2.602,0.374,11.17
LOC013-U02,2026-01-05T22:45:00+00:00,1.558,0.323,7.15
LOC013-U02,2026-01-05T23:00:00+00:00,1.959,0.333,6.93
LOC013-U02,2026-01-05T23:15:00+00:00,1.883,0.333,8.78
LOC013-U02,2026-01-05T23:30:00+00:00,3.094,0.23,7.17
LOC013-U02,2026-01-05T23:45:00+00:00,1.742,0.269,9.07
LOC013-U02,2026-01-06T00:00:00+00:00,2.756,0.27,9.52
LOC013-U02,2026-01-06T00:15:00+00:00,2.692,0.221,8.34
LOC013-U02,2026-01-06T00:30:00+00:00,2.796,0.25,6.75
LOC013-U02,2026-01-06T00:45:00+00:00,2.55,0.315,10.34
LOC013-U02,2026-01-06T01:00:00+00:00,1.512,0.24,8.22
LOC013-U02,2026-01-06T01:15:00+00:00,1.641,0.279,10.76
LOC013-U02,2026-01-06T01:30:00+00:00,1.686,0.261,6.79
LOC013-U02,2026-01-06T01:45:00+00:00,1.484,0.334,6.82
LOC013-U02,2026-01-06T02:00:00+00:00,1.623,0.343,9.06
LOC013-U02,2026-01-06T02:15:00+00:00,1.066,0.247,10.97
LOC013-U02,2026-01-06T02:30:00+00:00,2.425,0.321,9.51
LOC013-U02,2026-01-06T02:45:00+00:00,2.036,0.272,6.95
LOC013-U02,2026-01-06T03:00:00+00:00,3.0,0.267,11.29
LOC013-U02,2026-01-06T03:15:00+00:00,2.28,0.319,9.02
LOC013-U02,2026-01-06T03:30:00+00:00,1.785,0.352,11.39
LOC013-U02,2026-01-06T03:45:00+00:00,2.118,0.335,9.71
LOC038-U01,2026-01-05T10:00:00+00:00,1.903,0.335,9.03
LOC038-U01,2026-01-05T10:15:00+00:00,0.959,0.223,7.89
LOC038-U01,2026-01-05T10:30:00+00:00,2.898,0.351,9.89
LOC038-U01,2026-01-05T10:45:00+00:00,1.76,0.257,8.82
LOC038-U01,2026-01-05T11:00:00+00:00,1.829,0.323,8.85
LOC038-U01,2026-01-05T11:15:00+00:00,2.686,0.355,10.88
LOC038-U01,2026-01-05T11:30:00+00:00,2.194,0.324,9.49
LOC038-U01,2026-01-05T11:45:00+00:00,2.106,0.353,8.71
LOC038-U01,2026-01-05T12:00:00+00:00,1.99,0.282,7.75
LOC038-U01,2026-01-05T12:15:00+00:00,1.485,0.373,8.9
LOC038-U01,2026-01-05T12:30:00+00:00,2.02,0.329,10.86
LOC038-U01,2026-01-05T12:45:00+00:00,1.942,0.254,8.32
LOC038-U01,2026-01-05T13:00:00+00:00,2.756,0.305,7.62
LOC038-U01,2026-01-05T13:15:00+00:00,1.646,0.327,9.11
LOC038-U01,2026-01-05T13:30:00+00:00,2.036,0.326,6.82
LOC038-U01,2026-01-05T13:45:00+00:00,2.17,0.347,7.01
LOC038-U01,2026-01-05T14:00:00+00:00,2.216,0.338,7.32
LOC038-U01,2026-01-05T14:15:00+00:00,1.047,0.233,10.07
LOC038-U01,2026-01-05T14:30:00+00:00,2.74,0.231,8.34
LOC038-U01,2026-01-05T14:45:00+00:00,2.284,0.252,10.64
LOC038-U01,2026-01-05T15:00:00+00:00,2.53,0.334,7.43
LOC038-U01,2026-01-05T15:15:00+00:00,1.983,0.271,8.65
LOC038-U01,2026-01-05T15:30:00+00:00,2.483,0.278,11.19
LOC038-U01,2026-01-05T15:45:00+00:00,1.827,0.254,8.72
LOC038-U01,2026-01-05T16:00:00+00:00,2.306,0.237,8.35
LOC038-U01,2026-01-05T16:15:00+00:00,1.217,0.306,8.77
LOC038-U01,2026-01-05T16:30:00+00:00,1.335,0.255,8.4
LOC038-U01,2026-01-05T16:45:00+00:00,1.906,0.227,10.41
LOC038-U01,2026-01-05T17:00:00+00:00,1.6,0.329,6.57
LOC038-U01,2026-01-05T17:15:00+00:00,2.603,0.32,7.73
LOC038-U01,2026-01-05T17:30:00+00:00,2.416,0.322,9.3
LOC038-U01,2026-01-05T17:45:00+00:00,1.791,0.339,9.89
LOC038-U01,2026-01-05T18:00:00+00:00,2.151,0.249,9.02
LOC038-U01,2026-01-05T18:15:00+00:00,2.968,0.288,11.11
LOC038-U01,2026-01-05T18:30:00+00:00,2.053,0.356,8.5
LOC038-U01,2026-01-05T18:45:00+00:00,1.731,0.376,10.66
LOC038-U01,2026-01-05T19:00:00+00:00,1.651,0.309,8.86
LOC038-U01,2026-01-05T19:15:00+00:00,1.875,0.325,10.97
LOC038-U01,2026-01-05T19:30:00+00:00,1.991,0.236,9.82
LOC038-U01,2026-01-05T19:45:00+00:00,1.912,0.32,10.88
LOC038-U01,2026-01-05T20:00:00+00:00,1.408,0.254,7.22
LOC038-U01,2026-01-05T20:15:00+00:00,1.687,0.24,6.71
LOC038-U01,2026-01-05T20:30:00+00:00,1.74,0.293,7.28
LOC038-U01,2026-01-05T20:45:00+00:00,2.414,0.288,9.79
LOC038-U01,2026-01-05T21:00:00+00:00,1.429,0.324,7.4
LOC038-U01,2026-01-05T21:15:00+00:00,2.264,0.283,8.5
LOC038-U01,2026-01-05T21:30:00+00:00,1.977,0.376,9.45
LOC038-U01,2026-01-05T21:45:00+00:00,1.913,0.306,10.9
LOC038-U01,2026-01-05T22:00:00+00:00,1.848,0.288,8.52
LOC038-U01,2026-01-05T22:15:00+00:00,2.409,0.337,10.1
LOC038-U01,2026-01-05T22:30:00+00:00,2.631,0.348,9.01
LOC038-U01,2026-01-05T22:45:00+00:00,1.136,0.282,6.34
LOC038-U01,2026-01-05T23:00:00+00:00,2.302,0.365,11.27
LOC038-U01,2026-01-05T23:15:00+00:00,2.2,0.285,10.56
LOC038-U01,2026-01-05T23:30:00+00:00,2.589,0.291,10.39
LOC038-U01,2026-01-05T23:45:00+00:00,1.935,0.372,7.14
LOC038-U01,2026-01-06T00:00:00+00:00,2.184,0.365,11.39
LOC038-U01,2026-01-06T00:15:00+00:00,1.627,0.366,8.58
LOC038-U01,2026-01-06T00:30:00+00:00,1.596,0.242,10.47
LOC038-U01,2026-01-06T00:45:00+00:00,2.316,0.314,10.51
LOC038-U01,2026-01-06T01:00:00+00:00,2.192,0.22,6.52
LOC038-U01,2026-01-06T01:15:00+00:00,2.042,0.248,10.69
LOC038-U01,2026-01-06T01:30:00+00:00,1.833,0.289,8.41
LOC038-U01,2026-01-06T01:45:00+00:00,2.941,0.288,11.76
LOC038-U01,2026-01-06T02:00:00+00:00,1.947,0.365,7.48
LOC038-U01,2026-01-06T02:15:00+00:00,3.419,0.285,7.83
LOC038-U01,2026-01-06T02:30:00+00:00,0.928,0.363,6.87
LOC038-U01,2026-01-06T02:45:00+00:00,1.954,0.27,8.63
LOC038-U01,2026-01-06T03:00:00+00:00,2.234,0.297,6.98
LOC038-U01,2026-01-06T03:15:00+00:00,2.204,0.328,7.16
LOC038-U01,2026-01-06T03:30:00+00:00,1.58,0.261,6.62
LOC038-U01,2026-01-06T03:45:00+00:00,2.616,0.32,9.37
LOC008-U02,2026-01-05T10:00:00+00:00,2.691,0.285,10.6
LOC008-U02,2026-01-05T10:15:00+00:00,1.817,0.291,10.2
LOC008-U02,2026-01-05T10:30:00+00:00,1.768,0.36,8.07
LOC008-U02,2026-01-05T10:45:00+00:00,2.734,0.357,8.21
LOC008-U02,2026-01-05T11:00:00+00:00,2.919,0.311,7.99
LOC008-U02,2026-01-05T11:15:00+00:00,2.307,0.369,8.88
LOC008-U02,2026-01-05T11:30:00+00:00,1.15,0.371,11.14
LOC008-U02,2026-01-05T11:45:00+00:00,1.888,0.365,11.63
LOC008-U02,2026-01-05T12:00:00+00:00,3.256,0.267,9.85
LOC008-U02,2026-01-05T12:15:00+00:00,2.436,0.256,8.46
LOC008-U02,2026-01-05T12:30:00+00:00,2.277,0.319,7.39
LOC008-U02,2026-01-05T12:45:00+00:00,1.988,0.344,7.75
LOC008-U02,2026-01-05T13:00:00+00:00,1.843,0.269,9.57
LOC008-U02,2026-01-05T13:15:00+00:00,1.605,0.293,7.34
LOC008-U02,2026-01-05T13:30:00+00:00,1.643,0.361,10.64
LOC008-U02,2026-01-05T13:45:00+00:00,2.757,0.229,10.67
LOC008-U02,2026-01-05T14:00:00+00:00,1.961,0.38,10.25
LOC008-U02,2026-01-05T14:15:00+00:00,2.267,0.221,8.02
LOC008-U02,2026-01-05T14:30:00+00:00,2.605,0.333,11.16
LOC008-U02,2026-01-05T14:45:00+00:00,2.015,0.263,9.56
LOC008-U02,2026-01-05T15:00:00+00:00,1.473,0.326,6.66
LOC008-U02,2026-01-05T15:15:00+00:00,2.028,0.321,11.21
LOC008-U02,2026-01-05T15:30:00+00:00,1.713,0.321,7.54
LOC008-U02,2026-01-05T15:45:00+00:00,2.326,0.327,7.05
LOC008-U02,2026-01-05T16:00:00+00:00,1.694,0.25,8.02
LOC008-U02,2026-01-05T16:15:00+00:00,2.354,0.244,7.79
LOC008-U02,2026-01-05T16:30:00+00:00,2.271,0.221,6.92
LOC008-U02,2026-01-05T16:45:00+00:00,1.908,0.301,8.59
LOC008-U02,2026-01-05T17:00:00+00:00,1.606,0.362,9.47
LOC008-U02,2026-01-05T17:15:00+00:00,1.841,0.257,6.79
LOC008-U02,2026-01-05T17:30:00+00:00,2.544,0.265,11.47
LOC008-U02,2026-01-05T17:45:00+00:00,1.381,0.379,8.79
LOC008-U02,2026-01-05T18:00:00+00:00,2.316,0.284,8.72
LOC008-U02,2026-01-05T18:15:00+00:00,1.164,0.245,10.66
LOC008-U02,2026-01-05T18:30:00+00:00,1.66,0.28,9.7
LOC008-U02,2026-01-05T18:45:00+00:00,2.789,0.224,9.95
LOC008-U02,2026-01-05T19:00:00+00:00,2.267,0.34,7.14
LOC008-U02,2026-01-05T19:15:00+00:00,1.695,0.233,9.39
LOC008-U02,2026-01-05T19:30:00+00:00,1.9,0.293,7.45
LOC008-U02,2026-01-05T19:45:00+00:00,2.24,0.379,9.81
LOC008-U02,2026-01-05T20:00:00+00:00,2.177,0.284,7.5
LOC008-U02,2026-01-05T20:15:00+00:00,2.894,0.303,9.3
LOC008-U02,2026-01-05T20:30:00+00:00,2.266,0.312,7.41
LOC008-U02,2026-01-05T20:45:00+00:00,2.181,0.379,10.0
LOC008-U02,2026-01-05T21:00:00+00:00,2.589,0.317,10.56
LOC008-U02,2026-01-05T21:15:00+00:00,1.416,0.223,10.13
LOC008-U02,2026-01-05T21:30:00+00:00,1.859,0.305,11.36
LOC008-U02,2026-01-05T21:45:00+00:00,1.735,0.359,10.54
LOC008-U02,2026-01-05T22:00:00+00:00,2.037,0.372,8.55
LOC008-U02,2026-01-05T22:15:00+00:00,1.935,0.257,7.22
LOC008-U02,2026-01-05T22:30:00+00:00,3.582,0.239,9.75
LOC008-U02,2026-01-05T22:45:00+00:00,2.07,0.375,8.67
LOC008-U02,2026-01-05T23:00:00+00:00,2.151,0.242,10.22
LOC008-U02,2026-01-05T23:15:00+00:00,1.473,0.294,7.3
LOC008-U02,2026-01-05T23:30:00+00:00,2.462,0.312,7.79
LOC008-U02,2026-01-05T23:45:00+00:00,2.736,0.301,9.69
LOC008-U02,2026-01-06T00:00:00+00:00,1.532,0.311,8.81
LOC008-U02,2026-01-06T00:15:00+00:00,2.362,0.266,8.67
LOC008-U02,2026-01-06T00:30:00+00:00,2.239,0.267,7.01
LOC008-U02,2026-01-06T00:45:00+00:00,2.507,0.231,8.14
LOC008-U02,2026-01-06T01:00:00+00:00,2.488,0.33,6.93
LOC008-U02,2026-01-06T01:15:00+00:00,2.244,0.242,7.44
LOC008-U02,2026-01-06T01:30:00+00:00,2.086,0.267,7.91
LOC008-U02,2026-01-06T01:45:00+00:00,1.693,0.259,7.1
LOC008-U02,2026-01-06T02:00:00+00:00,1.94,0.323,10.78
LOC008-U02,2026-01-06T02:15:00+00:00,1.783,0.246,10.39
LOC008-U02,2026-01-06T02:30:00+00:00,2.227,0.298,10.96
LOC008-U02,2026-01-06T02:45:00+00:00,2.141,0.334,8.51
LOC008-U02,2026-01-06T03:00:00+00:00,2.545,0.357,7.37
LOC008-U02,2026-01-06T03:15:00+00:00,2.0,0.254,8.04
LOC008-U02,2026-01-06T03:30:00+00:00,2.145,0.315,8.23
LOC008-U02,2026-01-06T03:45:00+00:00,2.165,0.277,11.59
LOC014-U01,2026-01-05T10:00:00+00:00,2.23,0.241,8.57
LOC014-U01,2026-01-05T10:15:00+00:00,1.981,0.356,11.63
LOC014-U01,2026-01-05T10:30:00+00:00,1.86,0.232,6.77
LOC014-U01,2026-01-05T10:45:00+00:00,2.271,0.31,11.4
LOC014-U01,2026-01-05T11:00:00+00:00,2.167,0.379,10.67
LOC014-U01,2026-01-05T11:15:00+00:00,1.902,0.336,10.15
LOC014-U01,2026-01-05T11:30:00+00:00,1.994,0.315,9.34
LOC014-U01,2026-01-05T11:45:00+00:00,2.571,0.344,9.07
LOC014-U01,2026-01-05T12:00:00+00:00,2.438,0.301,10.31
LOC014-U01,2026-01-05T12:15:00+00:00,2.439,0.267,8.51
LOC014-U01,2026-01-05T12:30:00+00:00,1.895,0.315,8.85
LOC014-U01,2026-01-05T12:45:00+00:00,2.729,0.294,8.99
LOC014-U01,2026-01-05T13:00:00+00:00,1.484,0.304,8.08
LOC014-U01,2026-01-05T13:15:00+00:00,1.256,0.372,10.58
LOC014-U01,2026-01-05T13:30:00+00:00,2.615,0.343,11.73
LOC014-U01,2026-01-05T13:45:00+00:00,1.118,0.361,8.6
LOC014-U01,2026-01-05T14:00:00+00:00,2.021,0.257,11.19
LOC014-U01,2026-01-05T14:15:00+00:00,3.08,0.302,9.06
LOC014-U01,2026-01-05T14:30:00+00:00,1.719,0.32,10.96
LOC014-U01,2026-01-05T14:45:00+00:00,3.033,0.344,9.33
LOC014-U01,2026-01-05T15:00:00+00:00,2.295,0.221,10.2
LOC014-U01,2026-01-05T15:15:00+00:00,1.276,0.331,6.48
LOC014-U01,2026-01-05T15:30:00+00:00,2.042,0.307,8.1
LOC014-U01,2026-01-05T15:45:00+00:00,1.212,0.371,9.18
LOC014-U01,2026-01-05T16:00:00+00:00,1.293,0.326,7.23
LOC014-U01,2026-01-05T16:15:00+00:00,2.608,0.297,9.61
LOC014-U01,2026-01-05T16:30:00+00:00,2.426,0.295,10.02
LOC014-U01,2026-01-05T16:45:00+00:00,1.855,0.293,9.37
LOC014-U01,2026-01-05T17:00:00+00:00,1.712,0.361,10.34
LOC014-U01,2026-01-05T17:15:00+00:00,2.368,0.26,11.3
LOC014-U01,2026-01-05T17:30:00+00:00,0.936,0.37,10.4
LOC014-U01,2026-01-05T17:45:00+00:00,1.754,0.285,10.39
LOC014-U01,2026-01-05T18:00:00+00:00,1.794,0.329,9.57
LOC014-U01,2026-01-05T18:15:00+00:00,1.877,0.312,9.2
LOC014-U01,2026-01-05T18:30:00+00:00,1.749,0.37,7.53
LOC014-U01,2026-01-05T18:45:00+00:00,1.354,0.289,9.04
LOC014-U01,2026-01-05T19:00:00+00:00,2.64,0.29,7.04
LOC014-U01,2026-01-05T19:15:00+00:00,2.794,0.372,9.74
LOC014-U01,2026-01-05T19:30:00+00:00,1.718,0.363,9.88
LOC014-U01,2026-01-05T19:45:00+00:00,0.774,0.336,8.11
LOC014-U01,2026-01-05T20:00:00+00:00,1.633,0.279,6.92
LOC014-U01,2026-01-05T20:15:00+00:00,2.24,0.315,8.95
LOC014-U01,2026-01-05T20:30:00+00:00,2.629,0.227,11.25
LOC014-U01,2026-01-05T20:45:00+00:00,1.691,0.374,10.41
LOC014-U01,2026-01-05T21:00:00+00:00,1.702,0.234,7.19
LOC014-U01,2026-01-05T21:15:00+00:00,3.156,0.314,8.12
LOC014-U01,2026-01-05T21:30:00+00:00,1.707,0.236,7.2
LOC014-U01,2026-01-05T21:45:00+00:00,2.882,0.357,9.16
LOC014-U01,2026-01-05T22:00:00+00:00,2.418,0.303,7.71
LOC014-U01,2026-01-05T22:15:00+00:00,2.073,0.352,8.55
LOC014-U01,2026-01-05T22:30:00+00:00,1.813,0.316,7.27
LOC014-U01,2026-01-05T22:45:00+00:00,2.316,0.269,7.48
LOC014-U01,2026-01-05T23:00:00+00:00,2.033,0.376,7.22
LOC014-U01,2026-01-05T23:15:00+00:00,2.19,0.25,9.68
LOC014-U01,2026-01-05T23:30:00+00:00,2.605,0.26,8.62
LOC014-U01,2026-01-05T23:45:00+00:00,2.66,0.331,9.49
LOC014-U01,2026-01-06T00:00:00+00:00,2.023,0.317,7.45
LOC014-U01,2026-01-06T00:15:00+00:00,1.846,0.345,8.56
LOC014-U01,2026-01-06T00:30:00+00:00,2.375,0.373,10.46
LOC014-U01,2026-01-06T00:45:00+00:00,1.653,0.343,11.56
LOC014-U01,2026-01-06T01:00:00+00:00,2.301,0.35,10.88
LOC014-U01,2026-01-06T01:15:00+00:00,1.913,0.279,7.01
LOC014-U01,2026-01-06T01:30:00+00:00,1.449,0.221,10.84
LOC014-U01,2026-01-06T01:45:00+00:00,2.494,0.264,11.23
LOC014-U01,2026-01-06T02:00:00+00:00,1.854,0.347,9.26
LOC014-U01,2026-01-06T02:15:00+00:00,2.117,0.306,9.03
LOC014-U01,2026-01-06T02:30:00+00:00,2.066,0.3,7.8
LOC014-U01,2026-01-06T02:45:00+00:00,2.194,0.302,6.71
LOC014-U01,2026-01-06T03:00:00+00:00,2.227,0.374,10.03
LOC014-U01,2026-01-06T03:15:00+00:00,2.569,0.281,9.37
LOC014-U01,2026-01-06T03:30:00+00:00,2.071,0.239,9.47
LOC014-U01,2026-01-06T03:45:00+00:00,2.44,0.27,8.26
LOC009-U02,2026-01-05T10:00:00+00:00,2.276,0.307,7.01
LOC009-U02,2026-01-05T10:15:00+00:00,1.31,0.258,7.7
LOC009-U02,2026-01-05T10:30:00+00:00,2.584,0.286,10.44
LOC009-U02,2026-01-05T10:45:00+00:00,2.701,0.357,9.97
LOC009-U02,2026-01-05T11:00:00+00:00,2.261,0.3,7.06
LOC009-U02,2026-01-05T11:15:00+00:00,2.02,0.286,8.8
LOC009-U02,2026-01-05T11:30:00+00:00,2.689,0.332,11.54
LOC009-U02,2026-01-05T11:45:00+00:00,2.288,0.343,8.59
LOC009-U02,2026-01-05T12:00:00+00:00,1.796,0.286,9.91
LOC009-U02,2026-01-05T12:15:00+00:00,3.171,0.346,10.68
LOC009-U02,2026-01-05T12:30:00+00:00,3.206,0.311,9.61
LOC009-U02,2026-01-05T12:45:00+00:00,2.148,0.345,10.36
LOC009-U02,2026-01-05T13:00:00+00:00,3.162,0.288,11.86
LOC009-U02,2026-01-05T13:15:00+00:00,1.048,0.339,8.04
LOC009-U02,2026-01-05T13:30:00+00:00,1.799,0.243,7.23
LOC009-U02,2026-01-05T13:45:00+00:00,2.953,0.32,10.53
LOC009-U02,2026-01-05T14:00:00+00:00,2.705,0.353,7.86
LOC009-U02,2026-01-05T14:15:00+00:00,2.081,0.304,8.25
LOC009-U02,2026-01-05T14:30:00+00:00,1.875,0.337,6.72
LOC009-U02,2026-01-05T14:45:00+00:00,2.883,0.286,11.12
LOC009-U02,2026-01-05T15:00:00+00:00,2.427,0.362,7.91
LOC009-U02,2026-01-05T15:15:00+00:00,1.741,0.343,10.86
LOC009-U02,2026-01-05T15:30:00+00:00,2.038,0.354,8.05
LOC009-U02,2026-01-05T15:45:00+00:00,2.718,0.322,7.36
LOC009-U02,2026-01-05T16:00:00+00:00,2.338,0.295,9.62
LOC009-U02,2026-01-05T16:15:00+00:00,2.375,0.247,9.92
LOC009-U02,2026-01-05T16:30:00+00:00,2.56,0.299,11.71
LOC009-U02,2026-01-05T16:45:00+00:00,2.566,0.274,10.19
LOC009-U02,2026-01-05T17:00:00+00:00,1.937,0.283,10.49
LOC009-U02,2026-01-05T17:15:00+00:00,1.731,0.225,7.17
LOC009-U02,2026-01-05T17:30:00+00:00,2.062,0.373,10.09
LOC009-U02,2026-01-05T17:45:00+00:00,1.889,0.271,9.33
LOC009-U02,2026-01-05T18:00:00+00:00,1.75,0.222,9.7
LOC009-U02,2026-01-05T18:15:00+00:00,2.388,0.269,7.6
LOC009-U02,2026-01-05T18:30:00+00:00,1.77,0.278,6.8
LOC009-U02,2026-01-05T18:45:00+00:00,2.125,0.338,8.45
LOC009-U02,2026-01-05T19:00:00+00:00,2.424,0.259,10.19
LOC009-U02,2026-01-05T19:15:00+00:00,2.364,0.28,8.03
LOC009-U02,2026-01-05T19:30:00+00:00,2.191,0.259,8.73
LOC009-U02,2026-01-05T19:45:00+00:00,2.11,0.338,6.83
LOC009-U02,2026-01-05T20:00:00+00:00,2.226,0.291,9.51
LOC009-U02,2026-01-05T20:15:00+00:00,2.407,0.222,7.09
LOC009-U02,2026-01-05T20:30:00+00:00,1.855,0.365,11.34
LOC009-U02,2026-01-05T20:45:00+00:00,2.575,0.362,8.15
LOC009-U02,2026-01-05T21:00:00+00:00,1.382,0.367,6.76
LOC009-U02,2026-01-05T21:15:00+00:00,2.004,0.377,7.07
LOC009-U02,2026-01-05T21:30:00+00:00,2.065,0.363,9.79
LOC009-U02,2026-01-05T21:45:00+00:00,2.834,0.252,9.28
LOC009-U02,2026-01-05T22:00:00+00:00,2.092,0.299,8.99
LOC009-U02,2026-01-05T22:15:00+00:00,1.634,0.283,7.9
LOC009-U02,2026-01-05T22:30:00+00:00,1.835,0.284,8.92
LOC009-U02,2026-01-05T22:45:00+00:00,1.819,0.359,7.34
LOC009-U02,2026-01-05T23:00:00+00:00,1.356,0.244,6.8
LOC009-U02,2026-01-05T23:15:00+00:00,1.605,0.35,8.97
LOC009-U02,2026-01-05T23:30:00+00:00,1.13,0.243,6.93
LOC009-U02,2026-01-05T23:45:00+00:00,2.113,0.278,10.08
LOC009-U02,2026-01-06T00:00:00+00:00,1.739,0.278,7.34
LOC009-U02,2026-01-06T00:15:00+00:00,1.419,0.349,7.79
LOC009-U02,2026-01-06T00:30:00+00:00,2.884,0.28,8.88
LOC009-U02,2026-01-06T00:45:00+00:00,2.479,0.26,9.21
LOC009-U02,2026-01-06T01:00:00+00:00,2.133,0.261,9.87
LOC009-U02,2026-01-06T01:15:00+00:00,1.703,0.296,7.13
LOC009-U02,2026-01-06T01:30:00+00:00,1.587,0.231,8.87
LOC009-U02,2026-01-06T01:45:00+00:00,2.155,0.256,10.49
LOC009-U02,2026-01-06T02:00:00+00:00,2.321,0.222,9.38
LOC009-U02,2026-01-06T02:15:00+00:00,2.507,0.367,11.25
LOC009-U02,2026-01-06T02:30:00+00:00,1.46,0.267,7.43
LOC009-U02,2026-01-06T02:45:00+00:00,1.457,0.233,11.04
LOC009-U02,2026-01-06T03:00:00+00:00,2.683,0.248,10.46
LOC009-U02,2026-01-06T03:15:00+00:00,2.044,0.226,9.32
LOC009-U02,2026-01-06T03:30:00+00:00,1.636,0.313,8.77
LOC009-U02,2026-01-06T03:45:00+00:00,3.478,0.315,8.75
LOC014-U02,2026-01-05T10:00:00+00:00,1.959,0.355,7.35
LOC014-U02,2026-01-05T10:15:00+00:00,1.921,0.226,6.96
LOC014-U02,2026-01-05T10:30:00+00:00,2.603,0.347,8.82
LOC014-U02,2026-01-05T10:45:00+00:00,2.345,0.231,7.38
LOC014-U02,2026-01-05T11:00:00+00:00,1.678,0.278,9.1
LOC014-U02,2026-01-05T11:15:00+00:00,2.301,0.224,7.14
LOC014-U02,2026-01-05T11:30:00+00:00,2.171,0.287,8.71
LOC014-U02,2026-01-05T11:45:00+00:00,2.281,0.234,10.67
LOC014-U02,2026-01-05T12:00:00+00:00,2.017,0.276,7.16
LOC014-U02,2026-01-05T12:15:00+00:00,2.743,0.285,10.81
LOC014-U02,2026-01-05T12:30:00+00:00,2.096,0.299,8.37
LOC014-U02,2026-01-05T12:45:00+00:00,2.771,0.347,10.72
LOC014-U02,2026-01-05T13:00:00+00:00,2.068,0.265,6.93
LOC014-U02,2026-01-05T13:15:00+00:00,1.398,0.36,9.82
LOC014-U02,2026-01-05T13:30:00+00:00,1.524,0.274,10.73
LOC014-U02,2026-01-05T13:45:00+00:00,2.715,0.379,11.36
LOC014-U02,2026-01-05T14:00:00+00:00,1.694,0.257,10.48
LOC014-U02,2026-01-05T14:15:00+00:00,1.432,0.245,6.48
LOC014-U02,2026-01-05T14:30:00+00:00,2.462,0.367,11.26
LOC014-U02,2026-01-05T14:45:00+00:00,2.523,0.311,9.47
LOC014-U02,2026-01-05T15:00:00+00:00,1.9,0.288,8.01
LOC014-U02,2026-01-05T15:15:00+00:00,2.41,0.241,8.54
LOC014-U02,2026-01-05T15:30:00+00:00,2.344,0.24,7.2
LOC014-U02,2026-01-05T15:45:00+00:00,2.243,0.359,9.84
LOC014-U02,2026-01-05T16:00:00+00:00,2.464,0.336,7.01
LOC014-U02,2026-01-05T16:15:00+00:00,1.259,0.252,8.58
LOC014-U02,2026-01-05T16:30:00+00:00,1.984,0.235,7.95
LOC014-U02,2026-01-05T16:45:00+00:00,2.007,0.378,7.48
LOC014-U02,2026-01-05T17:00:00+00:00,3.078,0.256,8.18
LOC014-U02,2026-01-05T17:15:00+00:00,2.514,0.272,7.24
LOC014-U02,2026-01-05T17:30:00+00:00,2.311,0.347,10.73
LOC014-U02,2026-01-05T17:45:00+00:00,2.207,0.258,11.3
LOC014-U02,2026-01-05T18:00:00+00:00,2.382,0.378,9.41
LOC014-U02,2026-01-05T18:15:00+00:00,2.407,0.233,7.12
LOC014-U02,2026-01-05T18:30:00+00:00,1.895,0.338,8.56
LOC014-U02,2026-01-05T18:45:00+00:00,1.468,0.334,8.86
LOC014-U02,2026-01-05T19:00:00+00:00,1.733,0.251,8.96
LOC014-U02,2026-01-05T19:15:00+00:00,1.711,0.368,9.84
LOC014-U02,2026-01-05T19:30:00+00:00,1.4,0.368,8.22
LOC014-U02,2026-01-05T19:45:00+00:00,2.977,0.229,10.09
LOC014-U02,2026-01-05T20:00:00+00:00,2.437,0.316,8.98
LOC014-U02,2026-01-05T20:15:00+00:00,1.832,0.347,10.5
LOC014-U02,2026-01-05T20:30:00+00:00,2.91,0.228,9.12
LOC014-U02,2026-01-05T20:45:00+00:00,2.461,0.251,10.75
LOC014-U02,2026-01-05T21:00:00+00:00,1.747,0.256,6.81
LOC014-U02,2026-01-05T21:15:00+00:00,2.23,0.333,8.23
LOC014-U02,2026-01-05T21:30:00+00:00,1.724,0.352,10.17
LOC014-U02,2026-01-05T21:45:00+00:00,1.53,0.233,7.48
LOC014-U02,2026-01-05T22:00:00+00:00,1.721,0.262,7.16
LOC014-U02,2026-01-05T22:15:00+00:00,1.68,0.276,9.12
LOC014-U02,2026-01-05T22:30:00+00:00,1.532,0.238,9.71
LOC014-U02,2026-01-05T22:45:00+00:00,1.848,0.342,10.85
LOC014-U02,2026-01-05T23:00:00+00:00,2.134,0.369,10.23
LOC014-U02,2026-01-05T23:15:00+00:00,2.174,0.317,7.95
LOC014-U02,2026-01-05T23:30:00+00:00,1.576,0.293,9.03
LOC014-U02,2026-01-05T23:45:00+00:00,1.747,0.237,8.47
LOC014-U02,2026-01-06T00:00:00+00:00,0.705,0.311,8.37
LOC014-U02,2026-01-06T00:15:00+00:00,1.422,0.315,10.92
LOC014-U02,2026-01-06T00:30:00+00:00,2.497,0.222,11.07
LOC014-U02,2026-01-06T00:45:00+00:00,1.248,0.314,8.96
LOC014-U02,2026-01-06T01:00:00+00:00,1.996,0.364,10.79
LOC014-U02,2026-01-06T01:15:00+00:00,2.503,0.239,7.66
LOC014-U02,2026-01-06T01:30:00+00:00,1.204,0.265,11.19
LOC014-U02,2026-01-06T01:45:00+00:00,1.411,0.225,8.85
LOC014-U02,2026-01-06T02:00:00+00:00,2.443,0.27,7.13
LOC014-U02,2026-01-06T02:15:00+00:00,2.449,0.304,9.12
LOC014-U02,2026-01-06T02:30:00+00:00,2.408,0.306,7.63
LOC014-U02,2026-01-06T02:45:00+00:00,2.664,0.275,8.04
LOC014-U02,2026-01-06T03:00:00+00:00,3.003,0.268,7.66
LOC014-U02,2026-01-06T03:15:00+00:00,1.919,0.244,10.65
LOC014-U02,2026-01-06T03:30:00+00:00,1.133,0.299,7.21
LOC014-U02,2026-01-06T03:45:00+00:00,2.977,0.238,11.64
LOC022-U02,2026-01-05T10:00:00+00:00,2.027,0.352,11.17
LOC022-U02,2026-01-05T10:15:00+00:00,2.08,0.245,10.2
LOC022-U02,2026-01-05T10:30:00+00:00,2.425,0.232,11.39
LOC022-U02,2026-01-05T10:45:00+00:00,1.939,0.328,10.54
LOC022-U02,2026-01-05T11:00:00+00:00,1.449,0.284,7.98
LOC022-U02,2026-01-05T11:15:00+00:00,1.412,0.261,9.01
LOC022-U02,2026-01-05T11:30:00+00:00,2.243,0.284,10.95
LOC022-U02,2026-01-05T11:45:00+00:00,0.989,0.287,8.37
LOC022-U02,2026-01-05T12:00:00+00:00,2.187,0.331,11.52
LOC022-U02,2026-01-05T12:15:00+00:00,1.842,0.341,10.21
LOC022-U02,2026-01-05T12:30:00+00:00,2.207,0.358,9.68
LOC022-U02,2026-01-05T12:45:00+00:00,2.432,0.368,11.89
LOC022-U02,2026-01-05T13:00:00+00:00,2.097,0.26,9.35
LOC022-U02,2026-01-05T13:15:00+00:00,2.555,0.371,8.64
LOC022-U02,2026-01-05T13:30:00+00:00,1.774,0.248,8.76
LOC022-U02,2026-01-05T13:45:00+00:00,1.854,0.222,10.99
LOC022-U02,2026-01-05T14:00:00+00:00,1.417,0.33,9.29
LOC022-U02,2026-01-05T14:15:00+00:00,2.988,0.29,8.23
LOC022-U02,2026-01-05T14:30:00+00:00,2.363,0.342,10.65
LOC022-U02,2026-01-05T14:45:00+00:00,0.863,0.333,8.96
LOC022-U02,2026-01-05T15:00:00+00:00,1.404,0.227,6.33
LOC022-U02,2026-01-05T15:15:00+00:00,1.981,0.229,7.55
LOC022-U02,2026-01-05T15:30:00+00:00,2.528,0.234,10.03
LOC022-U02,2026-01-05T15:45:00+00:00,2.162,0.263,9.38
LOC022-U02,2026-01-05T16:00:00+00:00,2.563,0.289,8.29
LOC022-U02,2026-01-05T16:15:00+00:00,2.322,0.319,6.88
LOC022-U02,2026-01-05T16:30:00+00:00,2.465,0.314,9.81
LOC022-U02,2026-01-05T16:45:00+00:00,1.768,0.303,9.18
LOC022-U02,2026-01-05T17:00:00+00:00,2.954,0.365,12.02
LOC022-U02,2026-01-05T17:15:00+00:00,1.94,0.345,10.04
LOC022-U02,2026-01-05T17:30:00+00:00,1.433,0.336,8.72
LOC022-U02,2026-01-05T17:45:00+00:00,1.151,0.267,6.86
LOC022-U02,2026-01-05T18:00:00+00:00,2.093,0.357,10.45
LOC022-U02,2026-01-05T18:15:00+00:00,2.429,0.302,9.15
LOC022-U02,2026-01-05T18:30:00+00:00,2.761,0.23,8.97
LOC022-U02,2026-01-05T18:45:00+00:00,2.938,0.323,7.0
LOC022-U02,2026-01-05T19:00:00+00:00,1.946,0.333,9.86
LOC022-U02,2026-01-05T19:15:00+00:00,2.715,0.258,9.86
LOC022-U02,2026-01-05T19:30:00+00:00,1.806,0.333,8.72
LOC022-U02,2026-01-05T19:45:00+00:00,3.206,0.26,8.42
LOC022-U02,2026-01-05T20:00:00+00:00,1.644,0.226,8.92
LOC022-U02,2026-01-05T20:15:00+00:00,2.094,0.377,6.85
LOC022-U02,2026-01-05T20:30:00+00:00,2.545,0.346,7.77
LOC022-U02,2026-01-05T20:45:00+00:00,1.713,0.317,8.13
LOC022-U02,2026-01-05T21:00:00+00:00,2.807,0.368,10.41
LOC022-U02,2026-01-05T21:15:00+00:00,1.698,0.329,8.27
LOC022-U02,2026-01-05T21:30:00+00:00,3.055,0.271,7.99
LOC022-U02,2026-01-05T21:45:00+00:00,1.312,0.288,9.38
LOC022-U02,2026-01-05T22:00:00+00:00,2.746,0.23,10.45
LOC022-U02,2026-01-05T22:15:00+00:00,2.672,0.37,9.17
LOC022-U02,2026-01-05T22:30:00+00:00,2.153,0.248,6.55
LOC022-U02,2026-01-05T22:45:00+00:00,2.787,0.226,9.16
LOC022-U02,2026-01-05T23:00:00+00:00,1.91,0.368,7.32
LOC022-U02,2026-01-05T23:15:00+00:00,1.51,0.259,9.4
LOC022-U02,2026-01-05T23:30:00+00:00,1.849,0.231,11.2
LOC022-U02,2026-01-05T23:45:00+00:00,1.919,0.356,9.23
LOC022-U02,2026-01-06T00:00:00+00:00,1.423,0.281,9.98
LOC022-U02,2026-01-06T00:15:00+00:00,0.419,0.374,8.69
LOC022-U02,2026-01-06T00:30:00+00:00,1.343,0.277,10.77
LOC022-U02,2026-01-06T00:45:00+00:00,2.626,0.281,7.32
LOC022-U02,2026-01-06T01:00:00+00:00,2.294,0.261,7.6
LOC022-U02,2026-01-06T01:15:00+00:00,1.996,0.258,9.8
LOC022-U02,2026-01-06T01:30:00+00:00,2.148,0.364,8.02
LOC022-U02,2026-01-06T01:45:00+00:00,2.244,0.258,9.13
LOC022-U02,2026-01-06T02:00:00+00:00,1.745,0.305,11.04
LOC022-U02,2026-01-06T02:15:00+00:00,2.275,0.251,7.19
LOC022-U02,2026-01-06T02:30:00+00:00,2.527,0.342,11.31
LOC022-U02,2026-01-06T02:45:00+00:00,2.242,0.254,8.08
LOC022-U02,2026-01-06T03:00:00+00:00,2.09,0.278,10.36
LOC022-U02,2026-01-06T03:15:00+00:00,2.684,0.293,8.74
LOC022-U02,2026-01-06T03:30:00+00:00,2.624,0.37,9.67
LOC022-U02,2026-01-06T03:45:00+00:00,1.678,0.222,8.25
LOC030-U01,2026-01-06T10:00:00+00:00,1.938,0.28,8.36
LOC030-U01,2026-01-06T10:15:00+00:00,2.599,0.288,9.66
LOC030-U01,2026-01-06T10:30:00+00:00,1.464,0.314,6.96
LOC030-U01,2026-01-06T10:45:00+00:00,2.036,0.332,9.28
LOC030-U01,2026-01-06T11:00:00+00:00,1.864,0.266,10.01
LOC030-U01,2026-01-06T11:15:00+00:00,1.024,0.276,9.96
LOC030-U01,2026-01-06T11:30:00+00:00,2.28,0.229,9.06
LOC030-U01,2026-01-06T11:45:00+00:00,1.827,0.328,9.78
LOC030-U01,2026-01-06T12:00:00+00:00,2.1,0.299,7.87
LOC030-U01,2026-01-06T12:15:00+00:00,1.794,0.235,8.62
LOC030-U01,2026-01-06T12:30:00+00:00,3.101,0.355,11.79
LOC030-U01,2026-01-06T12:45:00+00:00,2.974,0.325,11.28
LOC030-U01,2026-01-06T13:00:00+00:00,1.929,0.266,9.32
LOC030-U01,2026-01-06T13:15:00+00:00,2.525,0.28,9.29
LOC030-U01,2026-01-06T13:30:00+00:00,2.363,0.262,8.27
LOC030-U01,2026-01-06T13:45:00+00:00,2.081,0.341,7.06
LOC030-U01,2026-01-06T14:00:00+00:00,2.238,0.292,7.0
LOC030-U01,2026-01-06T14:15:00+00:00,2.588,0.262,11.67
LOC030-U01,2026-01-06T14:30:00+00:00,2.748,0.349,10.74
LOC030-U01,2026-01-06T14:45:00+00:00,1.046,0.302,10.65
LOC030-U01,2026-01-06T15:00:00+00:00,2.223,0.363,9.11
LOC030-U01,2026-01-06T15:15:00+00:00,1.747,0.327,9.72
LOC030-U01,2026-01-06T15:30:00+00:00,2.502,0.253,8.5
LOC030-U01,2026-01-06T15:45:00+00:00,2.311,0.318,11.14
LOC030-U01,2026-01-06T16:00:00+00:00,2.265,0.291,7.56
LOC030-U01,2026-01-06T16:15:00+00:00,2.638,0.333,9.58
LOC030-U01,2026-01-06T16:30:00+00:00,1.352,0.28,7.98
LOC030-U01,2026-01-06T16:45:00+00:00,1.97,0.368,11.13
LOC030-U01,2026-01-06T17:00:00+00:00,2.162,0.225,10.47
LOC030-U01,2026-01-06T17:15:00+00:00,1.974,0.311,10.02
LOC030-U01,2026-01-06T17:30:00+00:00,2.367,0.348,9.55
LOC030-U01,2026-01-06T17:45:00+00:00,2.143,0.361,7.77
LOC030-U01,2026-01-06T18:00:00+00:00,2.142,0.362,9.55
LOC030-U01,2026-01-06T18:15:00+00:00,3.056,0.223,8.99
LOC030-U01,2026-01-06T18:30:00+00:00,1.596,0.258,7.66
LOC030-U01,2026-01-06T18:45:00+00:00,2.37,0.342,9.07
LOC030-U01,2026-01-06T19:00:00+00:00,2.758,0.26,10.6
LOC030-U01,2026-01-06T19:15:00+00:00,2.019,0.346,7.12
LOC030-U01,2026-01-06T19:30:00+00:00,1.966,0.225,8.16
LOC030-U01,2026-01-06T19:45:00+00:00,0.2,0.27,7.18
LOC030-U01,2026-01-06T20:00:00+00:00,3.28,0.255,11.21
LOC030-U01,2026-01-06T20:15:00+00:00,2.245,0.305,10.74
LOC030-U01,2026-01-06T20:30:00+00:00,2.456,0.291,9.66
LOC030-U01,2026-01-06T20:45:00+00:00,2.353,0.339,11.4
LOC030-U01,2026-01-06T21:00:00+00:00,1.812,0.364,9.82
LOC030-U01,2026-01-06T21:15:00+00:00,1.644,0.368,10.72
LOC030-U01,2026-01-06T21:30:00+00:00,2.103,0.327,10.72
LOC030-U01,2026-01-06T21:45:00+00:00,2.017,0.3,10.84
LOC030-U01,2026-01-06T22:00:00+00:00,1.806,0.27,9.53
LOC030-U01,2026-01-06T22:15:00+00:00,1.602,0.342,7.02
LOC030-U01,2026-01-06T22:30:00+00:00,2.151,0.374,8.2
LOC030-U01,2026-01-06T22:45:00+00:00,1.784,0.348,9.08
LOC030-U01,2026-01-06T23:00:00+00:00,1.582,0.335,9.53
LOC030-U01,2026-01-06T23:15:00+00:00,1.939,0.339,7.34
LOC030-U01,2026-01-06T23:30:00+00:00,1.568,0.229,9.47
LOC030-U01,2026-01-06T23:45:00+00:00,3.959,0.307,7.59
LOC030-U01,2026-01-07T00:00:00+00:00,1.618,0.28,10.14
LOC030-U01,2026-01-07T00:15:00+00:00,2.962,0.343,8.03
LOC030-U01,2026-01-07T00:30:00+00:00,2.325,0.28,10.52
LOC030-U01,2026-01-07T00:45:00+00:00,1.921,0.355,7.62
LOC030-U01,2026-01-07T01:00:00+00:00,2.174,0.34,10.26
LOC030-U01,2026-01-07T01:15:00+00:00,2.121,0.255,7.25
LOC030-U01,2026-01-07T01:30:00+00:00,2.804,0.311,8.63
LOC030-U01,2026-01-07T01:45:00+00:00,1.775,0.343,9.0
LOC030-U01,2026-01-07T02:00:00+00:00,1.741,0.375,6.67
LOC030-U01,2026-01-07T02:15:00+00:00,2.76,0.245,10.41
LOC030-U01,2026-01-07T02:30:00+00:00,1.715,0.304,8.72
LOC030-U01,2026-01-07T02:45:00+00:00,2.306,0.359,7.38
LOC030-U01,2026-01-07T03:00:00+00:00,2.95,0.321,11.45
LOC030-U01,2026-01-07T03:15:00+00:00,2.087,0.282,9.03
LOC030-U01,2026-01-07T03:30:00+00:00,2.085,0.335,6.9
LOC030-U01,2026-01-07T03:45:00+00:00,2.614,0.233,7.38
LOC028-U01,2026-01-06T10:00:00+00:00,2.595,0.223,7.33
LOC028-U01,2026-01-06T10:15:00+00:00,1.757,0.33,9.19
LOC028-U01,2026-01-06T10:30:00+00:00,2.827,0.231,10.31
LOC028-U01,2026-01-06T10:45:00+00:00,2.706,0.325,7.91
LOC028-U01,2026-01-06T11:00:00+00:00,2.051,0.339,11.15
LOC028-U01,2026-01-06T11:15:00+00:00,2.482,0.23,11.33
LOC028-U01,2026-01-06T11:30:00+00:00,2.295,0.242,8.3
LOC028-U01,2026-01-06T11:45:00+00:00,2.393,0.288,8.59
LOC028-U01,2026-01-06T12:00:00+00:00,2.035,0.26,7.61
LOC028-U01,2026-01-06T12:15:00+00:00,2.007,0.29,10.09
LOC028-U01,2026-01-06T12:30:00+00:00,2.07,0.26,8.21
LOC028-U01,2026-01-06T12:45:00+00:00,1.616,0.316,6.86
LOC028-U01,2026-01-06T13:00:00+00:00,2.814,0.298,7.72
LOC028-U01,2026-01-06T13:15:00+00:00,1.578,0.321,7.87
LOC028-U01,2026-01-06T13:30:00+00:00,2.206,0.227,6.6
LOC028-U01,2026-01-06T13:45:00+00:00,2.186,0.345,11.69
LOC028-U01,2026-01-06T14:00:00+00:00,1.001,0.297,10.8
LOC028-U01,2026-01-06T14:15:00+00:00,1.661,0.284,8.97
LOC028-U01,2026-01-06T14:30:00+00:00,1.815,0.31,7.71
LOC028-U01,2026-01-06T14:45:00+00:00,2.125,0.284,10.57
LOC028-U01,2026-01-06T15:00:00+00:00,1.789,0.292,8.09
LOC028-U01,2026-01-06T15:15:00+00:00,2.082,0.321,7.24
LOC028-U01,2026-01-06T15:30:00+00:00,2.329,0.35,10.71
LOC028-U01,2026-01-06T15:45:00+00:00,2.731,0.334,7.28
LOC028-U01,2026-01-06T16:00:00+00:00,2.102,0.311,8.24
LOC028-U01,2026-01-06T16:15:00+00:00,2.24,0.252,6.96
LOC028-U01,2026-01-06T16:30:00+00:00,1.112,0.294,11.08
LOC028-U01,2026-01-06T16:45:00+00:00,2.736,0.267,9.31
LOC028-U01,2026-01-06T17:00:00+00:00,2.161,0.354,11.19
LOC028-U01,2026-01-06T17:15:00+00:00,2.357,0.375,10.95
LOC028-U01,2026-01-06T17:30:00+00:00,2.31,0.231,10.52
LOC028-U01,2026-01-06T17:45:00+00:00,1.167,0.342,9.43
LOC028-U01,2026-01-06T18:00:00+00:00,2.47,0.303,9.56
LOC028-U01,2026-01-06T18:15:00+00:00,2.227,0.221,9.1
LOC028-U01,2026-01-06T18:30:00+00:00,1.835,0.359,9.7
LOC028-U01,2026-01-06T18:45:00+00:00,2.582,0.344,10.12
LOC028-U01,2026-01-06T19:00:00+00:00,1.476,0.354,11.09
LOC028-U01,2026-01-06T19:15:00+00:00,1.782,0.352,8.07
LOC028-U01,2026-01-06T19:30:00+00:00,1.75,0.345,11.2
LOC028-U01,2026-01-06T19:45:00+00:00,2.777,0.246,10.97
LOC028-U01,2026-01-06T20:00:00+00:00,2.097,0.276,9.97
LOC028-U01,2026-01-06T20:15:00+00:00,2.592,0.242,8.04
LOC028-U01,2026-01-06T20:30:00+00:00,1.834,0.227,10.72
LOC028-U01,2026-01-06T20:45:00+00:00,2.571,0.236,10.86
LOC028-U01,2026-01-06T21:00:00+00:00,2.624,0.348,8.44
LOC028-U01,2026-01-06T21:15:00+00:00,3.339,0.364,11.64
LOC028-U01,2026-01-06T21:30:00+00:00,2.841,0.376,10.66
LOC028-U01,2026-01-06T21:45:00+00:00,1.366,0.221,9.66
LOC028-U01,2026-01-06T22:00:00+00:00,2.151,0.284,7.55
LOC028-U01,2026-01-06T22:15:00+00:00,2.269,0.275,8.39
LOC028-U01,2026-01-06T22:30:00+00:00,1.803,0.333,9.75
LOC028-U01,2026-01-06T22:45:00+00:00,1.563,0.37,10.6
LOC028-U01,2026-01-06T23:00:00+00:00,2.512,0.284,7.17
LOC028-U01,2026-01-06T23:15:00+00:00,0.935,0.249,6.28
LOC028-U01,2026-01-06T23:30:00+00:00,2.226,0.356,10.22
LOC028-U01,2026-01-06T23:45:00+00:00,2.711,0.363,9.69
LOC028-U01,2026-01-07T00:00:00+00:00,2.194,0.273,8.12
LOC028-U01,2026-01-07T00:15:00+00:00,2.599,0.35,7.02
LOC028-U01,2026-01-07T00:30:00+00:00,2.652,0.264,8.83
LOC028-U01,2026-01-07T00:45:00+00:00,1.37,0.369,6.67
LOC028-U01,2026-01-07T01:00:00+00:00,2.04,0.287,7.64
LOC028-U01,2026-01-07T01:15:00+00:00,2.587,0.377,8.53
LOC028-U01,2026-01-07T01:30:00+00:00,1.732,0.231,9.65
LOC028-U01,2026-01-07T01:45:00+00:00,1.801,0.307,9.54
LOC028-U01,2026-01-07T02:00:00+00:00,2.295,0.231,6.97
LOC028-U01,2026-01-07T02:15:00+00:00,2.001,0.248,10.85
LOC028-U01,2026-01-07T02:30:00+00:00,1.296,0.27,10.23
LOC028-U01,2026-01-07T02:45:00+00:00,2.156,0.327,11.51
LOC028-U01,2026-01-07T03:00:00+00:00,2.896,0.277,8.52
LOC028-U01,2026-01-07T03:15:00+00:00,2.375,0.258,11.5
LOC028-U01,2026-01-07T03:30:00+00:00,1.546,0.248,10.05
LOC028-U01,2026-01-07T03:45:00+00:00,2.573,0.28,8.01
LOC022-U01,2026-01-06T10:00:00+00:00,2.154,0.32,9.72
LOC022-U01,2026-01-06T10:15:00+00:00,2.518,0.278,8.63
LOC022-U01,2026-01-06T10:30:00+00:00,1.419,0.232,11.16
LOC022-U01,2026-01-06T10:45:00+00:00,1.793,0.293,7.67
LOC022-U01,2026-01-06T11:00:00+00:00,1.465,0.272,6.56
LOC022-U01,2026-01-06T11:15:00+00:00,2.27,0.321,7.34
LOC022-U01,2026-01-06T11:30:00+00:00,1.928,0.341,9.12
LOC022-U01,2026-01-06T11:45:00+00:00,2.313,0.368,10.03
LOC022-U01,2026-01-06T12:00:00+00:00,1.108,0.269,9.61
LOC022-U01,2026-01-06T12:15:00+00:00,1.659,0.335,9.28
LOC022-U01,2026-01-06T12:30:00+00:00,2.736,0.285,7.75
LOC022-U01,2026-01-06T12:45:00+00:00,2.623,0.292,9.94
LOC022-U01,2026-01-06T13:00:00+00:00,2.361,0.267,7.27
LOC022-U01,2026-01-06T13:15:00+00:00,2.696,0.311,11.15
LOC022-U01,2026-01-06T13:30:00+00:00,1.848,0.251,6.68
LOC022-U01,2026-01-06T13:45:00+00:00,2.716,0.297,8.61
LOC022-U01,2026-01-06T14:00:00+00:00,2.159,0.309,9.44
LOC022-U01,2026-01-06T14:15:00+00:00,2.154,0.268,8.67
LOC022-U01,2026-01-06T14:30:00+00:00,1.258,0.339,11.18
LOC022-U01,2026-01-06T14:45:00+00:00,2.906,0.342,7.08
LOC022-U01,2026-01-06T15:00:00+00:00,2.722,0.36,11.05
LOC022-U01,2026-01-06T15:15:00+00:00,1.78,0.287,7.57
LOC022-U01,2026-01-06T15:30:00+00:00,2.804,0.256,8.48
LOC022-U01,2026-01-06T15:45:00+00:00,1.893,0.245,7.24
LOC022-U01,2026-01-06T16:00:00+00:00,2.301,0.322,7.22
LOC022-U01,2026-01-06T16:15:00+00:00,2.157,0.32,10.3
LOC022-U01,2026-01-06T16:30:00+00:00,2.109,0.346,9.49
LOC022-U01,2026-01-06T16:45:00+00:00,2.336,0.354,8.64
LOC022-U01,2026-01-06T17:00:00+00:00,2.174,0.247,8.64
LOC022-U01,2026-01-06T17:15:00+00:00,2.482,0.347,8.3
LOC022-U01,2026-01-06T17:30:00+00:00,2.221,0.276,7.59
LOC022-U01,2026-01-06T17:45:00+00:00,1.414,0.242,8.25
LOC022-U01,2026-01-06T18:00:00+00:00,2.688,0.351,7.4
LOC022-U01,2026-01-06T18:15:00+00:00,2.209,0.279,10.71
LOC022-U01,2026-01-06T18:30:00+00:00,1.399,0.265,10.83
LOC022-U01,2026-01-06T18:45:00+00:00,1.275,0.317,9.59
LOC022-U01,2026-01-06T19:00:00+00:00,1.047,0.291,11.13
LOC022-U01,2026-01-06T19:15:00+00:00,1.414,0.306,8.75
LOC022-U01,2026-01-06T19:30:00+00:00,2.494,0.24,9.81
LOC022-U01,2026-01-06T19:45:00+00:00,1.979,0.338,8.57
LOC022-U01,2026-01-06T20:00:00+00:00,1.249,0.312,7.88
LOC022-U01,2026-01-06T20:15:00+00:00,1.963,0.32,7.06
LOC022-U01,2026-01-06T20:30:00+00:00,1.681,0.325,8.23
LOC022-U01,2026-01-06T20:45:00+00:00,2.92,0.253,7.57
LOC022-U01,2026-01-06T21:00:00+00:00,2.684,0.27,6.99
LOC022-U01,2026-01-06T21:15:00+00:00,2.212,0.329,9.77
LOC022-U01,2026-01-06T21:30:00+00:00,2.178,0.304,8.92
LOC022-U01,2026-01-06T21:45:00+00:00,2.883,0.372,11.43
LOC022-U01,2026-01-06T22:00:00+00:00,1.764,0.323,8.49
LOC022-U01,2026-01-06T22:15:00+00:00,2.905,0.316,8.42
LOC022-U01,2026-01-06T22:30:00+00:00,2.858,0.241,9.34
LOC022-U01,2026-01-06T22:45:00+00:00,1.937,0.315,8.72
LOC022-U01,2026-01-06T23:00:00+00:00,2.268,0.316,9.28
LOC022-U01,2026-01-06T23:15:00+00:00,1.812,0.366,10.12
LOC022-U01,2026-01-06T23:30:00+00:00,1.536,0.33,7.21
LOC022-U01,2026-01-06T23:45:00+00:00,3.233,0.358,11.38
LOC022-U01,2026-01-07T00:00:00+00:00,2.996,0.28,11.72
LOC022-U01,2026-01-07T00:15:00+00:00,1.514,0.354,9.67
LOC022-U01,2026-01-07T00:30:00+00:00,2.26,0.353,7.07
LOC022-U01,2026-01-07T00:45:00+00:00,1.41,0.277,6.75
LOC022-U01,2026-01-07T01:00:00+00:00,1.614,0.277,10.64
LOC022-U01,2026-01-07T01:15:00+00:00,1.365,0.341,8.24
LOC022-U01,2026-01-07T01:30:00+00:00,1.982,0.283,8.3
LOC022-U01,2026-01-07T01:45:00+00:00,1.589,0.231,7.81
LOC022-U01,2026-01-07T02:00:00+00:00,2.715,0.31,8.24
LOC022-U01,2026-01-07T02:15:00+00:00,1.917,0.337,7.14
LOC022-U01,2026-01-07T02:30:00+00:00,2.208,0.362,9.94
LOC022-U01,2026-01-07T02:45:00+00:00,2.322,0.304,9.79
LOC022-U01,2026-01-07T03:00:00+00:00,1.141,0.375,7.47
LOC022-U01,2026-01-07T03:15:00+00:00,2.214,0.272,6.97
LOC022-U01,2026-01-07T03:30:00+00:00,2.46,0.275,9.63
LOC022-U01,2026-01-07T03:45:00+00:00,1.632,0.266,7.8
LOC034-U01,2026-01-06T10:00:00+00:00,3.274,0.341,7.32
LOC034-U01,2026-01-06T10:15:00+00:00,1.849,0.321,9.88
LOC034-U01,2026-01-06T10:30:00+00:00,2.34,0.342,9.44
LOC034-U01,2026-01-06T10:45:00+00:00,1.554,0.294,10.01
LOC034-U01,2026-01-06T11:00:00+00:00,1.69,0.246,10.36
LOC034-U01,2026-01-06T11:15:00+00:00,1.968,0.345,11.6
LOC034-U01,2026-01-06T11:30:00+00:00,1.159,0.299,8.19
LOC034-U01,2026-01-06T11:45:00+00:00,1.851,0.376,6.94
LOC034-U01,2026-01-06T12:00:00+00:00,2.203,0.357,8.42
LOC034-U01,2026-01-06T12:15:00+00:00,2.948,0.379,11.94
LOC034-U01,2026-01-06T12:30:00+00:00,2.29,0.364,11.41
LOC034-U01,2026-01-06T12:45:00+00:00,2.367,0.231,6.97
LOC034-U01,2026-01-06T13:00:00+00:00,1.862,0.304,8.68
LOC034-U01,2026-01-06T13:15:00+00:00,3.492,0.348,9.04
LOC034-U01,2026-01-06T13:30:00+00:00,2.055,0.343,11.29
LOC034-U01,2026-01-06T13:45:00+00:00,1.896,0.24,10.08
LOC034-U01,2026-01-06T14:00:00+00:00,0.751,0.278,11.01
LOC034-U01,2026-01-06T14:15:00+00:00,2.128,0.254,10.39
LOC034-U01,2026-01-06T14:30:00+00:00,1.166,0.363,8.42
LOC034-U01,2026-01-06T14:45:00+00:00,1.936,0.33,7.7
LOC034-U01,2026-01-06T15:00:00+00:00,1.899,0.338,7.0
LOC034-U01,2026-01-06T15:15:00+00:00,2.811,0.233,8.77
LOC034-U01,2026-01-06T15:30:00+00:00,2.556,0.361,11.39
LOC034-U01,2026-01-06T15:45:00+00:00,1.91,0.285,9.71
LOC034-U01,2026-01-06T16:00:00+00:00,2.033,0.28,11.45
LOC034-U01,2026-01-06T16:15:00+00:00,2.297,0.26,10.25
LOC034-U01,2026-01-06T16:30:00+00:00,1.494,0.275,9.14
LOC034-U01,2026-01-06T16:45:00+00:00,2.138,0.292,10.25
LOC034-U01,2026-01-06T17:00:00+00:00,2.024,0.345,9.21
LOC034-U01,2026-01-06T17:15:00+00:00,2.051,0.292,8.14
LOC034-U01,2026-01-06T17:30:00+00:00,2.412,0.251,8.5
LOC034-U01,2026-01-06T17:45:00+00:00,2.418,0.286,7.3
LOC034-U01,2026-01-06T18:00:00+00:00,1.731,0.379,8.78
LOC034-U01,2026-01-06T18:15:00+00:00,2.003,0.372,9.52
LOC034-U01,2026-01-06T18:30:00+00:00,1.753,0.347,10.36
LOC034-U01,2026-01-06T18:45:00+00:00,1.458,0.263,10.61
LOC034-U01,2026-01-06T19:00:00+00:00,2.237,0.347,9.53
LOC034-U01,2026-01-06T19:15:00+00:00,1.678,0.221,7.99
LOC034-U01,2026-01-06T19:30:00+00:00,1.843,0.288,11.22
LOC034-U01,2026-01-06T19:45:00+00:00,2.508,0.325,7.92
LOC034-U01,2026-01-06T20:00:00+00:00,1.895,0.374,8.87
LOC034-U01,2026-01-06T20:15:00+00:00,2.517,0.314,9.13
LOC034-U01,2026-01-06T20:30:00+00:00,2.408,0.254,8.49
LOC034-U01,2026-01-06T20:45:00+00:00,1.551,0.227,6.83
LOC034-U01,2026-01-06T21:00:00+00:00,2.202,0.281,9.06
LOC034-U01,2026-01-06T21:15:00+00:00,2.256,0.235,10.91
LOC034-U01,2026-01-06T21:30:00+00:00,1.4,0.244,8.97
LOC034-U01,2026-01-06T21:45:00+00:00,1.664,0.296,8.68
LOC034-U01,2026-01-06T22:00:00+00:00,0.912,0.226,6.75
LOC034-U01,2026-01-06T22:15:00+00:00,2.13,0.293,11.5
LOC034-U01,2026-01-06T22:30:00+00:00,2.944,0.335,7.51
LOC034-U01,2026-01-06T22:45:00+00:00,2.1,0.283,7.37
LOC034-U01,2026-01-06T23:00:00+00:00,1.863,0.272,10.02
LOC034-U01,2026-01-06T23:15:00+00:00,2.043,0.359,10.35
LOC034-U01,2026-01-06T23:30:00+00:00,2.747,0.351,9.66
LOC034-U01,2026-01-06T23:45:00+00:00,1.986,0.366,8.71
LOC034-U01,2026-01-07T00:00:00+00:00,1.846,0.359,9.56
LOC034-U01,2026-01-07T00:15:00+00:00,2.531,0.351,11.09
LOC034-U01,2026-01-07T00:30:00+00:00,1.685,0.321,9.79
LOC034-U01,2026-01-07T00:45:00+00:00,2.424,0.312,9.76
LOC034-U01,2026-01-07T01:00:00+00:00,2.304,0.333,9.87
LOC034-U01,2026-01-07T01:15:00+00:00,1.589,0.241,10.63
LOC034-U01,2026-01-07T01:30:00+00:00,1.654,0.344,7.16
LOC034-U01,2026-01-07T01:45:00+00:00,2.817,0.377,8.77
LOC034-U01,2026-01-07T02:00:00+00:00,2.156,0.345,8.75
LOC034-U01,2026-01-07T02:15:00+00:00,2.514,0.29,7.71
LOC034-U01,2026-01-07T02:30:00+00:00,1.544,0.227,7.67
LOC034-U01,2026-01-07T02:45:00+00:00,2.252,0.245,7.14
LOC034-U01,2026-01-07T03:00:00+00:00,2.713,0.268,8.08
LOC034-U01,2026-01-07T03:15:00+00:00,2.175,0.223,9.44
LOC034-U01,2026-01-07T03:30:00+00:00,2.438,0.224,9.5
LOC034-U01,2026-01-07T03:45:00+00:00,2.599,0.36,9.11
LOC003-U01,2026-01-06T10:00:00+00:00,2.308,0.274,11.1
LOC003-U01,2026-01-06T10:15:00+00:00,1.912,0.224,7.79
LOC003-U01,2026-01-06T10:30:00+00:00,2.757,0.285,6.81
LOC003-U01,2026-01-06T10:45:00+00:00,2.18,0.293,9.8
LOC003-U01,2026-01-06T11:00:00+00:00,1.483,0.367,10.48
LOC003-U01,2026-01-06T11:15:00+00:00,1.523,0.343,7.22
LOC003-U01,2026-01-06T11:30:00+00:00,2.834,0.337,7.25
LOC003-U01,2026-01-06T11:45:00+00:00,1.366,0.351,8.9
LOC003-U01,2026-01-06T12:00:00+00:00,3.1,0.322,11.67
LOC003-U01,2026-01-06T12:15:00+00:00,1.823,0.284,11.23
LOC003-U01,2026-01-06T12:30:00+00:00,1.48,0.281,9.62
LOC003-U01,2026-01-06T12:45:00+00:00,2.24,0.299,9.23
LOC003-U01,2026-01-06T13:00:00+00:00,1.955,0.304,10.9
LOC003-U01,2026-01-06T13:15:00+00:00,2.325,0.326,7.41
LOC003-U01,2026-01-06T13:30:00+00:00,2.361,0.285,9.88
LOC003-U01,2026-01-06T13:45:00+00:00,1.914,0.335,6.82
LOC003-U01,2026-01-06T14:00:00+00:00,1.582,0.263,9.31
LOC003-U01,2026-01-06T14:15:00+00:00,2.082,0.31,7.91
LOC003-U01,2026-01-06T14:30:00+00:00,1.818,0.256,8.27
LOC003-U01,2026-01-06T14:45:00+00:00,2.148,0.224,10.62
LOC003-U01,2026-01-06T15:00:00+00:00,2.665,0.351,7.23
LOC003-U01,2026-01-06T15:15:00+00:00,1.528,0.261,10.03
LOC003-U01,2026-01-06T15:30:00+00:00,1.733,0.282,7.47
LOC003-U01,2026-01-06T15:45:00+00:00,1.718,0.232,7.55
LOC003-U01,2026-01-06T16:00:00+00:00,1.903,0.3,9.99
LOC003-U01,2026-01-06T16:15:00+00:00,2.179,0.251,7.83
LOC003-U01,2026-01-06T16:30:00+00:00,1.575,0.291,10.56
LOC003-U01,2026-01-06T16:45:00+00:00,1.633,0.316,7.36
LOC003-U01,2026-01-06T17:00:00+00:00,1.988,0.314,10.0
LOC003-U01,2026-01-06T17:15:00+00:00,2.441,0.295,9.48
LOC003-U01,2026-01-06T17:30:00+00:00,2.587,0.3,8.43
LOC003-U01,2026-01-06T17:45:00+00:00,3.165,0.243,8.18
LOC003-U01,2026-01-06T18:00:00+00:00,2.806,0.335,8.87
LOC003-U01,2026-01-06T18:15:00+00:00,2.588,0.309,8.54
LOC003-U01,2026-01-06T18:30:00+00:00,2.467,0.222,10.03
LOC003-U01,2026-01-06T18:45:00+00:00,2.355,0.289,7.28
LOC003-U01,2026-01-06T19:00:00+00:00,2.267,0.244,7.78
LOC003-U01,2026-01-06T19:15:00+00:00,2.287,0.274,6.89
LOC003-U01,2026-01-06T19:30:00+00:00,1.548,0.335,7.73
LOC003-U01,2026-01-06T19:45:00+00:00,2.012,0.326,9.48
LOC003-U01,2026-01-06T20:00:00+00:00,1.581,0.241,8.04
LOC003-U01,2026-01-06T20:15:00+00:00,1.55,0.289,8.5
LOC003-U01,2026-01-06T20:30:00+00:00,2.324,0.366,7.93
LOC003-U01,2026-01-06T20:45:00+00:00,1.902,0.268,7.65
LOC003-U01,2026-01-06T21:00:00+00:00,1.802,0.236,6.58
LOC003-U01,2026-01-06T21:15:00+00:00,2.151,0.33,9.56
LOC003-U01,2026-01-06T21:30:00+00:00,3.016,0.223,9.93
LOC003-U01,2026-01-06T21:45:00+00:00,2.348,0.305,10.93
LOC003-U01,2026-01-06T22:00:00+00:00,2.326,0.304,9.45
LOC003-U01,2026-01-06T22:15:00+00:00,1.892,0.255,6.83
LOC003-U01,2026-01-06T22:30:00+00:00,3.123,0.324,8.95
LOC003-U01,2026-01-06T22:45:00+00:00,1.785,0.352,8.96
LOC003-U01,2026-01-06T23:00:00+00:00,2.268,0.293,9.7
LOC003-U01,2026-01-06T23:15:00+00:00,2.231,0.327,11.15
LOC003-U01,2026-01-06T23:30:00+00:00,1.657,0.302,7.23
LOC003-U01,2026-01-06T23:45:00+00:00,2.608,0.349,10.69
LOC003-U01,2026-01-07T00:00:00+00:00,1.482,0.246,7.74
LOC003-U01,2026-01-07T00:15:00+00:00,1.945,0.32,9.1
LOC003-U01,2026-01-07T00:30:00+00:00,2.561,0.222,11.48
LOC003-U01,2026-01-07T00:45:00+00:00,2.31,0.335,7.59
LOC003-U01,2026-01-07T01:00:00+00:00,2.229,0.325,10.18
LOC003-U01,2026-01-07T01:15:00+00:00,2.705,0.286,6.78
LOC003-U01,2026-01-07T01:30:00+00:00,2.049,0.221,10.29
LOC003-U01,2026-01-07T01:45:00+00:00,0.645,0.296,6.9
LOC003-U01,2026-01-07T02:00:00+00:00,1.867,0.336,9.82
LOC003-U01,2026-01-07T02:15:00+00:00,1.656,0.362,8.37
LOC003-U01,2026-01-07T02:30:00+00:00,2.088,0.314,10.64
LOC003-U01,2026-01-07T02:45:00+00:00,2.505,0.342,7.05
LOC003-U01,2026-01-07T03:00:00+00:00,2.014,0.267,7.2
LOC003-U01,2026-01-07T03:15:00+00:00,1.569,0.38,7.88
LOC003-U01,2026-01-07T03:30:00+00:00,2.361,0.327,11.13
LOC003-U01,2026-01-07T03:45:00+00:00,1.858,0.232,8.79
LOC004-U02,2026-01-06T10:00:00+00:00,1.831,0.359,11.16
LOC004-U02,2026-01-06T10:15:00+00:00,2.934,0.257,10.77
LOC004-U02,2026-01-06T10:30:00+00:00,1.722,0.329,6.95
LOC004-U02,2026-01-06T10:45:00+00:00,1.774,0.369,7.13
LOC004-U02,2026-01-06T11:00:00+00:00,1.858,0.261,8.31
LOC004-U02,2026-01-06T11:15:00+00:00,1.829,0.267,10.48
LOC004-U02,2026-01-06T11:30:00+00:00,1.738,0.26,9.84
LOC004-U02,2026-01-06T11:45:00+00:00,3.089,0.298,9.86
LOC004-U02,2026-01-06T12:00:00+00:00,2.239,0.378,7.82
LOC004-U02,2026-01-06T12:15:00+00:00,1.667,0.342,11.47
LOC004-U02,2026-01-06T12:30:00+00:00,2.763,0.265,11.6
LOC004-U02,2026-01-06T12:45:00+00:00,1.912,0.365,8.02
LOC004-U02,2026-01-06T13:00:00+00:00,1.885,0.285,8.54
LOC004-U02,2026-01-06T13:15:00+00:00,1.824,0.247,10.89
LOC004-U02,2026-01-06T13:30:00+00:00,2.725,0.234,11.04
LOC004-U02,2026-01-06T13:45:00+00:00,2.019,0.222,9.75
LOC004-U02,2026-01-06T14:00:00+00:00,1.239,0.284,7.38
LOC004-U02,2026-01-06T14:15:00+00:00,2.218,0.353,11.67
LOC004-U02,2026-01-06T14:30:00+00:00,1.855,0.243,6.74
LOC004-U02,2026-01-06T14:45:00+00:00,2.719,0.327,11.64
LOC004-U02,2026-01-06T15:00:00+00:00,1.367,0.276,9.22
LOC004-U02,2026-01-06T15:15:00+00:00,1.304,0.287,10.24
LOC004-U02,2026-01-06T15:30:00+00:00,2.227,0.367,9.27
LOC004-U02,2026-01-06T15:45:00+00:00,1.492,0.265,9.0
LOC004-U02,2026-01-06T16:00:00+00:00,2.848,0.288,10.55
LOC004-U02,2026-01-06T16:15:00+00:00,2.141,0.228,9.97
LOC004-U02,2026-01-06T16:30:00+00:00,2.069,0.23,9.04
LOC004-U02,2026-01-06T16:45:00+00:00,2.381,0.252,10.48
LOC004-U02,2026-01-06T17:00:00+00:00,1.381,0.331,10.84
LOC004-U02,2026-01-06T17:15:00+00:00,1.9,0.222,7.65
LOC004-U02,2026-01-06T17:30:00+00:00,2.076,0.3,10.0
LOC004-U02,2026-01-06T17:45:00+00:00,2.183,0.362,7.82
LOC004-U02,2026-01-06T18:00:00+00:00,2.414,0.248,10.1
LOC004-U02,2026-01-06T18:15:00+00:00,1.834,0.331,8.65
LOC004-U02,2026-01-06T18:30:00+00:00,2.344,0.311,6.74
LOC004-U02,2026-01-06T18:45:00+00:00,2.469,0.338,8.02
LOC004-U02,2026-01-06T19:00:00+00:00,2.155,0.253,7.0
LOC004-U02,2026-01-06T19:15:00+00:00,1.05,0.266,8.54
LOC004-U02,2026-01-06T19:30:00+00:00,2.23,0.322,11.39
LOC004-U02,2026-01-06T19:45:00+00:00,1.542,0.323,8.22
LOC004-U02,2026-01-06T20:00:00+00:00,2.252,0.372,11.52
LOC004-U02,2026-01-06T20:15:00+00:00,0.837,0.246,9.22
LOC004-U02,2026-01-06T20:30:00+00:00,1.857,0.264,10.27
LOC004-U02,2026-01-06T20:45:00+00:00,2.291,0.268,7.31
LOC004-U02,2026-01-06T21:00:00+00:00,2.067,0.221,9.98
LOC004-U02,2026-01-06T21:15:00+00:00,1.721,0.368,7.16
LOC004-U02,2026-01-06T21:30:00+00:00,2.067,0.268,6.87
LOC004-U02,2026-01-06T21:45:00+00:00,2.12,0.299,11.54
LOC004-U02,2026-01-06T22:00:00+00:00,2.153,0.26,8.1
LOC004-U02,2026-01-06T22:15:00+00:00,2.963,0.231,11.29
LOC004-U02,2026-01-06T22:30:00+00:00,2.583,0.365,10.54
LOC004-U02,2026-01-06T22:45:00+00:00,1.067,0.311,8.83
LOC004-U02,2026-01-06T23:00:00+00:00,2.222,0.22,11.29
LOC004-U02,2026-01-06T23:15:00+00:00,2.44,0.291,8.64
LOC004-U02,2026-01-06T23:30:00+00:00,2.282,0.239,10.72
LOC004-U02,2026-01-06T23:45:00+00:00,2.069,0.292,7.21
LOC004-U02,2026-01-07T00:00:00+00:00,1.478,0.349,7.39
LOC004-U02,2026-01-07T00:15:00+00:00,2.133,0.356,6.89
LOC004-U02,2026-01-07T00:30:00+00:00,2.405,0.301,9.45
LOC004-U02,2026-01-07T00:45:00+00:00,2.182,0.35,11.03
LOC004-U02,2026-01-07T01:00:00+00:00,1.484,0.319,8.13
LOC004-U02,2026-01-07T01:15:00+00:00,1.987,0.338,9.95
LOC004-U02,2026-01-07T01:30:00+00:00,1.919,0.37,8.21
LOC004-U02,2026-01-07T01:45:00+00:00,1.37,0.363,6.95
LOC004-U02,2026-01-07T02:00:00+00:00,2.357,0.275,8.81
LOC004-U02,2026-01-07T02:15:00+00:00,1.562,0.291,6.99
LOC004-U02,2026-01-07T02:30:00+00:00,2.092,0.377,10.23
LOC004-U02,2026-01-07T02:45:00+00:00,1.587,0.282,10.69
LOC004-U02,2026-01-07T03:00:00+00:00,1.847,0.267,10.69
LOC004-U02,2026-01-07T03:15:00+00:00,2.987,0.254,10.86
LOC004-U02,2026-01-07T03:30:00+00:00,2.26,0.244,7.29
LOC004-U02,2026-01-07T03:45:00+00:00,2.756,0.357,7.52
LOC019-U02,2026-01-06T10:00:00+00:00,2.68,0.268,10.57
LOC019-U02,2026-01-06T10:15:00+00:00,2.248,0.359,11.62
LOC019-U02,2026-01-06T10:30:00+00:00,1.848,0.341,9.0
LOC019-U02,2026-01-06T10:45:00+00:00,2.59,0.369,11.81
LOC019-U02,2026-01-06T11:00:00+00:00,1.705,0.276,9.02
LOC019-U02,2026-01-06T11:15:00+00:00,2.573,0.354,10.5
LOC019-U02,2026-01-06T11:30:00+00:00,2.986,0.276,10.06
LOC019-U02,2026-01-06T11:45:00+00:00,2.158,0.305,6.78
LOC019-U02,2026-01-06T12:00:00+00:00,2.209,0.254,9.65
LOC019-U02,2026-01-06T12:15:00+00:00,2.977,0.314,10.65
LOC019-U02,2026-01-06T12:30:00+00:00,2.145,0.26,7.49
LOC019-U02,2026-01-06T12:45:00+00:00,1.932,0.246,8.01
LOC019-U02,2026-01-06T13:00:00+00:00,1.978,0.36,8.36
LOC019-U02,2026-01-06T13:15:00+00:00,1.977,0.365,8.97
LOC019-U02,2026-01-06T13:30:00+00:00,1.259,0.306,7.34
LOC019-U02,2026-01-06T13:45:00+00:00,2.581,0.376,8.17
LOC019-U02,2026-01-06T14:00:00+00:00,2.285,0.248,7.54
LOC019-U02,2026-01-06T14:15:00+00:00,2.302,0.25,6.59
LOC019-U02,2026-01-06T14:30:00+00:00,1.816,0.293,10.2
LOC019-U02,2026-01-06T14:45:00+00:00,1.441,0.284,7.78
LOC019-U02,2026-01-06T15:00:00+00:00,2.211,0.343,8.48
LOC019-U02,2026-01-06T15:15:00+00:00,1.662,0.304,11.07
LOC019-U02,2026-01-06T15:30:00+00:00,3.029,0.374,9.44
LOC019-U02,2026-01-06T15:45:00+00:00,3.416,0.362,10.11
LOC019-U02,2026-01-06T16:00:00+00:00,2.493,0.273,10.68
LOC019-U02,2026-01-06T16:15:00+00:00,2.636,0.341,8.47
LOC019-U02,2026-01-06T16:30:00+00:00,2.279,0.332,6.94
LOC019-U02,2026-01-06T16:45:00+00:00,1.951,0.24,9.66
LOC019-U02,2026-01-06T17:00:00+00:00,2.58,0.261,8.3
LOC019-U02,2026-01-06T17:15:00+00:00,2.407,0.335,11.04
LOC019-U02,2026-01-06T17:30:00+00:00,2.063,0.252,10.42
LOC019-U02,2026-01-06T17:45:00+00:00,3.365,0.232,8.15
LOC019-U02,2026-01-06T18:00:00+00:00,1.219,0.271,7.91
LOC019-U02,2026-01-06T18:15:00+00:00,2.413,0.301,10.27
LOC019-U02,2026-01-06T18:30:00+00:00,1.744,0.347,9.63
LOC019-U02,2026-01-06T18:45:00+00:00,1.894,0.363,7.09
LOC019-U02,2026-01-06T19:00:00+00:00,2.9,0.283,7.56
LOC019-U02,2026-01-06T19:15:00+00:00,2.038,0.305,6.88
LOC019-U02,2026-01-06T19:30:00+00:00,2.528,0.321,10.55
LOC019-U02,2026-01-06T19:45:00+00:00,1.198,0.235,10.94
LOC019-U02,2026-01-06T20:00:00+00:00,1.636,0.295,7.3
LOC019-U02,2026-01-06T20:15:00+00:00,1.845,0.331,11.13
LOC019-U02,2026-01-06T20:30:00+00:00,1.684,0.31,10.14
LOC019-U02,2026-01-06T20:45:00+00:00,1.552,0.245,8.3
LOC019-U02,2026-01-06T21:00:00+00:00,2.257,0.342,7.61
LOC019-U02,2026-01-06T21:15:00+00:00,2.1,0.355,10.94
LOC019-U02,2026-01-06T21:30:00+00:00,1.535,0.274,10.37
LOC019-U02,2026-01-06T21:45:00+00:00,2.265,0.298,9.22
LOC019-U02,2026-01-06T22:00:00+00:00,0.928,0.253,6.6
LOC019-U02,2026-01-06T22:15:00+00:00,1.655,0.36,8.73
LOC019-U02,2026-01-06T22:30:00+00:00,1.467,0.353,11.37
LOC019-U02,2026-01-06T22:45:00+00:00,1.781,0.285,7.13
LOC019-U02,2026-01-06T23:00:00+00:00,1.878,0.351,7.06
LOC019-U02,2026-01-06T23:15:00+00:00,2.899,0.357,9.13
LOC019-U02,2026-01-06T23:30:00+00:00,1.76,0.242,8.92
LOC019-U02,2026-01-06T23:45:00+00:00,2.011,0.262,9.03
LOC019-U02,2026-01-07T00:00:00+00:00,2.689,0.238,11.39
LOC019-U02,2026-01-07T00:15:00+00:00,2.843,0.273,7.99
LOC019-U02,2026-01-07T00:30:00+00:00,1.735,0.301,8.49
LOC019-U02,2026-01-07T00:45:00+00:00,1.587,0.326,10.55
LOC019-U02,2026-01-07T01:00:00+00:00,1.755,0.228,8.24
LOC019-U02,2026-01-07T01:15:00+00:00,1.764,0.307,8.25
LOC019-U02,2026-01-07T01:30:00+00:00,2.519,0.344,8.31
LOC019-U02,2026-01-07T01:45:00+00:00,2.348,0.287,10.89
LOC019-U02,2026-01-07T02:00:00+00:00,1.856,0.308,11.47
LOC019-U02,2026-01-07T02:15:00+00:00,2.517,0.229,7.18
LOC019-U02,2026-01-07T02:30:00+00:00,1.416,0.299,10.26
LOC019-U02,2026-01-07T02:45:00+00:00,2.201,0.279,7.1
LOC019-U02,2026-01-07T03:00:00+00:00,2.162,0.295,9.79
LOC019-U02,2026-01-07T03:15:00+00:00,2.083,0.367,6.98
LOC019-U02,2026-01-07T03:30:00+00:00,1.671,0.374,6.76
LOC019-U02,2026-01-07T03:45:00+00:00,2.493,0.341,9.85
LOC024-U01,2026-01-06T10:00:00+00:00,1.263,0.245,7.36
LOC024-U01,2026-01-06T10:15:00+00:00,2.227,0.36,7.1
LOC024-U01,2026-01-06T10:30:00+00:00,3.386,0.302,7.97
LOC024-U01,2026-01-06T10:45:00+00:00,2.881,0.309,11.57
LOC024-U01,2026-01-06T11:00:00+00:00,1.648,0.321,9.82
LOC024-U01,2026-01-06T11:15:00+00:00,1.922,0.367,11.18
LOC024-U01,2026-01-06T11:30:00+00:00,2.177,0.27,7.89
LOC024-U01,2026-01-06T11:45:00+00:00,1.574,0.278,7.79
LOC024-U01,2026-01-06T12:00:00+00:00,2.217,0.284,8.39
LOC024-U01,2026-01-06T12:15:00+00:00,1.425,0.327,9.18
LOC024-U01,2026-01-06T12:30:00+00:00,1.849,0.28,8.47
LOC024-U01,2026-01-06T12:45:00+00:00,2.247,0.251,7.51
LOC024-U01,2026-01-06T13:00:00+00:00,2.148,0.36,11.73
LOC024-U01,2026-01-06T13:15:00+00:00,2.076,0.236,9.49
LOC024-U01,2026-01-06T13:30:00+00:00,2.061,0.312,10.78
LOC024-U01,2026-01-06T13:45:00+00:00,1.246,0.324,9.35
LOC024-U01,2026-01-06T14:00:00+00:00,2.597,0.343,7.13
LOC024-U01,2026-01-06T14:15:00+00:00,1.523,0.335,7.59
LOC024-U01,2026-01-06T14:30:00+00:00,2.444,0.361,9.32
LOC024-U01,2026-01-06T14:45:00+00:00,2.175,0.353,9.42
LOC024-U01,2026-01-06T15:00:00+00:00,1.641,0.241,9.78
LOC024-U01,2026-01-06T15:15:00+00:00,2.854,0.22,8.92
LOC024-U01,2026-01-06T15:30:00+00:00,2.08,0.354,10.23
LOC024-U01,2026-01-06T15:45:00+00:00,2.387,0.375,11.32
LOC024-U01,2026-01-06T16:00:00+00:00,2.049,0.281,8.81
LOC024-U01,2026-01-06T16:15:00+00:00,2.166,0.346,11.09
LOC024-U01,2026-01-06T16:30:00+00:00,1.036,0.31,10.48
LOC024-U01,2026-01-06T16:45:00+00:00,1.436,0.317,7.6
LOC024-U01,2026-01-06T17:00:00+00:00,1.635,0.334,9.78
LOC024-U01,2026-01-06T17:15:00+00:00,1.765,0.241,11.12
LOC024-U01,2026-01-06T17:30:00+00:00,2.974,0.336,10.87
LOC024-U01,2026-01-06T17:45:00+00:00,2.917,0.361,9.62
LOC024-U01,2026-01-06T18:00:00+00:00,1.785,0.335,11.37
LOC024-U01,2026-01-06T18:15:00+00:00,1.359,0.375,9.69
LOC024-U01,2026-01-06T18:30:00+00:00,1.814,0.255,10.36
LOC024-U01,2026-01-06T18:45:00+00:00,2.092,0.258,7.65
LOC024-U01,2026-01-06T19:00:00+00:00,2.392,0.306,11.13
LOC024-U01,2026-01-06T19:15:00+00:00,1.757,0.345,7.02
LOC024-U01,2026-01-06T19:30:00+00:00,1.055,0.283,7.7
LOC024-U01,2026-01-06T19:45:00+00:00,2.01,0.238,7.56
LOC024-U01,2026-01-06T20:00:00+00:00,2.47,0.317,7.23
LOC024-U01,2026-01-06T20:15:00+00:00,2.639,0.366,9.82
LOC024-U01,2026-01-06T20:30:00+00:00,2.444,0.308,10.55
LOC024-U01,2026-01-06T20:45:00+00:00,2.119,0.355,7.56
LOC024-U01,2026-01-06T21:00:00+00:00,1.236,0.22,7.02
LOC024-U01,2026-01-06T21:15:00+00:00,1.373,0.351,8.6
LOC024-U01,2026-01-06T21:30:00+00:00,2.039,0.298,9.43
LOC024-U01,2026-01-06T21:45:00+00:00,2.109,0.288,10.85
LOC024-U01,2026-01-06T22:00:00+00:00,1.971,0.318,8.44
LOC024-U01,2026-01-06T22:15:00+00:00,2.313,0.275,6.65
LOC024-U01,2026-01-06T22:30:00+00:00,2.517,0.321,8.68
LOC024-U01,2026-01-06T22:45:00+00:00,3.132,0.289,7.71
LOC024-U01,2026-01-06T23:00:00+00:00,3.013,0.36,7.19
LOC024-U01,2026-01-06T23:15:00+00:00,2.055,0.323,10.4
LOC024-U01,2026-01-06T23:30:00+00:00,0.856,0.259,6.93
LOC024-U01,2026-01-06T23:45:00+00:00,2.522,0.228,9.82
LOC024-U01,2026-01-07T00:00:00+00:00,2.254,0.306,11.02
LOC024-U01,2026-01-07T00:15:00+00:00,2.645,0.379,8.28
LOC024-U01,2026-01-07T00:30:00+00:00,2.206,0.373,9.81
LOC024-U01,2026-01-07T00:45:00+00:00,2.04,0.373,10.03
LOC024-U01,2026-01-07T01:00:00+00:00,2.872,0.345,8.66
LOC024-U01,2026-01-07T01:15:00+00:00,1.235,0.251,10.29
LOC024-U01,2026-01-07T01:30:00+00:00,1.716,0.325,7.8
LOC024-U01,2026-01-07T01:45:00+00:00,1.729,0.279,8.08
LOC024-U01,2026-01-07T02:00:00+00:00,1.42,0.267,9.6
LOC024-U01,2026-01-07T02:15:00+00:00,1.264,0.369,10.81
LOC024-U01,2026-01-07T02:30:00+00:00,2.322,0.259,8.87
LOC024-U01,2026-01-07T02:45:00+00:00,2.669,0.309,11.67
LOC024-U01,2026-01-07T03:00:00+00:00,2.489,0.37,9.04
LOC024-U01,2026-01-07T03:15:00+00:00,1.338,0.266,10.99
LOC024-U01,2026-01-07T03:30:00+00:00,1.833,0.263,10.76
LOC024-U01,2026-01-07T03:45:00+00:00,2.439,0.295,9.45
LOC033-U01,2026-01-06T10:00:00+00:00,2.119,0.296,6.91
LOC033-U01,2026-01-06T10:15:00+00:00,2.67,0.23,8.06
LOC033-U01,2026-01-06T10:30:00+00:00,1.686,0.289,7.11
LOC033-U01,2026-01-06T10:45:00+00:00,1.67,0.255,8.46
LOC033-U01,2026-01-06T11:00:00+00:00,1.802,0.321,9.04
LOC033-U01,2026-01-06T11:15:00+00:00,2.359,0.265,9.85
LOC033-U01,2026-01-06T11:30:00+00:00,2.367,0.336,8.74
LOC033-U01,2026-01-06T11:45:00+00:00,2.305,0.253,7.77
LOC033-U01,2026-01-06T12:00:00+00:00,2.046,0.275,10.57
LOC033-U01,2026-01-06T12:15:00+00:00,2.404,0.365,6.91
LOC033-U01,2026-01-06T12:30:00+00:00,1.394,0.339,10.17
LOC033-U01,2026-01-06T12:45:00+00:00,2.59,0.318,11.01
LOC033-U01,2026-01-06T13:00:00+00:00,2.733,0.223,9.71
LOC033-U01,2026-01-06T13:15:00+00:00,2.106,0.297,10.15
LOC033-U01,2026-01-06T13:30:00+00:00,2.008,0.37,8.69
LOC033-U01,2026-01-06T13:45:00+00:00,2.192,0.339,10.09
LOC033-U01,2026-01-06T14:00:00+00:00,1.486,0.234,6.56
LOC033-U01,2026-01-06T14:15:00+00:00,2.432,0.273,7.15
LOC033-U01,2026-01-06T14:30:00+00:00,1.853,0.345,9.04
LOC033-U01,2026-01-06T14:45:00+00:00,2.053,0.327,8.78
LOC033-U01,2026-01-06T15:00:00+00:00,2.176,0.259,8.68
LOC033-U01,2026-01-06T15:15:00+00:00,2.149,0.274,10.23
LOC033-U01,2026-01-06T15:30:00+00:00,1.958,0.236,6.94
LOC033-U01,2026-01-06T15:45:00+00:00,1.308,0.275,8.66
LOC033-U01,2026-01-06T16:00:00+00:00,1.566,0.253,8.65
LOC033-U01,2026-01-06T16:15:00+00:00,1.732,0.253,10.84
LOC033-U01,2026-01-06T16:30:00+00:00,2.17,0.309,8.99
LOC033-U01,2026-01-06T16:45:00+00:00,2.743,0.279,9.42
LOC033-U01,2026-01-06T17:00:00+00:00,1.684,0.341,7.77
LOC033-U01,2026-01-06T17:15:00+00:00,2.068,0.351,9.94
LOC033-U01,2026-01-06T17:30:00+00:00,2.203,0.228,9.29
LOC033-U01,2026-01-06T17:45:00+00:00,1.955,0.246,9.09
LOC033-U01,2026-01-06T18:00:00+00:00,2.465,0.312,11.77
LOC033-U01,2026-01-06T18:15:00+00:00,2.026,0.261,9.19
LOC033-U01,2026-01-06T18:30:00+00:00,2.33,0.33,8.72
LOC033-U01,2026-01-06T18:45:00+00:00,2.427,0.229,11.03
LOC033-U01,2026-01-06T19:00:00+00:00,1.828,0.297,10.57
LOC033-U01,2026-01-06T19:15:00+00:00,2.246,0.349,6.96
LOC033-U01,2026-01-06T19:30:00+00:00,2.518,0.291,8.11
LOC033-U01,2026-01-06T19:45:00+00:00,1.954,0.31,9.96
LOC033-U01,2026-01-06T20:00:00+00:00,1.491,0.348,9.76
LOC033-U01,2026-01-06T20:15:00+00:00,2.799,0.259,9.18
LOC033-U01,2026-01-06T20:30:00+00:00,2.498,0.276,8.79
LOC033-U01,2026-01-06T20:45:00+00:00,2.183,0.365,10.86
LOC033-U01,2026-01-06T21:00:00+00:00,2.609,0.338,10.42
LOC033-U01,2026-01-06T21:15:00+00:00,3.113,0.259,9.84
LOC033-U01,2026-01-06T21:30:00+00:00,1.949,0.286,8.35
LOC033-U01,2026-01-06T21:45:00+00:00,2.469,0.327,11.74
LOC033-U01,2026-01-06T22:00:00+00:00,3.193,0.278,10.21
LOC033-U01,2026-01-06T22:15:00+00:00,2.01,0.365,9.3
LOC033-U01,2026-01-06T22:30:00+00:00,1.14,0.298,7.26
LOC033-U01,2026-01-06T22:45:00+00:00,2.127,0.236,11.41
LOC033-U01,2026-01-06T23:00:00+00:00,2.257,0.247,9.76
LOC033-U01,2026-01-06T23:15:00+00:00,2.216,0.325,8.81
LOC033-U01,2026-01-06T23:30:00+00:00,1.716,0.231,11.09
LOC033-U01,2026-01-06T23:45:00+00:00,2.387,0.275,7.47
LOC033-U01,2026-01-07T00:00:00+00:00,2.48,0.319,7.62
LOC033-U01,2026-01-07T00:15:00+00:00,1.429,0.246,9.45
LOC033-U01,2026-01-07T00:30:00+00:00,1.511,0.261,10.17
LOC033-U01,2026-01-07T00:45:00+00:00,2.53,0.27,7.32
LOC033-U01,2026-01-07T01:00:00+00:00,2.926,0.263,9.5
LOC033-U01,2026-01-07T01:15:00+00:00,2.162,0.345,6.86
LOC033-U01,2026-01-07T01:30:00+00:00,2.273,0.269,9.81
LOC033-U01,2026-01-07T01:45:00+00:00,2.036,0.3,8.98
LOC033-U01,2026-01-07T02:00:00+00:00,2.56,0.297,9.85
LOC033-U01,2026-01-07T02:15:00+00:00,1.98,0.349,8.46
LOC033-U01,2026-01-07T02:30:00+00:00,1.945,0.345,7.01
LOC033-U01,2026-01-07T02:45:00+00:00,1.588,0.24,6.56
LOC033-U01,2026-01-07T03:00:00+00:00,2.178,0.254,10.45
LOC033-U01,2026-01-07T03:15:00+00:00,2.326,0.379,8.15
LOC033-U01,2026-01-07T03:30:00+00:00,2.117,0.285,10.41
LOC033-U01,2026-01-07T03:45:00+00:00,1.913,0.36,11.42
LOC038-U02,2026-01-06T10:00:00+00:00,1.885,0.229,10.2
LOC038-U02,2026-01-06T10:15:00+00:00,3.52,0.249,10.04
LOC038-U02,2026-01-06T10:30:00+00:00,2.07,0.321,7.71
LOC038-U02,2026-01-06T10:45:00+00:00,2.669,0.267,10.68
LOC038-U02,2026-01-06T11:00:00+00:00,1.142,0.36,6.58
LOC038-U02,2026-01-06T11:15:00+00:00,1.504,0.33,6.96
LOC038-U02,2026-01-06T11:30:00+00:00,2.54,0.361,8.58
LOC038-U02,2026-01-06T11:45:00+00:00,2.71,0.246,6.98
LOC038-U02,2026-01-06T12:00:00+00:00,2.009,0.29,9.6
LOC038-U02,2026-01-06T12:15:00+00:00,2.465,0.284,11.41
LOC038-U02,2026-01-06T12:30:00+00:00,2.583,0.367,11.85
LOC038-U02,2026-01-06T12:45:00+00:00,2.804,0.278,8.96
LOC038-U02,2026-01-06T13:00:00+00:00,2.512,0.35,8.81
LOC038-U02,2026-01-06T13:15:00+00:00,1.997,0.232,9.48
LOC038-U02,2026-01-06T13:30:00+00:00,2.19,0.316,9.21
LOC038-U02,2026-01-06T13:45:00+00:00,2.878,0.37,9.91
LOC038-U02,2026-01-06T14:00:00+00:00,1.809,0.232,11.32
LOC038-U02,2026-01-06T14:15:00+00:00,2.798,0.221,8.36
LOC038-U02,2026-01-06T14:30:00+00:00,1.163,0.254,6.76
LOC038-U02,2026-01-06T14:45:00+00:00,1.922,0.343,10.68
LOC038-U02,2026-01-06T15:00:00+00:00,1.794,0.366,10.34
LOC038-U02,2026-01-06T15:15:00+00:00,2.043,0.27,9.32
LOC038-U02,2026-01-06T15:30:00+00:00,3.092,0.253,11.21
LOC038-U02,2026-01-06T15:45:00+00:00,2.596,0.268,7.62
LOC038-U02,2026-01-06T16:00:00+00:00,2.149,0.292,11.39
LOC038-U02,2026-01-06T16:15:00+00:00,3.508,0.356,8.41
LOC038-U02,2026-01-06T16:30:00+00:00,2.577,0.332,11.39
LOC038-U02,2026-01-06T16:45:00+00:00,2.761,0.327,8.6
LOC038-U02,2026-01-06T17:00:00+00:00,2.749,0.358,9.45
LOC038-U02,2026-01-06T17:15:00+00:00,1.637,0.345,11.51
LOC038-U02,2026-01-06T17:30:00+00:00,2.501,0.369,7.04
LOC038-U02,2026-01-06T17:45:00+00:00,1.259,0.268,7.45
LOC038-U02,2026-01-06T18:00:00+00:00,2.357,0.282,9.74
LOC038-U02,2026-01-06T18:15:00+00:00,2.536,0.244,9.27
LOC038-U02,2026-01-06T18:30:00+00:00,2.1,0.361,8.43
LOC038-U02,2026-01-06T18:45:00+00:00,3.257,0.354,11.36
LOC038-U02,2026-01-06T19:00:00+00:00,2.044,0.248,9.13
LOC038-U02,2026-01-06T19:15:00+00:00,2.009,0.222,7.0
LOC038-U02,2026-01-06T19:30:00+00:00,1.313,0.245,7.7
LOC038-U02,2026-01-06T19:45:00+00:00,2.188,0.287,9.82
LOC038-U02,2026-01-06T20:00:00+00:00,1.123,0.273,9.94
LOC038-U02,2026-01-06T20:15:00+00:00,2.635,0.338,8.72
LOC038-U02,2026-01-06T20:30:00+00:00,3.089,0.259,7.75
LOC038-U02,2026-01-06T20:45:00+00:00,1.156,0.354,8.07
LOC038-U02,2026-01-06T21:00:00+00:00,1.967,0.325,7.7
LOC038-U02,2026-01-06T21:15:00+00:00,1.805,0.309,7.31
LOC038-U02,2026-01-06T21:30:00+00:00,2.802,0.24,6.77
LOC038-U02,2026-01-06T21:45:00+00:00,2.167,0.341,11.12
LOC038-U02,2026-01-06T22:00:00+00:00,2.125,0.306,9.74
LOC038-U02,2026-01-06T22:15:00+00:00,2.231,0.372,11.58
LOC038-U02,2026-01-06T22:30:00+00:00,2.222,0.258,6.82
LOC038-U02,2026-01-06T22:45:00+00:00,3.106,0.369,8.1
LOC038-U02,2026-01-06T23:00:00+00:00,1.503,0.229,7.53
LOC038-U02,2026-01-06T23:15:00+00:00,2.545,0.299,7.31
LOC038-U02,2026-01-06T23:30:00+00:00,2.689,0.236,8.19
LOC038-U02,2026-01-06T23:45:00+00:00,1.57,0.372,6.87
LOC038-U02,2026-01-07T00:00:00+00:00,2.244,0.294,10.58
LOC038-U02,2026-01-07T00:15:00+00:00,2.213,0.301,11.43
LOC038-U02,2026-01-07T00:30:00+00:00,2.626,0.362,10.12
LOC038-U02,2026-01-07T00:45:00+00:00,3.081,0.24,9.85
LOC038-U02,2026-01-07T01:00:00+00:00,2.691,0.228,8.91
LOC038-U02,2026-01-07T01:15:00+00:00,1.689,0.311,8.55
LOC038-U02,2026-01-07T01:30:00+00:00,2.5,0.338,11.74
LOC038-U02,2026-01-07T01:45:00+00:00,3.287,0.316,9.75
LOC038-U02,2026-01-07T02:00:00+00:00,2.484,0.371,11.01
LOC038-U02,2026-01-07T02:15:00+00:00,1.304,0.362,8.97
LOC038-U02,2026-01-07T02:30:00+00:00,2.278,0.353,10.13
LOC038-U02,2026-01-07T02:45:00+00:00,1.123,0.23,7.52
LOC038-U02,2026-01-07T03:00:00+00:00,2.103,0.349,7.74
LOC038-U02,2026-01-07T03:15:00+00:00,2.328,0.339,10.67
LOC038-U02,2026-01-07T03:30:00+00:00,2.522,0.266,9.77
LOC038-U02,2026-01-07T03:45:00+00:00,1.547,0.22,7.05
LOC027-U02,2026-01-06T10:00:00+00:00,2.226,0.244,9.45
LOC027-U02,2026-01-06T10:15:00+00:00,2.811,0.297,8.74
LOC027-U02,2026-01-06T10:30:00+00:00,1.124,0.266,9.99
LOC027-U02,2026-01-06T10:45:00+00:00,3.144,0.352,8.62
LOC027-U02,2026-01-06T11:00:00+00:00,1.65,0.335,7.86
LOC027-U02,2026-01-06T11:15:00+00:00,2.139,0.271,9.85
LOC027-U02,2026-01-06T11:30:00+00:00,2.146,0.298,9.26
LOC027-U02,2026-01-06T11:45:00+00:00,2.074,0.372,9.58
LOC027-U02,2026-01-06T12:00:00+00:00,2.545,0.229,7.16
LOC027-U02,2026-01-06T12:15:00+00:00,1.912,0.28,8.91
LOC027-U02,2026-01-06T12:30:00+00:00,1.675,0.271,10.55
LOC027-U02,2026-01-06T12:45:00+00:00,1.888,0.23,7.96
LOC027-U02,2026-01-06T13:00:00+00:00,1.968,0.307,11.13
LOC027-U02,2026-01-06T13:15:00+00:00,2.733,0.312,6.98
LOC027-U02,2026-01-06T13:30:00+00:00,1.799,0.296,6.95
LOC027-U02,2026-01-06T13:45:00+00:00,2.175,0.305,8.34
LOC027-U02,2026-01-06T14:00:00+00:00,2.657,0.303,7.26
LOC027-U02,2026-01-06T14:15:00+00:00,1.139,0.27,8.09
LOC027-U02,2026-01-06T14:30:00+00:00,2.573,0.245,9.09
LOC027-U02,2026-01-06T14:45:00+00:00,3.05,0.243,8.78
LOC027-U02,2026-01-06T15:00:00+00:00,2.195,0.277,9.52
LOC027-U02,2026-01-06T15:15:00+00:00,1.589,0.278,7.34
LOC027-U02,2026-01-06T15:30:00+00:00,3.062,0.294,9.04
LOC027-U02,2026-01-06T15:45:00+00:00,1.188,0.342,11.33
LOC027-U02,2026-01-06T16:00:00+00:00,1.011,0.274,8.74
LOC027-U02,2026-01-06T16:15:00+00:00,3.558,0.307,11.83
LOC027-U02,2026-01-06T16:30:00+00:00,1.957,0.366,7.3
LOC027-U02,2026-01-06T16:45:00+00:00,2.146,0.258,8.14
LOC027-U02,2026-01-06T17:00:00+00:00,2.219,0.375,9.34
LOC027-U02,2026-01-06T17:15:00+00:00,2.751,0.258,7.17
LOC027-U02,2026-01-06T17:30:00+00:00,2.526,0.255,10.19
LOC027-U02,2026-01-06T17:45:00+00:00,2.057,0.24,10.65
LOC027-U02,2026-01-06T18:00:00+00:00,1.702,0.222,9.21
LOC027-U02,2026-01-06T18:15:00+00:00,3.57,0.269,10.64
LOC027-U02,2026-01-06T18:30:00+00:00,1.662,0.37,9.21
LOC027-U02,2026-01-06T18:45:00+00:00,1.513,0.279,10.35
LOC027-U02,2026-01-06T19:00:00+00:00,2.945,0.319,7.84
LOC027-U02,2026-01-06T19:15:00+00:00,1.707,0.322,10.91
LOC027-U02,2026-01-06T19:30:00+00:00,1.958,0.347,11.17
LOC027-U02,2026-01-06T19:45:00+00:00,1.21,0.371,6.61
LOC027-U02,2026-01-06T20:00:00+00:00,1.554,0.299,6.51
LOC027-U02,2026-01-06T20:15:00+00:00,3.125,0.351,9.99
LOC027-U02,2026-01-06T20:30:00+00:00,2.251,0.321,9.48
LOC027-U02,2026-01-06T20:45:00+00:00,1.546,0.317,11.32
LOC027-U02,2026-01-06T21:00:00+00:00,1.951,0.236,6.81
LOC027-U02,2026-01-06T21:15:00+00:00,0.986,0.226,7.46
LOC027-U02,2026-01-06T21:30:00+00:00,1.873,0.377,9.17
LOC027-U02,2026-01-06T21:45:00+00:00,3.044,0.272,9.48
LOC027-U02,2026-01-06T22:00:00+00:00,1.507,0.236,6.75
LOC027-U02,2026-01-06T22:15:00+00:00,2.227,0.331,11.47
LOC027-U02,2026-01-06T22:30:00+00:00,2.007,0.359,10.4
LOC027-U02,2026-01-06T22:45:00+00:00,3.254,0.294,7.61
LOC027-U02,2026-01-06T23:00:00+00:00,1.243,0.234,10.0
LOC027-U02,2026-01-06T23:15:00+00:00,1.6,0.229,7.94
LOC027-U02,2026-01-06T23:30:00+00:00,3.157,0.31,11.92
LOC027-U02,2026-01-06T23:45:00+00:00,2.488,0.234,8.66
LOC027-U02,2026-01-07T00:00:00+00:00,2.163,0.283,10.65
LOC027-U02,2026-01-07T00:15:00+00:00,2.318,0.242,8.4
LOC027-U02,2026-01-07T00:30:00+00:00,2.759,0.327,11.51
LOC027-U02,2026-01-07T00:45:00+00:00,2.878,0.322,10.79
LOC027-U02,2026-01-07T01:00:00+00:00,1.751,0.267,6.54
LOC027-U02,2026-01-07T01:15:00+00:00,1.991,0.269,7.33
LOC027-U02,2026-01-07T01:30:00+00:00,2.377,0.232,8.32
LOC027-U02,2026-01-07T01:45:00+00:00,2.947,0.245,7.53
LOC027-U02,2026-01-07T02:00:00+00:00,1.287,0.243,8.06
LOC027-U02,2026-01-07T02:15:00+00:00,1.284,0.362,11.24
LOC027-U02,2026-01-07T02:30:00+00:00,3.136,0.254,9.06
LOC027-U02,2026-01-07T02:45:00+00:00,1.802,0.28,7.08
LOC027-U02,2026-01-07T03:00:00+00:00,2.492,0.35,9.12
LOC027-U02,2026-01-07T03:15:00+00:00,1.606,0.226,7.52
LOC027-U02,2026-01-07T03:30:00+00:00,3.123,0.33,10.41
LOC027-U02,2026-01-07T03:45:00+00:00,2.189,0.364,8.87
LOC003-U02,2026-01-06T10:00:00+00:00,1.384,0.247,11.21
LOC003-U02,2026-01-06T10:15:00+00:00,2.899,0.278,9.5
LOC003-U02,2026-01-06T10:30:00+00:00,1.642,0.308,10.88
LOC003-U02,2026-01-06T10:45:00+00:00,2.21,0.267,11.06
LOC003-U02,2026-01-06T11:00:00+00:00,1.738,0.38,6.93
LOC003-U02,2026-01-06T11:15:00+00:00,2.457,0.287,9.44
LOC003-U02,2026-01-06T11:30:00+00:00,2.872,0.357,9.74
LOC003-U02,2026-01-06T11:45:00+00:00,2.197,0.249,8.52
LOC003-U02,2026-01-06T12:00:00+00:00,2.737,0.327,8.63
LOC003-U02,2026-01-06T12:15:00+00:00,1.586,0.238,8.7
LOC003-U02,2026-01-06T12:30:00+00:00,1.796,0.309,7.09
LOC003-U02,2026-01-06T12:45:00+00:00,2.152,0.241,11.47
LOC003-U02,2026-01-06T13:00:00+00:00,1.997,0.227,10.03
LOC003-U02,2026-01-06T13:15:00+00:00,2.375,0.241,11.21
LOC003-U02,2026-01-06T13:30:00+00:00,1.46,0.355,6.61
LOC003-U02,2026-01-06T13:45:00+00:00,3.076,0.303,9.52
LOC003-U02,2026-01-06T14:00:00+00:00,1.874,0.29,8.63
LOC003-U02,2026-01-06T14:15:00+00:00,1.668,0.221,10.93
LOC003-U02,2026-01-06T14:30:00+00:00,1.817,0.256,8.04
LOC003-U02,2026-01-06T14:45:00+00:00,1.526,0.263,9.86
LOC003-U02,2026-01-06T15:00:00+00:00,2.347,0.262,9.48
LOC003-U02,2026-01-06T15:15:00+00:00,2.16,0.309,8.0
LOC003-U02,2026-01-06T15:30:00+00:00,1.77,0.242,7.89
LOC003-U02,2026-01-06T15:45:00+00:00,2.02,0.281,8.04
LOC003-U02,2026-01-06T16:00:00+00:00,1.088,0.325,8.69
LOC003-U02,2026-01-06T16:15:00+00:00,2.349,0.359,8.41
LOC003-U02,2026-01-06T16:30:00+00:00,2.004,0.342,10.63
LOC003-U02,2026-01-06T16:45:00+00:00,2.494,0.34,7.56
LOC003-U02,2026-01-06T17:00:00+00:00,2.822,0.269,7.83
LOC003-U02,2026-01-06T17:15:00+00:00,2.183,0.309,10.58
LOC003-U02,2026-01-06T17:30:00+00:00,1.17,0.297,6.96
LOC003-U02,2026-01-06T17:45:00+00:00,1.781,0.301,9.88
LOC003-U02,2026-01-06T18:00:00+00:00,3.098,0.375,12.0
LOC003-U02,2026-01-06T18:15:00+00:00,2.89,0.375,11.23
LOC003-U02,2026-01-06T18:30:00+00:00,2.325,0.289,9.11
LOC003-U02,2026-01-06T18:45:00+00:00,2.666,0.303,8.92
LOC003-U02,2026-01-06T19:00:00+00:00,2.752,0.235,10.82
LOC003-U02,2026-01-06T19:15:00+00:00,2.161,0.251,11.4
LOC003-U02,2026-01-06T19:30:00+00:00,2.66,0.234,9.48
LOC003-U02,2026-01-06T19:45:00+00:00,2.739,0.298,11.03
LOC003-U02,2026-01-06T20:00:00+00:00,2.369,0.298,9.58
LOC003-U02,2026-01-06T20:15:00+00:00,2.082,0.35,9.22
LOC003-U02,2026-01-06T20:30:00+00:00,2.206,0.372,9.87
LOC003-U02,2026-01-06T20:45:00+00:00,1.155,0.24,9.77
LOC003-U02,2026-01-06T21:00:00+00:00,2.757,0.287,10.05
LOC003-U02,2026-01-06T21:15:00+00:00,2.176,0.273,6.62
LOC003-U02,2026-01-06T21:30:00+00:00,2.226,0.26,10.91
LOC003-U02,2026-01-06T21:45:00+00:00,2.259,0.359,7.38
LOC003-U02,2026-01-06T22:00:00+00:00,2.769,0.298,10.34
LOC003-U02,2026-01-06T22:15:00+00:00,2.29,0.319,7.5
LOC003-U02,2026-01-06T22:30:00+00:00,1.451,0.28,6.47
LOC003-U02,2026-01-06T22:45:00+00:00,2.33,0.257,8.01
LOC003-U02,2026-01-06T23:00:00+00:00,2.257,0.224,11.39
LOC003-U02,2026-01-06T23:15:00+00:00,2.236,0.229,9.58
LOC003-U02,2026-01-06T23:30:00+00:00,2.617,0.364,10.7
LOC003-U02,2026-01-06T23:45:00+00:00,1.64,0.328,7.76
LOC003-U02,2026-01-07T00:00:00+00:00,2.944,0.308,11.67
LOC003-U02,2026-01-07T00:15:00+00:00,2.038,0.333,9.56
LOC003-U02,2026-01-07T00:30:00+00:00,2.468,0.244,7.27
LOC003-U02,2026-01-07T00:45:00+00:00,2.689,0.311,11.7
LOC003-U02,2026-01-07T01:00:00+00:00,2.394,0.346,10.62
LOC003-U02,2026-01-07T01:15:00+00:00,1.881,0.345,8.46
LOC003-U02,2026-01-07T01:30:00+00:00,2.59,0.268,8.59
LOC003-U02,2026-01-07T01:45:00+00:00,1.896,0.282,10.62
LOC003-U02,2026-01-07T02:00:00+00:00,2.062,0.308,8.83
LOC003-U02,2026-01-07T02:15:00+00:00,3.029,0.332,9.47
LOC003-U02,2026-01-07T02:30:00+00:00,1.608,0.345,7.59
LOC003-U02,2026-01-07T02:45:00+00:00,1.432,0.323,9.07
LOC003-U02,2026-01-07T03:00:00+00:00,2.153,0.365,11.63
LOC003-U02,2026-01-07T03:15:00+00:00,2.233,0.23,7.61
LOC003-U02,2026-01-07T03:30:00+00:00,2.721,0.263,6.81
LOC003-U02,2026-01-07T03:45:00+00:00,1.619,0.379,11.11
LOC036-U01,2026-01-06T10:00:00+00:00,2.728,0.241,7.41
LOC036-U01,2026-01-06T10:15:00+00:00,2.168,0.271,7.67
LOC036-U01,2026-01-06T10:30:00+00:00,2.561,0.316,11.4
LOC036-U01,2026-01-06T10:45:00+00:00,1.444,0.349,11.01
LOC036-U01,2026-01-06T11:00:00+00:00,1.595,0.284,9.64
LOC036-U01,2026-01-06T11:15:00+00:00,2.29,0.276,8.62
LOC036-U01,2026-01-06T11:30:00+00:00,1.489,0.353,9.76
LOC036-U01,2026-01-06T11:45:00+00:00,1.952,0.27,7.73
LOC036-U01,2026-01-06T12:00:00+00:00,1.848,0.281,7.56
LOC036-U01,2026-01-06T12:15:00+00:00,1.99,0.281,10.43
LOC036-U01,2026-01-06T12:30:00+00:00,1.015,0.35,6.78
LOC036-U01,2026-01-06T12:45:00+00:00,3.062,0.307,10.49
LOC036-U01,2026-01-06T13:00:00+00:00,1.942,0.333,8.88
LOC036-U01,2026-01-06T13:15:00+00:00,2.296,0.359,9.89
LOC036-U01,2026-01-06T13:30:00+00:00,2.835,0.235,7.16
LOC036-U01,2026-01-06T13:45:00+00:00,1.833,0.245,9.13
LOC036-U01,2026-01-06T14:00:00+00:00,2.627,0.233,9.92
LOC036-U01,2026-01-06T14:15:00+00:00,1.303,0.274,10.03
LOC036-U01,2026-01-06T14:30:00+00:00,1.429,0.323,10.82
LOC036-U01,2026-01-06T14:45:00+00:00,1.631,0.277,8.97
LOC036-U01,2026-01-06T15:00:00+00:00,1.919,0.301,9.72
LOC036-U01,2026-01-06T15:15:00+00:00,2.911,0.271,11.04
LOC036-U01,2026-01-06T15:30:00+00:00,1.879,0.353,7.39
LOC036-U01,2026-01-06T15:45:00+00:00,1.574,0.294,7.31
LOC036-U01,2026-01-06T16:00:00+00:00,2.478,0.299,9.67
LOC036-U01,2026-01-06T16:15:00+00:00,2.547,0.227,9.43
LOC036-U01,2026-01-06T16:30:00+00:00,1.736,0.241,7.13
LOC036-U01,2026-01-06T16:45:00+00:00,2.598,0.299,7.77
LOC036-U01,2026-01-06T17:00:00+00:00,2.453,0.292,7.56
LOC036-U01,2026-01-06T17:15:00+00:00,1.474,0.292,10.9
LOC036-U01,2026-01-06T17:30:00+00:00,2.285,0.242,8.01
LOC036-U01,2026-01-06T17:45:00+00:00,1.899,0.248,6.95
LOC036-U01,2026-01-06T18:00:00+00:00,2.443,0.284,7.37
LOC036-U01,2026-01-06T18:15:00+00:00,2.07,0.308,9.78
LOC036-U01,2026-01-06T18:30:00+00:00,1.864,0.319,11.18
LOC036-U01,2026-01-06T18:45:00+00:00,1.921,0.281,11.42
LOC036-U01,2026-01-06T19:00:00+00:00,2.012,0.353,7.82
LOC036-U01,2026-01-06T19:15:00+00:00,2.307,0.362,7.6
LOC036-U01,2026-01-06T19:30:00+00:00,2.266,0.349,9.68
LOC036-U01,2026-01-06T19:45:00+00:00,1.423,0.298,6.92
LOC036-U01,2026-01-06T20:00:00+00:00,3.158,0.31,8.51
LOC036-U01,2026-01-06T20:15:00+00:00,2.632,0.255,8.03
LOC036-U01,2026-01-06T20:30:00+00:00,2.659,0.272,9.28
LOC036-U01,2026-01-06T20:45:00+00:00,2.79,0.37,7.04
LOC036-U01,2026-01-06T21:00:00+00:00,2.578,0.272,10.45
LOC036-U01,2026-01-06T21:15:00+00:00,2.575,0.334,7.21
LOC036-U01,2026-01-06T21:30:00+00:00,1.207,0.231,8.49
LOC036-U01,2026-01-06T21:45:00+00:00,1.211,0.358,8.24
LOC036-U01,2026-01-06T22:00:00+00:00,2.427,0.316,10.27
LOC036-U01,2026-01-06T22:15:00+00:00,2.244,0.246,9.88
LOC036-U01,2026-01-06T22:30:00+00:00,1.123,0.285,10.5
LOC036-U01,2026-01-06T22:45:00+00:00,2.194,0.274,11.14
LOC036-U01,2026-01-06T23:00:00+00:00,2.251,0.329,9.83
LOC036-U01,2026-01-06T23:15:00+00:00,2.704,0.335,9.46
LOC036-U01,2026-01-06T23:30:00+00:00,1.759,0.335,8.59
LOC036-U01,2026-01-06T23:45:00+00:00,2.089,0.353,7.89
LOC036-U01,2026-01-07T00:00:00+00:00,1.045,0.333,7.66
LOC036-U01,2026-01-07T00:15:00+00:00,1.762,0.317,7.56
LOC036-U01,2026-01-07T00:30:00+00:00,2.256,0.352,9.65
LOC036-U01,2026-01-07T00:45:00+00:00,1.953,0.297,8.56
LOC036-U01,2026-01-07T01:00:00+00:00,2.471,0.262,8.8
LOC036-U01,2026-01-07T01:15:00+00:00,1.867,0.268,6.8
LOC036-U01,2026-01-07T01:30:00+00:00,2.426,0.366,6.93
LOC036-U01,2026-01-07T01:45:00+00:00,1.293,0.344,11.36
LOC036-U01,2026-01-07T02:00:00+00:00,2.018,0.253,8.76
LOC036-U01,2026-01-07T02:15:00+00:00,2.247,0.276,9.69
LOC036-U01,2026-01-07T02:30:00+00:00,1.976,0.221,7.18
LOC036-U01,2026-01-07T02:45:00+00:00,1.598,0.286,9.13
LOC036-U01,2026-01-07T03:00:00+00:00,2.17,0.351,9.22
LOC036-U01,2026-01-07T03:15:00+00:00,1.589,0.344,6.99
LOC036-U01,2026-01-07T03:30:00+00:00,1.831,0.235,9.61
LOC036-U01,2026-01-07T03:45:00+00:00,3.183,0.285,7.58
LOC035-U01,2026-01-06T10:00:00+00:00,2.328,0.268,7.96
LOC035-U01,2026-01-06T10:15:00+00:00,1.853,0.317,8.95
LOC035-U01,2026-01-06T10:30:00+00:00,1.978,0.271,9.04
LOC035-U01,2026-01-06T10:45:00+00:00,2.344,0.343,9.48
LOC035-U01,2026-01-06T11:00:00+00:00,2.098,0.344,11.64
LOC035-U01,2026-01-06T11:15:00+00:00,1.628,0.265,10.26
LOC035-U01,2026-01-06T11:30:00+00:00,1.782,0.364,9.86
LOC035-U01,2026-01-06T11:45:00+00:00,1.885,0.29,8.08
LOC035-U01,2026-01-06T12:00:00+00:00,2.519,0.243,7.8
LOC035-U01,2026-01-06T12:15:00+00:00,1.892,0.302,7.21
LOC035-U01,2026-01-06T12:30:00+00:00,2.24,0.348,8.17
LOC035-U01,2026-01-06T12:45:00+00:00,1.248,0.229,10.86
LOC035-U01,2026-01-06T13:00:00+00:00,1.623,0.3,8.22
LOC035-U01,2026-01-06T13:15:00+00:00,2.096,0.301,8.57
LOC035-U01,2026-01-06T13:30:00+00:00,2.703,0.347,9.76
LOC035-U01,2026-01-06T13:45:00+00:00,2.377,0.253,11.55
LOC035-U01,2026-01-06T14:00:00+00:00,2.466,0.319,7.84
LOC035-U01,2026-01-06T14:15:00+00:00,1.939,0.354,8.03
LOC035-U01,2026-01-06T14:30:00+00:00,2.35,0.376,10.95
LOC035-U01,2026-01-06T14:45:00+00:00,1.493,0.255,10.32
LOC035-U01,2026-01-06T15:00:00+00:00,2.336,0.247,9.26
LOC035-U01,2026-01-06T15:15:00+00:00,2.548,0.24,6.67
LOC035-U01,2026-01-06T15:30:00+00:00,2.894,0.303,10.03
LOC035-U01,2026-01-06T15:45:00+00:00,1.92,0.277,9.06
LOC035-U01,2026-01-06T16:00:00+00:00,2.512,0.257,8.52
LOC035-U01,2026-01-06T16:15:00+00:00,2.358,0.281,8.12
LOC035-U01,2026-01-06T16:30:00+00:00,1.378,0.35,8.72
LOC035-U01,2026-01-06T16:45:00+00:00,1.402,0.363,8.03
LOC035-U01,2026-01-06T17:00:00+00:00,2.812,0.326,8.87
LOC035-U01,2026-01-06T17:15:00+00:00,2.269,0.338,11.52
LOC035-U01,2026-01-06T17:30:00+00:00,1.023,0.356,8.79
LOC035-U01,2026-01-06T17:45:00+00:00,2.763,0.372,9.16
LOC035-U01,2026-01-06T18:00:00+00:00,2.502,0.364,9.84
LOC035-U01,2026-01-06T18:15:00+00:00,2.096,0.27,8.3
LOC035-U01,2026-01-06T18:30:00+00:00,2.39,0.227,11.42
LOC035-U01,2026-01-06T18:45:00+00:00,2.165,0.247,10.11
LOC035-U01,2026-01-06T19:00:00+00:00,2.199,0.37,11.4
LOC035-U01,2026-01-06T19:15:00+00:00,1.949,0.357,8.12
LOC035-U01,2026-01-06T19:30:00+00:00,2.031,0.268,9.96
LOC035-U01,2026-01-06T19:45:00+00:00,1.27,0.339,9.85
LOC035-U01,2026-01-06T20:00:00+00:00,2.047,0.34,8.59
LOC035-U01,2026-01-06T20:15:00+00:00,2.148,0.311,10.29
LOC035-U01,2026-01-06T20:30:00+00:00,1.901,0.224,9.21
LOC035-U01,2026-01-06T20:45:00+00:00,2.443,0.314,8.25
LOC035-U01,2026-01-06T21:00:00+00:00,1.6,0.378,10.45
LOC035-U01,2026-01-06T21:15:00+00:00,1.715,0.234,8.39
LOC035-U01,2026-01-06T21:30:00+00:00,1.176,0.329,8.9
LOC035-U01,2026-01-06T21:45:00+00:00,1.469,0.275,7.32
LOC035-U01,2026-01-06T22:00:00+00:00,2.123,0.231,9.98
LOC035-U01,2026-01-06T22:15:00+00:00,2.764,0.313,9.32
LOC035-U01,2026-01-06T22:30:00+00:00,2.496,0.294,7.47
LOC035-U01,2026-01-06T22:45:00+00:00,1.311,0.339,7.19
LOC035-U01,2026-01-06T23:00:00+00:00,2.353,0.361,9.67
LOC035-U01,2026-01-06T23:15:00+00:00,3.07,0.28,7.2
LOC035-U01,2026-01-06T23:30:00+00:00,1.642,0.251,8.81
LOC035-U01,2026-01-06T23:45:00+00:00,1.137,0.371,9.86
LOC035-U01,2026-01-07T00:00:00+00:00,2.302,0.344,10.01
LOC035-U01,2026-01-07T00:15:00+00:00,0.957,0.269,8.29
LOC035-U01,2026-01-07T00:30:00+00:00,2.088,0.252,10.8
LOC035-U01,2026-01-07T00:45:00+00:00,1.353,0.269,6.99
LOC035-U01,2026-01-07T01:00:00+00:00,2.23,0.248,9.03
LOC035-U01,2026-01-07T01:15:00+00:00,1.296,0.336,11.27
LOC035-U01,2026-01-07T01:30:00+00:00,1.21,0.317,8.11
LOC035-U01,2026-01-07T01:45:00+00:00,1.76,0.325,6.67
LOC035-U01,2026-01-07T02:00:00+00:00,1.75,0.376,9.41
LOC035-U01,2026-01-07T02:15:00+00:00,1.601,0.283,8.18
LOC035-U01,2026-01-07T02:30:00+00:00,2.734,0.318,10.05
LOC035-U01,2026-01-07T02:45:00+00:00,2.24,0.303,10.54
LOC035-U01,2026-01-07T03:00:00+00:00,2.442,0.368,11.73
LOC035-U01,2026-01-07T03:15:00+00:00,1.633,0.238,8.88
LOC035-U01,2026-01-07T03:30:00+00:00,1.535,0.302,8.1
LOC035-U01,2026-01-07T03:45:00+00:00,2.469,0.231,10.13
LOC001-U01,2026-01-06T10:00:00+00:00,1.335,0.284,9.16
LOC001-U01,2026-01-06T10:15:00+00:00,1.649,0.274,9.97
LOC001-U01,2026-01-06T10:30:00+00:00,2.036,0.346,9.78
LOC001-U01,2026-01-06T10:45:00+00:00,2.564,0.245,9.95
LOC001-U01,2026-01-06T11:00:00+00:00,3.042,0.379,9.1
LOC001-U01,2026-01-06T11:15:00+00:00,2.184,0.3,10.61
LOC001-U01,2026-01-06T11:30:00+00:00,2.797,0.378,9.69
LOC001-U01,2026-01-06T11:45:00+00:00,1.789,0.223,8.65
LOC001-U01,2026-01-06T12:00:00+00:00,1.597,0.293,7.27
LOC001-U01,2026-01-06T12:15:00+00:00,3.087,0.332,10.42
LOC001-U01,2026-01-06T12:30:00+00:00,2.424,0.336,9.71
LOC001-U01,2026-01-06T12:45:00+00:00,1.732,0.233,9.24
LOC001-U01,2026-01-06T13:00:00+00:00,3.123,0.367,10.31
LOC001-U01,2026-01-06T13:15:00+00:00,1.811,0.322,7.39
LOC001-U01,2026-01-06T13:30:00+00:00,1.602,0.278,7.7
LOC001-U01,2026-01-06T13:45:00+00:00,2.565,0.29,6.94
LOC001-U01,2026-01-06T14:00:00+00:00,1.763,0.238,8.45
LOC001-U01,2026-01-06T14:15:00+00:00,1.629,0.352,8.03
LOC001-U01,2026-01-06T14:30:00+00:00,1.954,0.341,10.2
LOC001-U01,2026-01-06T14:45:00+00:00,2.564,0.279,11.03
LOC001-U01,2026-01-06T15:00:00+00:00,2.129,0.332,11.23
LOC001-U01,2026-01-06T15:15:00+00:00,1.7,0.239,8.06
LOC001-U01,2026-01-06T15:30:00+00:00,1.513,0.343,8.13
LOC001-U01,2026-01-06T15:45:00+00:00,1.641,0.313,6.71
LOC001-U01,2026-01-06T16:00:00+00:00,2.026,0.311,6.8
LOC001-U01,2026-01-06T16:15:00+00:00,1.91,0.243,8.05
LOC001-U01,2026-01-06T16:30:00+00:00,2.46,0.292,7.36
LOC001-U01,2026-01-06T16:45:00+00:00,1.95,0.248,7.43
LOC001-U01,2026-01-06T17:00:00+00:00,2.285,0.317,10.89
LOC001-U01,2026-01-06T17:15:00+00:00,1.356,0.332,8.09
LOC001-U01,2026-01-06T17:30:00+00:00,2.206,0.251,7.17
LOC001-U01,2026-01-06T17:45:00+00:00,2.76,0.31,8.51
LOC001-U01,2026-01-06T18:00:00+00:00,2.035,0.347,9.06
LOC001-U01,2026-01-06T18:15:00+00:00,1.958,0.259,8.09
LOC001-U01,2026-01-06T18:30:00+00:00,2.907,0.345,8.25
LOC001-U01,2026-01-06T18:45:00+00:00,1.745,0.244,8.79
LOC001-U01,2026-01-06T19:00:00+00:00,2.1,0.369,10.34
LOC001-U01,2026-01-06T19:15:00+00:00,1.1,0.288,10.9
LOC001-U01,2026-01-06T19:30:00+00:00,2.168,0.323,11.65
LOC001-U01,2026-01-06T19:45:00+00:00,1.775,0.363,9.36
LOC001-U01,2026-01-06T20:00:00+00:00,2.016,0.372,10.14
LOC001-U01,2026-01-06T20:15:00+00:00,2.367,0.375,11.27
LOC001-U01,2026-01-06T20:30:00+00:00,2.43,0.251,9.41
LOC001-U01,2026-01-06T20:45:00+00:00,2.144,0.318,8.46
LOC001-U01,2026-01-06T21:00:00+00:00,2.393,0.268,9.27
LOC001-U01,2026-01-06T21:15:00+00:00,1.883,0.27,8.01
LOC001-U01,2026-01-06T21:30:00+00:00,2.544,0.32,7.87
LOC001-U01,2026-01-06T21:45:00+00:00,2.076,0.32,8.95
LOC001-U01,2026-01-06T22:00:00+00:00,2.164,0.291,7.5
LOC001-U01,2026-01-06T22:15:00+00:00,2.642,0.301,8.74
LOC001-U01,2026-01-06T22:30:00+00:00,2.039,0.25,9.34
LOC001-U01,2026-01-06T22:45:00+00:00,1.006,0.358,10.3
LOC001-U01,2026-01-06T23:00:00+00:00,2.245,0.301,8.11
LOC001-U01,2026-01-06T23:15:00+00:00,1.068,0.262,8.57
LOC001-U01,2026-01-06T23:30:00+00:00,2.319,0.302,9.15
LOC001-U01,2026-01-06T23:45:00+00:00,2.155,0.305,9.55
LOC001-U01,2026-01-07T00:00:00+00:00,2.697,0.258,8.24
LOC001-U01,2026-01-07T00:15:00+00:00,2.029,0.236,6.98
LOC001-U01,2026-01-07T00:30:00+00:00,2.381,0.353,9.91
LOC001-U01,2026-01-07T00:45:00+00:00,2.473,0.225,6.7
LOC001-U01,2026-01-07T01:00:00+00:00,2.117,0.242,8.1
LOC001-U01,2026-01-07T01:15:00+00:00,3.099,0.314,7.61
LOC001-U01,2026-01-07T01:30:00+00:00,2.092,0.249,8.78
LOC001-U01,2026-01-07T01:45:00+00:00,1.695,0.35,9.02
LOC001-U01,2026-01-07T02:00:00+00:00,2.328,0.344,9.79
LOC001-U01,2026-01-07T02:15:00+00:00,2.065,0.276,7.55
LOC001-U01,2026-01-07T02:30:00+00:00,2.029,0.348,10.18
LOC001-U01,2026-01-07T02:45:00+00:00,1.582,0.292,11.31
LOC001-U01,2026-01-07T03:00:00+00:00,1.945,0.252,9.72
LOC001-U01,2026-01-07T03:15:00+00:00,3.485,0.258,8.07
LOC001-U01,2026-01-07T03:30:00+00:00,1.813,0.374,7.28
LOC001-U01,2026-01-07T03:45:00+00:00,1.212,0.3,8.32
LOC017-U02,2026-01-06T10:00:00+00:00,1.779,0.301,10.38
LOC017-U02,2026-01-06T10:15:00+00:00,2.033,0.225,9.58
LOC017-U02,2026-01-06T10:30:00+00:00,1.902,0.348,8.06
LOC017-U02,2026-01-06T10:45:00+00:00,2.633,0.351,10.7
LOC017-U02,2026-01-06T11:00:00+00:00,3.191,0.35,9.21
LOC017-U02,2026-01-06T11:15:00+00:00,1.934,0.286,7.74
LOC017-U02,2026-01-06T11:30:00+00:00,1.924,0.288,10.15
LOC017-U02,2026-01-06T11:45:00+00:00,2.425,0.298,9.64
LOC017-U02,2026-01-06T12:00:00+00:00,2.365,0.352,10.44
LOC017-U02,2026-01-06T12:15:00+00:00,1.884,0.347,9.64
LOC017-U02,2026-01-06T12:30:00+00:00,2.416,0.283,11.1
LOC017-U02,2026-01-06T12:45:00+00:00,2.004,0.362,8.55
LOC017-U02,2026-01-06T13:00:00+00:00,3.673,0.365,8.76
LOC017-U02,2026-01-06T13:15:00+00:00,2.344,0.267,11.33
LOC017-U02,2026-01-06T13:30:00+00:00,1.574,0.289,10.14
LOC017-U02,2026-01-06T13:45:00+00:00,2.706,0.341,10.71
LOC017-U02,2026-01-06T14:00:00+00:00,2.174,0.326,8.73
LOC017-U02,2026-01-06T14:15:00+00:00,2.592,0.369,10.79
LOC017-U02,2026-01-06T14:30:00+00:00,2.568,0.373,10.49
LOC017-U02,2026-01-06T14:45:00+00:00,1.999,0.268,8.37
LOC017-U02,2026-01-06T15:00:00+00:00,2.426,0.279,10.07
LOC017-U02,2026-01-06T15:15:00+00:00,1.524,0.223,9.9
LOC017-U02,2026-01-06T15:30:00+00:00,2.001,0.315,9.74
LOC017-U02,2026-01-06T15:45:00+00:00,2.231,0.357,9.44
LOC017-U02,2026-01-06T16:00:00+00:00,1.827,0.265,10.08
LOC017-U02,2026-01-06T16:15:00+00:00,2.336,0.317,6.9
LOC017-U02,2026-01-06T16:30:00+00:00,1.851,0.278,11.13
LOC017-U02,2026-01-06T16:45:00+00:00,2.568,0.337,10.77
LOC017-U02,2026-01-06T17:00:00+00:00,2.204,0.275,8.27
LOC017-U02,2026-01-06T17:15:00+00:00,1.892,0.227,8.74
LOC017-U02,2026-01-06T17:30:00+00:00,2.711,0.266,7.74
LOC017-U02,2026-01-06T17:45:00+00:00,1.975,0.248,7.4
LOC017-U02,2026-01-06T18:00:00+00:00,2.476,0.319,9.0
LOC017-U02,2026-01-06T18:15:00+00:00,2.192,0.36,7.79
LOC017-U02,2026-01-06T18:30:00+00:00,2.53,0.319,9.33
LOC017-U02,2026-01-06T18:45:00+00:00,1.428,0.334,7.75
LOC017-U02,2026-01-06T19:00:00+00:00,2.565,0.233,11.58
LOC017-U02,2026-01-06T19:15:00+00:00,1.733,0.324,9.29
LOC017-U02,2026-01-06T19:30:00+00:00,2.227,0.257,6.81
LOC017-U02,2026-01-06T19:45:00+00:00,2.623,0.272,11.37
LOC017-U02,2026-01-06T20:00:00+00:00,2.534,0.308,10.26
LOC017-U02,2026-01-06T20:15:00+00:00,1.747,0.358,9.32
LOC017-U02,2026-01-06T20:30:00+00:00,1.947,0.269,8.16
LOC017-U02,2026-01-06T20:45:00+00:00,1.442,0.263,7.08
LOC017-U02,2026-01-06T21:00:00+00:00,1.747,0.304,7.55
LOC017-U02,2026-01-06T21:15:00+00:00,2.526,0.257,9.09
LOC017-U02,2026-01-06T21:30:00+00:00,0.604,0.269,8.1
LOC017-U02,2026-01-06T21:45:00+00:00,1.855,0.338,8.51
LOC017-U02,2026-01-06T22:00:00+00:00,1.778,0.325,8.12
LOC017-U02,2026-01-06T22:15:00+00:00,1.83,0.242,10.02
LOC017-U02,2026-01-06T22:30:00+00:00,1.642,0.24,10.97
LOC017-U02,2026-01-06T22:45:00+00:00,2.282,0.254,10.4
LOC017-U02,2026-01-06T23:00:00+00:00,1.876,0.229,10.81
LOC017-U02,2026-01-06T23:15:00+00:00,1.57,0.305,10.84
LOC017-U02,2026-01-06T23:30:00+00:00,1.7,0.318,10.27
LOC017-U02,2026-01-06T23:45:00+00:00,1.959,0.366,10.44
LOC017-U02,2026-01-07T00:00:00+00:00,1.414,0.357,9.37
LOC017-U02,2026-01-07T00:15:00+00:00,1.828,0.243,7.76
LOC017-U02,2026-01-07T00:30:00+00:00,0.988,0.277,10.77
LOC017-U02,2026-01-07T00:45:00+00:00,2.691,0.225,7.62
LOC017-U02,2026-01-07T01:00:00+00:00,2.365,0.262,9.2
LOC017-U02,2026-01-07T01:15:00+00:00,1.655,0.35,7.58
LOC017-U02,2026-01-07T01:30:00+00:00,1.506,0.347,7.93
LOC017-U02,2026-01-07T01:45:00+00:00,2.577,0.261,10.52
LOC017-U02,2026-01-07T02:00:00+00:00,2.265,0.3,7.78
LOC017-U02,2026-01-07T02:15:00+00:00,2.117,0.288,7.9
LOC017-U02,2026-01-07T02:30:00+00:00,2.293,0.236,9.96
LOC017-U02,2026-01-07T02:45:00+00:00,1.942,0.295,8.18
LOC017-U02,2026-01-07T03:00:00+00:00,2.11,0.308,9.02
LOC017-U02,2026-01-07T03:15:00+00:00,0.987,0.318,8.74
LOC017-U02,2026-01-07T03:30:00+00:00,2.256,0.375,7.98
LOC017-U02,2026-01-07T03:45:00+00:00,2.759,0.266,10.2
LOC013-U01,2026-01-06T10:00:00+00:00,2.148,0.282,11.33
LOC013-U01,2026-01-06T10:15:00+00:00,1.389,0.301,7.76
LOC013-U01,2026-01-06T10:30:00+00:00,1.564,0.371,11.13
LOC013-U01,2026-01-06T10:45:00+00:00,2.636,0.369,9.33
LOC013-U01,2026-01-06T11:00:00+00:00,2.364,0.366,11.25
LOC013-U01,2026-01-06T11:15:00+00:00,2.944,0.322,7.48
LOC013-U01,2026-01-06T11:30:00+00:00,2.168,0.27,9.4
LOC013-U01,2026-01-06T11:45:00+00:00,2.451,0.283,9.27
LOC013-U01,2026-01-06T12:00:00+00:00,1.733,0.236,10.4
LOC013-U01,2026-01-06T12:15:00+00:00,2.607,0.286,10.19
LOC013-U01,2026-01-06T12:30:00+00:00,2.236,0.338,10.19
LOC013-U01,2026-01-06T12:45:00+00:00,2.677,0.233,9.99
LOC013-U01,2026-01-06T13:00:00+00:00,2.35,0.271,7.04
LOC013-U01,2026-01-06T13:15:00+00:00,3.373,0.298,9.06
LOC013-U01,2026-01-06T13:30:00+00:00,2.115,0.254,8.98
LOC013-U01,2026-01-06T13:45:00+00:00,1.58,0.323,10.17
LOC013-U01,2026-01-06T14:00:00+00:00,2.719,0.287,10.09
LOC013-U01,2026-01-06T14:15:00+00:00,2.63,0.33,10.97
LOC013-U01,2026-01-06T14:30:00+00:00,0.882,0.331,6.67
LOC013-U01,2026-01-06T14:45:00+00:00,1.99,0.344,11.07
LOC013-U01,2026-01-06T15:00:00+00:00,1.595,0.375,9.91
LOC013-U01,2026-01-06T15:15:00+00:00,1.601,0.333,8.21
LOC013-U01,2026-01-06T15:30:00+00:00,2.757,0.244,10.34
LOC013-U01,2026-01-06T15:45:00+00:00,2.904,0.336,8.32
LOC013-U01,2026-01-06T16:00:00+00:00,2.598,0.253,7.01
LOC013-U01,2026-01-06T16:15:00+00:00,0.492,0.329,9.17
LOC013-U01,2026-01-06T16:30:00+00:00,1.857,0.312,6.65
LOC013-U01,2026-01-06T16:45:00+00:00,1.406,0.287,9.6
LOC013-U01,2026-01-06T17:00:00+00:00,2.132,0.35,6.83
LOC013-U01,2026-01-06T17:15:00+00:00,2.426,0.3,8.06
LOC013-U01,2026-01-06T17:30:00+00:00,2.072,0.247,11.44
LOC013-U01,2026-01-06T17:45:00+00:00,1.612,0.348,6.97
LOC013-U01,2026-01-06T18:00:00+00:00,1.77,0.283,10.48
LOC013-U01,2026-01-06T18:15:00+00:00,2.431,0.348,8.82
LOC013-U01,2026-01-06T18:30:00+00:00,1.79,0.278,7.08
LOC013-U01,2026-01-06T18:45:00+00:00,1.403,0.238,8.66
LOC013-U01,2026-01-06T19:00:00+00:00,2.641,0.373,9.4
LOC013-U01,2026-01-06T19:15:00+00:00,1.934,0.359,10.68
LOC013-U01,2026-01-06T19:30:00+00:00,2.494,0.337,8.37
LOC013-U01,2026-01-06T19:45:00+00:00,2.873,0.284,11.48
LOC013-U01,2026-01-06T20:00:00+00:00,1.639,0.341,7.38
LOC013-U01,2026-01-06T20:15:00+00:00,2.325,0.345,10.6
LOC013-U01,2026-01-06T20:30:00+00:00,2.197,0.23,10.16
LOC013-U01,2026-01-06T20:45:00+00:00,2.073,0.305,7.8
LOC013-U01,2026-01-06T21:00:00+00:00,2.843,0.242,9.68
LOC013-U01,2026-01-06T21:15:00+00:00,2.596,0.295,8.67
LOC013-U01,2026-01-06T21:30:00+00:00,1.395,0.37,8.83
LOC013-U01,2026-01-06T21:45:00+00:00,0.843,0.294,8.09
LOC013-U01,2026-01-06T22:00:00+00:00,2.707,0.238,6.94
LOC013-U01,2026-01-06T22:15:00+00:00,1.802,0.292,11.09
LOC013-U01,2026-01-06T22:30:00+00:00,1.512,0.334,7.86
LOC013-U01,2026-01-06T22:45:00+00:00,2.589,0.324,11.82
LOC013-U01,2026-01-06T23:00:00+00:00,1.485,0.291,9.92
LOC013-U01,2026-01-06T23:15:00+00:00,1.777,0.361,9.77
LOC013-U01,2026-01-06T23:30:00+00:00,2.24,0.227,10.32
LOC013-U01,2026-01-06T23:45:00+00:00,2.08,0.266,10.53
LOC013-U01,2026-01-07T00:00:00+00:00,2.793,0.251,8.6
LOC013-U01,2026-01-07T00:15:00+00:00,2.059,0.376,11.22
LOC013-U01,2026-01-07T00:30:00+00:00,2.466,0.256,7.43
LOC013-U01,2026-01-07T00:45:00+00:00,2.065,0.292,10.52
LOC013-U01,2026-01-07T01:00:00+00:00,2.055,0.308,8.4
LOC013-U01,2026-01-07T01:15:00+00:00,2.017,0.239,8.81
LOC013-U01,2026-01-07T01:30:00+00:00,2.392,0.282,8.25
LOC013-U01,2026-01-07T01:45:00+00:00,2.478,0.358,9.09
LOC013-U01,2026-01-07T02:00:00+00:00,1.742,0.292,8.8
LOC013-U01,2026-01-07T02:15:00+00:00,1.928,0.349,6.79
LOC013-U01,2026-01-07T02:30:00+00:00,2.996,0.293,11.27
LOC013-U01,2026-01-07T02:45:00+00:00,1.065,0.251,10.68
LOC013-U01,2026-01-07T03:00:00+00:00,2.479,0.324,9.35
LOC013-U01,2026-01-07T03:15:00+00:00,1.839,0.25,7.0
LOC013-U01,2026-01-07T03:30:00+00:00,2.515,0.305,9.0
LOC013-U01,2026-01-07T03:45:00+00:00,2.207,0.327,7.33
LOC013-U02,2026-01-06T10:00:00+00:00,1.376,0.263,8.16
LOC013-U02,2026-01-06T10:15:00+00:00,2.171,0.327,7.34
LOC013-U02,2026-01-06T10:30:00+00:00,1.814,0.256,8.05
LOC013-U02,2026-01-06T10:45:00+00:00,3.064,0.325,11.77
LOC013-U02,2026-01-06T11:00:00+00:00,2.388,0.317,9.88
LOC013-U02,2026-01-06T11:15:00+00:00,2.038,0.276,7.33
LOC013-U02,2026-01-06T11:30:00+00:00,1.346,0.228,8.19
LOC013-U02,2026-01-06T11:45:00+00:00,2.175,0.347,7.75
LOC013-U02,2026-01-06T12:00:00+00:00,1.538,0.28,9.94
LOC013-U02,2026-01-06T12:15:00+00:00,2.179,0.242,9.51
LOC013-U02,2026-01-06T12:30:00+00:00,3.096,0.269,8.56
LOC013-U02,2026-01-06T12:45:00+00:00,1.738,0.347,7.36
LOC013-U02,2026-01-06T13:00:00+00:00,2.388,0.312,11.18
LOC013-U02,2026-01-06T13:15:00+00:00,1.35,0.356,8.61
LOC013-U02,2026-01-06T13:30:00+00:00,2.128,0.372,9.89
LOC013-U02,2026-01-06T13:45:00+00:00,1.784,0.302,9.32
LOC013-U02,2026-01-06T14:00:00+00:00,2.506,0.303,9.92
LOC013-U02,2026-01-06T14:15:00+00:00,2.097,0.309,9.15
LOC013-U02,2026-01-06T14:30:00+00:00,1.381,0.286,10.36
LOC013-U02,2026-01-06T14:45:00+00:00,1.458,0.286,8.55
LOC013-U02,2026-01-06T15:00:00+00:00,1.686,0.312,8.28
LOC013-U02,2026-01-06T15:15:00+00:00,1.687,0.337,8.94
LOC013-U02,2026-01-06T15:30:00+00:00,1.957,0.323,6.72
LOC013-U02,2026-01-06T15:45:00+00:00,2.3,0.256,9.34
LOC013-U02,2026-01-06T16:00:00+00:00,2.369,0.239,11.08
LOC013-U02,2026-01-06T16:15:00+00:00,2.823,0.222,7.49
LOC013-U02,2026-01-06T16:30:00+00:00,1.661,0.221,7.71
LOC013-U02,2026-01-06T16:45:00+00:00,1.48,0.291,10.76
LOC013-U02,2026-01-06T17:00:00+00:00,1.685,0.304,7.07
LOC013-U02,2026-01-06T17:15:00+00:00,2.101,0.246,8.76
LOC013-U02,2026-01-06T17:30:00+00:00,2.049,0.372,7.04
LOC013-U02,2026-01-06T17:45:00+00:00,2.778,0.375,9.35
LOC013-U02,2026-01-06T18:00:00+00:00,2.1,0.277,9.96
LOC013-U02,2026-01-06T18:15:00+00:00,2.201,0.366,7.0
LOC013-U02,2026-01-06T18:30:00+00:00,2.549,0.348,8.28
LOC013-U02,2026-01-06T18:45:00+00:00,1.688,0.313,7.26
LOC013-U02,2026-01-06T19:00:00+00:00,1.241,0.369,9.75
LOC013-U02,2026-01-06T19:15:00+00:00,1.306,0.362,10.21
LOC013-U02,2026-01-06T19:30:00+00:00,1.153,0.223,10.42
LOC013-U02,2026-01-06T19:45:00+00:00,2.36,0.343,7.08
LOC013-U02,2026-01-06T20:00:00+00:00,2.2,0.347,10.3
LOC013-U02,2026-01-06T20:15:00+00:00,2.003,0.228,10.86
LOC013-U02,2026-01-06T20:30:00+00:00,2.03,0.295,10.42
LOC013-U02,2026-01-06T20:45:00+00:00,2.726,0.309,9.97
LOC013-U02,2026-01-06T21:00:00+00:00,1.657,0.251,10.81
LOC013-U02,2026-01-06T21:15:00+00:00,1.443,0.335,7.69
LOC013-U02,2026-01-06T21:30:00+00:00,1.89,0.307,10.63
LOC013-U02,2026-01-06T21:45:00+00:00,1.932,0.225,11.08
LOC013-U02,2026-01-06T22:00:00+00:00,1.613,0.345,8.53
LOC013-U02,2026-01-06T22:15:00+00:00,2.38,0.38,7.54
LOC013-U02,2026-01-06T22:30:00+00:00,2.07,0.353,11.57
LOC013-U02,2026-01-06T22:45:00+00:00,2.238,0.298,8.22
LOC013-U02,2026-01-06T23:00:00+00:00,1.104,0.304,8.77
LOC013-U02,2026-01-06T23:15:00+00:00,1.982,0.373,7.22
LOC013-U02,2026-01-06T23:30:00+00:00,1.773,0.3,11.21
LOC013-U02,2026-01-06T23:45:00+00:00,1.901,0.252,7.57
LOC013-U02,2026-01-07T00:00:00+00:00,1.352,0.263,9.21
LOC013-U02,2026-01-07T00:15:00+00:00,1.997,0.302,8.92
LOC013-U02,2026-01-07T00:30:00+00:00,1.875,0.292,9.93
LOC013-U02,2026-01-07T00:45:00+00:00,1.373,0.254,8.52
LOC013-U02,2026-01-07T01:00:00+00:00,2.586,0.346,10.36
LOC013-U02,2026-01-07T01:15:00+00:00,2.135,0.291,10.8
LOC013-U02,2026-01-07T01:30:00+00:00,1.627,0.32,11.23
LOC013-U02,2026-01-07T01:45:00+00:00,2.412,0.345,10.98
LOC013-U02,2026-01-07T02:00:00+00:00,2.528,0.253,10.84
LOC013-U02,2026-01-07T02:15:00+00:00,2.858,0.351,9.78
LOC013-U02,2026-01-07T02:30:00+00:00,2.586,0.296,11.2
LOC013-U02,2026-01-07T02:45:00+00:00,2.602,0.245,9.73
LOC013-U02,2026-01-07T03:00:00+00:00,2.499,0.242,10.35
LOC013-U02,2026-01-07T03:15:00+00:00,3.216,0.301,10.2
LOC013-U02,2026-01-07T03:30:00+00:00,2.005,0.281,8.87
LOC013-U02,2026-01-07T03:45:00+00:00,2.428,0.285,6.85
LOC038-U01,2026-01-06T10:00:00+00:00,2.972,0.305,11.01
LOC038-U01,2026-01-06T10:15:00+00:00,1.875,0.326,9.74
LOC038-U01,2026-01-06T10:30:00+00:00,2.101,0.22,8.46
LOC038-U01,2026-01-06T10:45:00+00:00,2.234,0.261,8.82
LOC038-U01,2026-01-06T11:00:00+00:00,2.199,0.256,11.24
LOC038-U01,2026-01-06T11:15:00+00:00,1.936,0.227,10.7
LOC038-U01,2026-01-06T11:30:00+00:00,1.851,0.259,10.18
LOC038-U01,2026-01-06T11:45:00+00:00,1.351,0.28,7.89
LOC038-U01,2026-01-06T12:00:00+00:00,2.856,0.308,8.83
LOC038-U01,2026-01-06T12:15:00+00:00,1.712,0.23,6.74
LOC038-U01,2026-01-06T12:30:00+00:00,2.404,0.255,6.67
LOC038-U01,2026-01-06T12:45:00+00:00,2.353,0.309,9.41
LOC038-U01,2026-01-06T13:00:00+00:00,2.842,0.341,10.32
LOC038-U01,2026-01-06T13:15:00+00:00,3.021,0.26,9.25
LOC038-U01,2026-01-06T13:30:00+00:00,2.157,0.378,8.36
LOC038-U01,2026-01-06T13:45:00+00:00,2.331,0.233,10.36
LOC038-U01,2026-01-06T14:00:00+00:00,3.001,0.343,10.58
LOC038-U01,2026-01-06T14:15:00+00:00,1.802,0.342,8.4
LOC038-U01,2026-01-06T14:30:00+00:00,1.923,0.291,10.42
LOC038-U01,2026-01-06T14:45:00+00:00,2.549,0.222,7.93
LOC038-U01,2026-01-06T15:00:00+00:00,2.141,0.314,10.94
LOC038-U01,2026-01-06T15:15:00+00:00,1.769,0.347,8.9
LOC038-U01,2026-01-06T15:30:00+00:00,2.355,0.315,10.55
LOC038-U01,2026-01-06T15:45:00+00:00,2.32,0.351,11.5
LOC038-U01,2026-01-06T16:00:00+00:00,2.126,0.286,9.66
LOC038-U01,2026-01-06T16:15:00+00:00,2.717,0.263,11.44
LOC038-U01,2026-01-06T16:30:00+00:00,2.522,0.316,9.34
LOC038-U01,2026-01-06T16:45:00+00:00,2.117,0.266,7.1
LOC038-U01,2026-01-06T17:00:00+00:00,1.985,0.332,11.38
LOC038-U01,2026-01-06T17:15:00+00:00,1.657,0.332,9.31
LOC038-U01,2026-01-06T17:30:00+00:00,2.583,0.321,8.31
LOC038-U01,2026-01-06T17:45:00+00:00,1.767,0.308,10.24
LOC038-U01,2026-01-06T18:00:00+00:00,2.717,0.355,8.68
LOC038-U01,2026-01-06T18:15:00+00:00,1.953,0.366,11.52
LOC038-U01,2026-01-06T18:30:00+00:00,2.426,0.23,6.79
LOC038-U01,2026-01-06T18:45:00+00:00,2.363,0.341,7.22
LOC038-U01,2026-01-06T19:00:00+00:00,2.433,0.267,8.3
LOC038-U01,2026-01-06T19:15:00+00:00,2.393,0.282,6.84
LOC038-U01,2026-01-06T19:30:00+00:00,2.648,0.304,7.97
LOC038-U01,2026-01-06T19:45:00+00:00,2.188,0.299,11.38
LOC038-U01,2026-01-06T20:00:00+00:00,2.048,0.239,10.78
LOC038-U01,2026-01-06T20:15:00+00:00,1.31,0.306,6.98
LOC038-U01,2026-01-06T20:30:00+00:00,3.253,0.264,11.72
LOC038-U01,2026-01-06T20:45:00+00:00,1.283,0.316,7.78
LOC038-U01,2026-01-06T21:00:00+00:00,3.138,0.287,10.28
LOC038-U01,2026-01-06T21:15:00+00:00,2.437,0.22,11.06
LOC038-U01,2026-01-06T21:30:00+00:00,3.091,0.364,7.62
LOC038-U01,2026-01-06T21:45:00+00:00,1.955,0.272,7.29
LOC038-U01,2026-01-06T22:00:00+00:00,2.246,0.292,10.16
LOC038-U01,2026-01-06T22:15:00+00:00,1.274,0.378,6.51
LOC038-U01,2026-01-06T22:30:00+00:00,1.675,0.236,9.57
LOC038-U01,2026-01-06T22:45:00+00:00,2.761,0.252,7.16
LOC038-U01,2026-01-06T23:00:00+00:00,2.309,0.278,9.69
LOC038-U01,2026-01-06T23:15:00+00:00,1.28,0.267,11.33
LOC038-U01,2026-01-06T23:30:00+00:00,2.029,0.32,9.18
LOC038-U01,2026-01-06T23:45:00+00:00,1.935,0.377,11.25
LOC038-U01,2026-01-07T00:00:00+00:00,2.901,0.359,8.29
LOC038-U01,2026-01-07T00:15:00+00:00,2.373,0.338,10.62
LOC038-U01,2026-01-07T00:30:00+00:00,1.993,0.357,8.06
LOC038-U01,2026-01-07T00:45:00+00:00,1.761,0.245,8.75
LOC038-U01,2026-01-07T01:00:00+00:00,1.426,0.288,9.45
LOC038-U01,2026-01-07T01:15:00+00:00,2.0,0.325,8.19
LOC038-U01,2026-01-07T01:30:00+00:00,1.703,0.32,11.09
LOC038-U01,2026-01-07T01:45:00+00:00,1.715,0.352,9.56
LOC038-U01,2026-01-07T02:00:00+00:00,1.968,0.253,9.85
LOC038-U01,2026-01-07T02:15:00+00:00,2.055,0.343,9.46
LOC038-U01,2026-01-07T02:30:00+00:00,2.171,0.361,11.03
LOC038-U01,2026-01-07T02:45:00+00:00,2.286,0.326,8.89
LOC038-U01,2026-01-07T03:00:00+00:00,2.051,0.245,10.86
LOC038-U01,2026-01-07T03:15:00+00:00,2.363,0.288,7.3
LOC038-U01,2026-01-07T03:30:00+00:00,1.614,0.307,8.8
LOC038-U01,2026-01-07T03:45:00+00:00,2.212,0.331,6.87
LOC008-U02,2026-01-06T10:00:00+00:00,2.193,0.34,7.97
LOC008-U02,2026-01-06T10:15:00+00:00,1.41,0.274,10.24
LOC008-U02,2026-01-06T10:30:00+00:00,2.334,0.317,8.99
LOC008-U02,2026-01-06T10:45:00+00:00,2.291,0.344,7.88
LOC008-U02,2026-01-06T11:00:00+00:00,1.964,0.24,8.01
LOC008-U02,2026-01-06T11:15:00+00:00,2.47,0.344,11.31
LOC008-U02,2026-01-06T11:30:00+00:00,2.307,0.25,9.24
LOC008-U02,2026-01-06T11:45:00+00:00,2.217,0.303,10.58
LOC008-U02,2026-01-06T12:00:00+00:00,2.125,0.355,8.37
LOC008-U02,2026-01-06T12:15:00+00:00,1.345,0.277,9.83
LOC008-U02,2026-01-06T12:30:00+00:00,2.303,0.286,8.81
LOC008-U02,2026-01-06T12:45:00+00:00,1.922,0.376,10.73
LOC008-U02,2026-01-06T13:00:00+00:00,2.343,0.349,8.46
LOC008-U02,2026-01-06T13:15:00+00:00,2.361,0.365,9.4
LOC008-U02,2026-01-06T13:30:00+00:00,2.176,0.33,7.98
LOC008-U02,2026-01-06T13:45:00+00:00,3.29,0.373,10.29
LOC008-U02,2026-01-06T14:00:00+00:00,2.062,0.296,10.93
LOC008-U02,2026-01-06T14:15:00+00:00,1.967,0.378,8.34
LOC008-U02,2026-01-06T14:30:00+00:00,1.91,0.33,8.07
LOC008-U02,2026-01-06T14:45:00+00:00,2.675,0.323,8.82
LOC008-U02,2026-01-06T15:00:00+00:00,1.65,0.279,9.53
LOC008-U02,2026-01-06T15:15:00+00:00,1.299,0.358,9.77
LOC008-U02,2026-01-06T15:30:00+00:00,1.898,0.236,8.36
LOC008-U02,2026-01-06T15:45:00+00:00,1.988,0.275,10.57
LOC008-U02,2026-01-06T16:00:00+00:00,2.295,0.343,8.9
LOC008-U02,2026-01-06T16:15:00+00:00,2.304,0.312,8.22
LOC008-U02,2026-01-06T16:30:00+00:00,2.251,0.232,6.54
LOC008-U02,2026-01-06T16:45:00+00:00,1.985,0.368,7.36
LOC008-U02,2026-01-06T17:00:00+00:00,2.052,0.296,10.43
LOC008-U02,2026-01-06T17:15:00+00:00,1.803,0.341,7.51
LOC008-U02,2026-01-06T17:30:00+00:00,2.802,0.354,8.34
LOC008-U02,2026-01-06T17:45:00+00:00,1.985,0.298,9.86
LOC008-U02,2026-01-06T18:00:00+00:00,1.16,0.263,9.22
LOC008-U02,2026-01-06T18:15:00+00:00,2.472,0.349,11.54
LOC008-U02,2026-01-06T18:30:00+00:00,1.583,0.249,8.44
LOC008-U02,2026-01-06T18:45:00+00:00,2.061,0.227,7.69
LOC008-U02,2026-01-06T19:00:00+00:00,2.191,0.242,8.39
LOC008-U02,2026-01-06T19:15:00+00:00,1.788,0.287,8.43
LOC008-U02,2026-01-06T19:30:00+00:00,2.601,0.236,10.63
LOC008-U02,2026-01-06T19:45:00+00:00,2.162,0.256,7.08
LOC008-U02,2026-01-06T20:00:00+00:00,2.837,0.254,11.51
LOC008-U02,2026-01-06T20:15:00+00:00,2.273,0.291,7.4
LOC008-U02,2026-01-06T20:30:00+00:00,1.394,0.224,6.54
LOC008-U02,2026-01-06T20:45:00+00:00,1.589,0.316,10.55
LOC008-U02,2026-01-06T21:00:00+00:00,2.021,0.323,7.78
LOC008-U02,2026-01-06T21:15:00+00:00,1.387,0.338,8.37
LOC008-U02,2026-01-06T21:30:00+00:00,2.848,0.235,10.2
LOC008-U02,2026-01-06T21:45:00+00:00,2.824,0.339,10.0
LOC008-U02,2026-01-06T22:00:00+00:00,1.128,0.227,10.15
LOC008-U02,2026-01-06T22:15:00+00:00,1.382,0.341,10.75
LOC008-U02,2026-01-06T22:30:00+00:00,2.786,0.286,7.4
LOC008-U02,2026-01-06T22:45:00+00:00,2.559,0.304,11.31
LOC008-U02,2026-01-06T23:00:00+00:00,3.122,0.312,7.55
LOC008-U02,2026-01-06T23:15:00+00:00,1.792,0.286,11.41
LOC008-U02,2026-01-06T23:30:00+00:00,1.675,0.37,9.49
LOC008-U02,2026-01-06T23:45:00+00:00,2.383,0.248,10.95
LOC008-U02,2026-01-07T00:00:00+00:00,1.877,0.36,9.24
LOC008-U02,2026-01-07T00:15:00+00:00,2.235,0.298,11.16
LOC008-U02,2026-01-07T00:30:00+00:00,1.815,0.338,7.14
LOC008-U02,2026-01-07T00:45:00+00:00,2.513,0.362,8.31
LOC008-U02,2026-01-07T01:00:00+00:00,2.51,0.236,9.18
LOC008-U02,2026-01-07T01:15:00+00:00,1.77,0.306,9.59
LOC008-U02,2026-01-07T01:30:00+00:00,2.561,0.261,11.25
LOC008-U02,2026-01-07T01:45:00+00:00,2.222,0.334,11.73
LOC008-U02,2026-01-07T02:00:00+00:00,1.999,0.26,10.19
LOC008-U02,2026-01-07T02:15:00+00:00,1.729,0.366,9.3
LOC008-U02,2026-01-07T02:30:00+00:00,2.526,0.28,6.83
LOC008-U02,2026-01-07T02:45:00+00:00,1.888,0.291,7.96
LOC008-U02,2026-01-07T03:00:00+00:00,1.769,0.226,6.62
LOC008-U02,2026-01-07T03:15:00+00:00,3.3,0.351,7.23
LOC008-U02,2026-01-07T03:30:00+00:00,2.027,0.358,11.21
LOC008-U02,2026-01-07T03:45:00+00:00,2.01,0.336,10.97
LOC014-U01,2026-01-06T10:00:00+00:00,1.743,0.236,6.61
LOC014-U01,2026-01-06T10:15:00+00:00,0.789,0.353,8.66
LOC014-U01,2026-01-06T10:30:00+00:00,2.331,0.308,10.76
LOC014-U01,2026-01-06T10:45:00+00:00,1.623,0.362,10.61
LOC014-U01,2026-01-06T11:00:00+00:00,2.24,0.314,11.14
LOC014-U01,2026-01-06T11:15:00+00:00,2.938,0.325,7.49
LOC014-U01,2026-01-06T11:30:00+00:00,1.667,0.326,8.18
LOC014-U01,2026-01-06T11:45:00+00:00,1.849,0.305,10.21
LOC014-U01,2026-01-06T12:00:00+00:00,1.609,0.288,7.45
LOC014-U01,2026-01-06T12:15:00+00:00,2.689,0.294,11.11
LOC014-U01,2026-01-06T12:30:00+00:00,2.338,0.224,9.45
LOC014-U01,2026-01-06T12:45:00+00:00,2.557,0.327,11.68
LOC014-U01,2026-01-06T13:00:00+00:00,1.232,0.272,10.1
LOC014-U01,2026-01-06T13:15:00+00:00,2.826,0.317,7.88
LOC014-U01,2026-01-06T13:30:00+00:00,2.307,0.296,7.87
LOC014-U01,2026-01-06T13:45:00+00:00,2.37,0.339,10.47
LOC014-U01,2026-01-06T14:00:00+00:00,1.854,0.314,9.56
LOC014-U01,2026-01-06T14:15:00+00:00,2.301,0.237,10.81
LOC014-U01,2026-01-06T14:30:00+00:00,2.005,0.286,10.07
LOC014-U01,2026-01-06T14:45:00+00:00,2.394,0.363,7.81
LOC014-U01,2026-01-06T15:00:00+00:00,1.563,0.354,7.85
LOC014-U01,2026-01-06T15:15:00+00:00,2.151,0.378,6.96
LOC014-U01,2026-01-06T15:30:00+00:00,1.521,0.358,7.45
LOC014-U01,2026-01-06T15:45:00+00:00,2.318,0.253,6.73
LOC014-U01,2026-01-06T16:00:00+00:00,2.199,0.325,8.17
LOC014-U01,2026-01-06T16:15:00+00:00,2.662,0.282,7.35
LOC014-U01,2026-01-06T16:30:00+00:00,3.269,0.356,11.58
LOC014-U01,2026-01-06T16:45:00+00:00,2.525,0.298,11.36
LOC014-U01,2026-01-06T17:00:00+00:00,2.718,0.341,8.81
LOC014-U01,2026-01-06T17:15:00+00:00,1.993,0.221,8.83
LOC014-U01,2026-01-06T17:30:00+00:00,2.845,0.287,7.74
LOC014-U01,2026-01-06T17:45:00+00:00,1.913,0.282,8.53
LOC014-U01,2026-01-06T18:00:00+00:00,1.707,0.329,10.67
LOC014-U01,2026-01-06T18:15:00+00:00,1.935,0.327,8.56
LOC014-U01,2026-01-06T18:30:00+00:00,2.395,0.362,7.88
LOC014-U01,2026-01-06T18:45:00+00:00,2.446,0.239,11.51
LOC014-U01,2026-01-06T19:00:00+00:00,3.288,0.319,8.22
LOC014-U01,2026-01-06T19:15:00+00:00,2.349,0.342,6.95
LOC014-U01,2026-01-06T19:30:00+00:00,3.46,0.271,7.33
LOC014-U01,2026-01-06T19:45:00+00:00,2.666,0.266,7.95
LOC014-U01,2026-01-06T20:00:00+00:00,3.135,0.352,9.02
LOC014-U01,2026-01-06T20:15:00+00:00,1.951,0.226,8.48
LOC014-U01,2026-01-06T20:30:00+00:00,1.978,0.229,8.19
LOC014-U01,2026-01-06T20:45:00+00:00,2.046,0.251,7.18
LOC014-U01,2026-01-06T21:00:00+00:00,2.264,0.305,11.15
LOC014-U01,2026-01-06T21:15:00+00:00,2.252,0.307,7.57
LOC014-U01,2026-01-06T21:30:00+00:00,1.877,0.329,11.53
LOC014-U01,2026-01-06T21:45:00+00:00,1.743,0.249,6.78
LOC014-U01,2026-01-06T22:00:00+00:00,2.163,0.296,6.99
LOC014-U01,2026-01-06T22:15:00+00:00,2.426,0.348,8.53
LOC014-U01,2026-01-06T22:30:00+00:00,2.577,0.262,7.3
LOC014-U01,2026-01-06T22:45:00+00:00,1.834,0.356,11.32
LOC014-U01,2026-01-06T23:00:00+00:00,2.222,0.322,7.07
LOC014-U01,2026-01-06T23:15:00+00:00,1.478,0.282,8.95
LOC014-U01,2026-01-06T23:30:00+00:00,2.441,0.336,8.04
LOC014-U01,2026-01-06T23:45:00+00:00,2.128,0.377,10.17
LOC014-U01,2026-01-07T00:00:00+00:00,0.95,0.356,8.66
LOC014-U01,2026-01-07T00:15:00+00:00,2.072,0.367,11.75
LOC014-U01,2026-01-07T00:30:00+00:00,2.029,0.307,8.24
LOC014-U01,2026-01-07T00:45:00+00:00,1.349,0.378,9.75
LOC014-U01,2026-01-07T01:00:00+00:00,2.51,0.282,9.3
LOC014-U01,2026-01-07T01:15:00+00:00,2.005,0.299,7.78
LOC014-U01,2026-01-07T01:30:00+00:00,2.02,0.303,7.18
LOC014-U01,2026-01-07T01:45:00+00:00,2.107,0.291,10.39
LOC014-U01,2026-01-07T02:00:00+00:00,2.636,0.254,6.69
LOC014-U01,2026-01-07T02:15:00+00:00,1.431,0.285,10.86
LOC014-U01,2026-01-07T02:30:00+00:00,1.537,0.287,9.2
LOC014-U01,2026-01-07T02:45:00+00:00,2.118,0.371,9.39
LOC014-U01,2026-01-07T03:00:00+00:00,2.733,0.366,10.88
LOC014-U01,2026-01-07T03:15:00+00:00,2.666,0.286,9.8
LOC014-U01,2026-01-07T03:30:00+00:00,2.716,0.312,9.83
LOC014-U01,2026-01-07T03:45:00+00:00,1.215,0.245,8.4
LOC009-U02,2026-01-06T10:00:00+00:00,1.895,0.282,8.41
LOC009-U02,2026-01-06T10:15:00+00:00,2.837,0.369,10.42
LOC009-U02,2026-01-06T10:30:00+00:00,2.569,0.276,9.33
LOC009-U02,2026-01-06T10:45:00+00:00,2.232,0.367,10.29
LOC009-U02,2026-01-06T11:00:00+00:00,3.101,0.367,7.72
LOC009-U02,2026-01-06T11:15:00+00:00,1.623,0.324,10.3
LOC009-U02,2026-01-06T11:30:00+00:00,2.518,0.375,11.52
LOC009-U02,2026-01-06T11:45:00+00:00,1.916,0.274,11.06
LOC009-U02,2026-01-06T12:00:00+00:00,2.55,0.364,11.3
LOC009-U02,2026-01-06T12:15:00+00:00,2.356,0.267,7.61
LOC009-U02,2026-01-06T12:30:00+00:00,2.09,0.26,10.98
LOC009-U02,2026-01-06T12:45:00+00:00,2.452,0.276,8.45
LOC009-U02,2026-01-06T13:00:00+00:00,1.813,0.36,7.82
LOC009-U02,2026-01-06T13:15:00+00:00,2.566,0.302,10.01
LOC009-U02,2026-01-06T13:30:00+00:00,2.115,0.351,10.95
LOC009-U02,2026-01-06T13:45:00+00:00,1.269,0.246,6.54
LOC009-U02,2026-01-06T14:00:00+00:00,2.632,0.22,11.5
LOC009-U02,2026-01-06T14:15:00+00:00,3.322,0.246,8.31
LOC009-U02,2026-01-06T14:30:00+00:00,3.11,0.224,10.68
LOC009-U02,2026-01-06T14:45:00+00:00,2.664,0.34,8.55
LOC009-U02,2026-01-06T15:00:00+00:00,1.223,0.225,10.86
LOC009-U02,2026-01-06T15:15:00+00:00,1.415,0.232,10.39
LOC009-U02,2026-01-06T15:30:00+00:00,2.382,0.304,6.73
LOC009-U02,2026-01-06T15:45:00+00:00,2.423,0.26,9.66
LOC009-U02,2026-01-06T16:00:00+00:00,2.604,0.224,8.93
LOC009-U02,2026-01-06T16:15:00+00:00,1.57,0.311,8.95
LOC009-U02,2026-01-06T16:30:00+00:00,2.073,0.314,9.51
LOC009-U02,2026-01-06T16:45:00+00:00,1.231,0.364,7.82
LOC009-U02,2026-01-06T17:00:00+00:00,2.613,0.331,10.05
LOC009-U02,2026-01-06T17:15:00+00:00,2.065,0.259,6.65
LOC009-U02,2026-01-06T17:30:00+00:00,2.576,0.289,7.82
LOC009-U02,2026-01-06T17:45:00+00:00,1.993,0.35,9.79
LOC009-U02,2026-01-06T18:00:00+00:00,1.565,0.254,10.27
LOC009-U02,2026-01-06T18:15:00+00:00,2.114,0.231,7.43
LOC009-U02,2026-01-06T18:30:00+00:00,1.324,0.261,9.41
LOC009-U02,2026-01-06T18:45:00+00:00,2.254,0.304,7.7
LOC009-U02,2026-01-06T19:00:00+00:00,2.213,0.282,10.29
LOC009-U02,2026-01-06T19:15:00+00:00,1.647,0.361,8.5
LOC009-U02,2026-01-06T19:30:00+00:00,1.758,0.373,10.87
LOC009-U02,2026-01-06T19:45:00+00:00,2.049,0.309,11.44
LOC009-U02,2026-01-06T20:00:00+00:00,1.917,0.356,9.86
LOC009-U02,2026-01-06T20:15:00+00:00,1.615,0.327,9.48
LOC009-U02,2026-01-06T20:30:00+00:00,2.179,0.324,7.51
LOC009-U02,2026-01-06T20:45:00+00:00,1.952,0.312,11.16
LOC009-U02,2026-01-06T21:00:00+00:00,2.394,0.251,7.07
LOC009-U02,2026-01-06T21:15:00+00:00,1.51,0.32,10.53
LOC009-U02,2026-01-06T21:30:00+00:00,2.152,0.336,9.81
LOC009-U02,2026-01-06T21:45:00+00:00,1.791,0.318,9.88
LOC009-U02,2026-01-06T22:00:00+00:00,2.311,0.287,9.54
LOC009-U02,2026-01-06T22:15:00+00:00,2.455,0.314,10.08
LOC009-U02,2026-01-06T22:30:00+00:00,2.552,0.339,10.91
LOC009-U02,2026-01-06T22:45:00+00:00,1.787,0.314,10.72
LOC009-U02,2026-01-06T23:00:00+00:00,1.996,0.312,9.22
LOC009-U02,2026-01-06T23:15:00+00:00,2.253,0.379,7.5
LOC009-U02,2026-01-06T23:30:00+00:00,1.152,0.311,8.29
LOC009-U02,2026-01-06T23:45:00+00:00,1.741,0.29,6.96
LOC009-U02,2026-01-07T00:00:00+00:00,2.624,0.376,10.66
LOC009-U02,2026-01-07T00:15:00+00:00,1.024,0.241,9.9
LOC009-U02,2026-01-07T00:30:00+00:00,1.679,0.275,8.86
LOC009-U02,2026-01-07T00:45:00+00:00,2.463,0.343,9.76
LOC009-U02,2026-01-07T01:00:00+00:00,2.506,0.327,8.35
LOC009-U02,2026-01-07T01:15:00+00:00,2.581,0.233,9.42
LOC009-U02,2026-01-07T01:30:00+00:00,2.318,0.308,7.28
LOC009-U02,2026-01-07T01:45:00+00:00,1.705,0.331,10.97
LOC009-U02,2026-01-07T02:00:00+00:00,2.622,0.372,8.12
LOC009-U02,2026-01-07T02:15:00+00:00,1.784,0.293,8.94
LOC009-U02,2026-01-07T02:30:00+00:00,1.671,0.372,11.52
LOC009-U02,2026-01-07T02:45:00+00:00,2.762,0.283,8.68
LOC009-U02,2026-01-07T03:00:00+00:00,2.524,0.332,7.76
LOC009-U02,2026-01-07T03:15:00+00:00,2.207,0.325,8.9
LOC009-U02,2026-01-07T03:30:00+00:00,1.86,0.234,9.24
LOC009-U02,2026-01-07T03:45:00+00:00,2.824,0.309,8.23
LOC014-U02,2026-01-06T10:00:00+00:00,2.703,0.234,10.02
LOC014-U02,2026-01-06T10:15:00+00:00,2.231,0.232,8.56
LOC014-U02,2026-01-06T10:30:00+00:00,1.095,0.36,7.16
LOC014-U02,2026-01-06T10:45:00+00:00,1.949,0.332,7.23
LOC014-U02,2026-01-06T11:00:00+00:00,1.772,0.329,8.29
LOC014-U02,2026-01-06T11:15:00+00:00,1.136,0.324,8.59
LOC014-U02,2026-01-06T11:30:00+00:00,1.309,0.243,8.52
LOC014-U02,2026-01-06T11:45:00+00:00,2.371,0.28,10.59
LOC014-U02,2026-01-06T12:00:00+00:00,2.596,0.251,7.11
LOC014-U02,2026-01-06T12:15:00+00:00,2.124,0.232,7.44
LOC014-U02,2026-01-06T12:30:00+00:00,2.396,0.337,11.18
LOC014-U02,2026-01-06T12:45:00+00:00,2.084,0.279,8.98
LOC014-U02,2026-01-06T13:00:00+00:00,1.466,0.323,10.0
LOC014-U02,2026-01-06T13:15:00+00:00,1.6,0.331,8.17
LOC014-U02,2026-01-06T13:30:00+00:00,2.326,0.344,8.68
LOC014-U02,2026-01-06T13:45:00+00:00,1.5,0.378,7.86
LOC014-U02,2026-01-06T14:00:00+00:00,1.952,0.328,7.93
LOC014-U02,2026-01-06T14:15:00+00:00,1.333,0.255,6.86
LOC014-U02,2026-01-06T14:30:00+00:00,2.399,0.365,9.05
LOC014-U02,2026-01-06T14:45:00+00:00,2.037,0.344,11.07
LOC014-U02,2026-01-06T15:00:00+00:00,1.551,0.276,8.71
LOC014-U02,2026-01-06T15:15:00+00:00,2.477,0.305,8.85
LOC014-U02,2026-01-06T15:30:00+00:00,2.777,0.237,6.82
LOC014-U02,2026-01-06T15:45:00+00:00,2.276,0.317,8.02
LOC014-U02,2026-01-06T16:00:00+00:00,2.511,0.308,11.19
LOC014-U02,2026-01-06T16:15:00+00:00,2.201,0.358,6.92
LOC014-U02,2026-01-06T16:30:00+00:00,2.39,0.344,9.89
LOC014-U02,2026-01-06T16:45:00+00:00,1.731,0.335,9.13
LOC014-U02,2026-01-06T17:00:00+00:00,2.193,0.299,8.18
LOC014-U02,2026-01-06T17:15:00+00:00,2.05,0.366,8.33
LOC014-U02,2026-01-06T17:30:00+00:00,2.324,0.306,9.95
LOC014-U02,2026-01-06T17:45:00+00:00,1.863,0.329,9.89
LOC014-U02,2026-01-06T18:00:00+00:00,2.103,0.27,6.87
LOC014-U02,2026-01-06T18:15:00+00:00,1.292,0.373,10.47
LOC014-U02,2026-01-06T18:30:00+00:00,1.993,0.278,9.08
LOC014-U02,2026-01-06T18:45:00+00:00,1.755,0.311,10.31
LOC014-U02,2026-01-06T19:00:00+00:00,1.421,0.318,10.71
LOC014-U02,2026-01-06T19:15:00+00:00,2.347,0.35,9.58
LOC014-U02,2026-01-06T19:30:00+00:00,2.938,0.336,10.73
LOC014-U02,2026-01-06T19:45:00+00:00,2.547,0.289,7.01
LOC014-U02,2026-01-06T20:00:00+00:00,1.209,0.308,7.11
LOC014-U02,2026-01-06T20:15:00+00:00,2.387,0.279,6.98
LOC014-U02,2026-01-06T20:30:00+00:00,2.743,0.285,11.44
LOC014-U02,2026-01-06T20:45:00+00:00,1.883,0.274,10.27
LOC014-U02,2026-01-06T21:00:00+00:00,2.447,0.312,7.35
LOC014-U02,2026-01-06T21:15:00+00:00,1.758,0.242,7.23
LOC014-U02,2026-01-06T21:30:00+00:00,2.273,0.283,6.96
LOC014-U02,2026-01-06T21:45:00+00:00,2.117,0.253,11.47
LOC014-U02,2026-01-06T22:00:00+00:00,2.265,0.371,9.4
LOC014-U02,2026-01-06T22:15:00+00:00,2.198,0.349,8.22
LOC014-U02,2026-01-06T22:30:00+00:00,1.571,0.34,8.83
LOC014-U02,2026-01-06T22:45:00+00:00,2.834,0.238,11.66
LOC014-U02,2026-01-06T23:00:00+00:00,1.715,0.361,9.22
LOC014-U02,2026-01-06T23:15:00+00:00,2.004,0.287,8.66
LOC014-U02,2026-01-06T23:30:00+00:00,2.342,0.272,7.69
LOC014-U02,2026-01-06T23:45:00+00:00,2.449,0.346,9.79
LOC014-U02,2026-01-07T00:00:00+00:00,2.684,0.358,9.18
LOC014-U02,2026-01-07T00:15:00+00:00,2.131,0.378,10.24
LOC014-U02,2026-01-07T00:30:00+00:00,2.879,0.231,11.42
LOC014-U02,2026-01-07T00:45:00+00:00,1.473,0.284,7.17
LOC014-U02,2026-01-07T01:00:00+00:00,2.274,0.343,10.08
LOC014-U02,2026-01-07T01:15:00+00:00,2.279,0.337,9.57
LOC014-U02,2026-01-07T01:30:00+00:00,1.449,0.302,7.79
LOC014-U02,2026-01-07T01:45:00+00:00,1.296,0.32,8.48
LOC014-U02,2026-01-07T02:00:00+00:00,1.864,0.252,8.11
LOC014-U02,2026-01-07T02:15:00+00:00,1.177,0.228,10.03
LOC014-U02,2026-01-07T02:30:00+00:00,2.068,0.312,6.91
LOC014-U02,2026-01-07T02:45:00+00:00,1.953,0.347,9.45
LOC014-U02,2026-01-07T03:00:00+00:00,1.742,0.292,9.37
LOC014-U02,2026-01-07T03:15:00+00:00,2.134,0.326,11.4
LOC014-U02,2026-01-07T03:30:00+00:00,2.625,0.265,9.37
LOC014-U02,2026-01-07T03:45:00+00:00,1.931,0.299,10.71
LOC022-U02,2026-01-06T10:00:00+00:00,1.515,0.244,8.21
LOC022-U02,2026-01-06T10:15:00+00:00,2.682,0.305,11.1
LOC022-U02,2026-01-06T10:30:00+00:00,2.305,0.352,7.72
LOC022-U02,2026-01-06T10:45:00+00:00,2.017,0.277,10.7
LOC022-U02,2026-01-06T11:00:00+00:00,2.364,0.364,9.94
LOC022-U02,2026-01-06T11:15:00+00:00,2.868,0.228,8.59
LOC022-U02,2026-01-06T11:30:00+00:00,2.013,0.306,9.43
LOC022-U02,2026-01-06T11:45:00+00:00,2.18,0.308,10.81
LOC022-U02,2026-01-06T12:00:00+00:00,2.6,0.261,8.94
LOC022-U02,2026-01-06T12:15:00+00:00,2.093,0.311,9.7
LOC022-U02,2026-01-06T12:30:00+00:00,3.46,0.339,9.71
LOC022-U02,2026-01-06T12:45:00+00:00,2.427,0.27,7.57
LOC022-U02,2026-01-06T13:00:00+00:00,2.274,0.379,8.7
LOC022-U02,2026-01-06T13:15:00+00:00,2.526,0.368,11.0
LOC022-U02,2026-01-06T13:30:00+00:00,1.704,0.258,9.67
LOC022-U02,2026-01-06T13:45:00+00:00,1.708,0.288,9.6
LOC022-U02,2026-01-06T14:00:00+00:00,2.593,0.317,7.29
LOC022-U02,2026-01-06T14:15:00+00:00,1.913,0.322,10.12
LOC022-U02,2026-01-06T14:30:00+00:00,2.178,0.227,7.49
LOC022-U02,2026-01-06T14:45:00+00:00,3.281,0.308,7.1
LOC022-U02,2026-01-06T15:00:00+00:00,3.215,0.279,7.93
LOC022-U02,2026-01-06T15:15:00+00:00,1.897,0.273,7.6
LOC022-U02,2026-01-06T15:30:00+00:00,2.44,0.343,9.78
LOC022-U02,2026-01-06T15:45:00+00:00,2.013,0.374,10.47
LOC022-U02,2026-01-06T16:00:00+00:00,2.046,0.369,11.18
LOC022-U02,2026-01-06T16:15:00+00:00,2.153,0.367,7.51
LOC022-U02,2026-01-06T16:30:00+00:00,2.173,0.354,8.76
LOC022-U02,2026-01-06T16:45:00+00:00,1.532,0.244,6.58
LOC022-U02,2026-01-06T17:00:00+00:00,2.582,0.37,8.22
LOC022-U02,2026-01-06T17:15:00+00:00,0.986,0.22,6.34
LOC022-U02,2026-01-06T17:30:00+00:00,1.39,0.292,9.4
LOC022-U02,2026-01-06T17:45:00+00:00,2.498,0.222,10.95
LOC022-U02,2026-01-06T18:00:00+00:00,2.066,0.305,7.06
LOC022-U02,2026-01-06T18:15:00+00:00,1.678,0.331,8.72
LOC022-U02,2026-01-06T18:30:00+00:00,1.785,0.368,9.43
LOC022-U02,2026-01-06T18:45:00+00:00,2.436,0.352,10.73
LOC022-U02,2026-01-06T19:00:00+00:00,2.317,0.38,8.61
LOC022-U02,2026-01-06T19:15:00+00:00,2.299,0.334,11.61
LOC022-U02,2026-01-06T19:30:00+00:00,2.049,0.334,10.66
LOC022-U02,2026-01-06T19:45:00+00:00,1.512,0.342,10.29
LOC022-U02,2026-01-06T20:00:00+00:00,1.948,0.236,6.79
LOC022-U02,2026-01-06T20:15:00+00:00,1.969,0.246,7.3
LOC022-U02,2026-01-06T20:30:00+00:00,1.255,0.253,8.29
LOC022-U02,2026-01-06T20:45:00+00:00,2.35,0.259,6.71
LOC022-U02,2026-01-06T21:00:00+00:00,3.333,0.242,7.26
LOC022-U02,2026-01-06T21:15:00+00:00,2.9,0.313,7.44
LOC022-U02,2026-01-06T21:30:00+00:00,2.234,0.337,9.43
LOC022-U02,2026-01-06T21:45:00+00:00,2.253,0.308,7.28
LOC022-U02,2026-01-06T22:00:00+00:00,3.064,0.285,11.49
LOC022-U02,2026-01-06T22:15:00+00:00,3.17,0.314,8.43
LOC022-U02,2026-01-06T22:30:00+00:00,2.183,0.368,8.05
LOC022-U02,2026-01-06T22:45:00+00:00,2.948,0.247,8.34
LOC022-U02,2026-01-06T23:00:00+00:00,1.971,0.371,11.57
LOC022-U02,2026-01-06T23:15:00+00:00,2.121,0.271,7.26
LOC022-U02,2026-01-06T23:30:00+00:00,2.379,0.256,8.9
LOC022-U02,2026-01-06T23:45:00+00:00,1.213,0.325,8.61
LOC022-U02,2026-01-07T00:00:00+00:00,2.579,0.37,10.66
LOC022-U02,2026-01-07T00:15:00+00:00,2.133,0.303,9.88
LOC022-U02,2026-01-07T00:30:00+00:00,1.299,0.353,9.5
LOC022-U02,2026-01-07T00:45:00+00:00,1.46,0.371,10.44
LOC022-U02,2026-01-07T01:00:00+00:00,1.547,0.309,9.75
LOC022-U02,2026-01-07T01:15:00+00:00,2.971,0.235,11.66
LOC022-U02,2026-01-07T01:30:00+00:00,2.292,0.245,10.97
LOC022-U02,2026-01-07T01:45:00+00:00,2.822,0.262,11.57
LOC022-U02,2026-01-07T02:00:00+00:00,1.744,0.344,7.08
LOC022-U02,2026-01-07T02:15:00+00:00,1.537,0.335,8.08
LOC022-U02,2026-01-07T02:30:00+00:00,1.651,0.349,9.51
LOC022-U02,2026-01-07T02:45:00+00:00,2.511,0.365,7.59
LOC022-U02,2026-01-07T03:00:00+00:00,2.015,0.358,9.24
LOC022-U02,2026-01-07T03:15:00+00:00,1.511,0.272,8.66
LOC022-U02,2026-01-07T03:30:00+00:00,3.0,0.357,8.93
LOC022-U02,2026-01-07T03:45:00+00:00,2.05,0.277,7.41
LOC030-U01,2026-01-07T10:00:00+00:00,1.263,0.345,8.45
LOC030-U01,2026-01-07T10:15:00+00:00,2.825,0.261,7.74
LOC030-U01,2026-01-07T10:30:00+00:00,2.629,0.232,7.83
LOC030-U01,2026-01-07T10:45:00+00:00,1.745,0.281,7.19
LOC030-U01,2026-01-07T11:00:00+00:00,1.749,0.256,10.44
LOC030-U01,2026-01-07T11:15:00+00:00,1.386,0.264,11.21
LOC030-U01,2026-01-07T11:30:00+00:00,2.628,0.298,9.67
LOC030-U01,2026-01-07T11:45:00+00:00,2.046,0.306,10.54
LOC030-U01,2026-01-07T12:00:00+00:00,1.661,0.263,6.96
LOC030-U01,2026-01-07T12:15:00+00:00,1.57,0.355,9.45
LOC030-U01,2026-01-07T12:30:00+00:00,2.21,0.228,10.16
LOC030-U01,2026-01-07T12:45:00+00:00,2.823,0.376,9.35
LOC030-U01,2026-01-07T13:00:00+00:00,1.662,0.312,9.86
LOC030-U01,2026-01-07T13:15:00+00:00,2.961,0.364,11.13
LOC030-U01,2026-01-07T13:30:00+00:00,2.543,0.347,11.0
LOC030-U01,2026-01-07T13:45:00+00:00,2.033,0.231,8.33
LOC030-U01,2026-01-07T14:00:00+00:00,1.101,0.373,6.94
LOC030-U01,2026-01-07T14:15:00+00:00,2.515,0.263,8.28
LOC030-U01,2026-01-07T14:30:00+00:00,2.272,0.259,11.42
LOC030-U01,2026-01-07T14:45:00+00:00,2.472,0.281,10.1
LOC030-U01,2026-01-07T15:00:00+00:00,2.114,0.281,11.51
LOC030-U01,2026-01-07T15:15:00+00:00,2.441,0.277,9.61
LOC030-U01,2026-01-07T15:30:00+00:00,2.037,0.331,8.59
LOC030-U01,2026-01-07T15:45:00+00:00,2.155,0.298,11.58
LOC030-U01,2026-01-07T16:00:00+00:00,2.414,0.353,9.82
LOC030-U01,2026-01-07T16:15:00+00:00,2.138,0.375,9.54
LOC030-U01,2026-01-07T16:30:00+00:00,1.583,0.264,9.43
LOC030-U01,2026-01-07T16:45:00+00:00,2.061,0.229,8.39
LOC030-U01,2026-01-07T17:00:00+00:00,1.962,0.257,10.87
LOC030-U01,2026-01-07T17:15:00+00:00,2.631,0.333,10.38
LOC030-U01,2026-01-07T17:30:00+00:00,2.467,0.317,10.69
LOC030-U01,2026-01-07T17:45:00+00:00,2.655,0.36,7.32
LOC030-U01,2026-01-07T18:00:00+00:00,3.079,0.243,10.1
LOC030-U01,2026-01-07T18:15:00+00:00,2.883,0.316,8.18
LOC030-U01,2026-01-07T18:30:00+00:00,1.43,0.323,9.68
LOC030-U01,2026-01-07T18:45:00+00:00,2.442,0.277,11.63
LOC030-U01,2026-01-07T19:00:00+00:00,1.407,0.231,10.0
LOC030-U01,2026-01-07T19:15:00+00:00,1.893,0.278,7.37
LOC030-U01,2026-01-07T19:30:00+00:00,2.496,0.317,9.08
LOC030-U01,2026-01-07T19:45:00+00:00,2.36,0.231,8.46
LOC030-U01,2026-01-07T20:00:00+00:00,1.877,0.265,9.69
LOC030-U01,2026-01-07T20:15:00+00:00,2.751,0.363,10.48
LOC030-U01,2026-01-07T20:30:00+00:00,2.429,0.292,10.22
LOC030-U01,2026-01-07T20:45:00+00:00,1.801,0.236,11.2
LOC030-U01,2026-01-07T21:00:00+00:00,1.926,0.308,9.61
LOC030-U01,2026-01-07T21:15:00+00:00,2.722,0.259,9.56
LOC030-U01,2026-01-07T21:30:00+00:00,2.383,0.355,7.41
LOC030-U01,2026-01-07T21:45:00+00:00,2.176,0.257,10.91
LOC030-U01,2026-01-07T22:00:00+00:00,1.82,0.297,6.57
LOC030-U01,2026-01-07T22:15:00+00:00,1.484,0.222,7.13
LOC030-U01,2026-01-07T22:30:00+00:00,2.143,0.377,6.96
LOC030-U01,2026-01-07T22:45:00+00:00,1.536,0.297,9.86
LOC030-U01,2026-01-07T23:00:00+00:00,2.29,0.333,8.75
LOC030-U01,2026-01-07T23:15:00+00:00,2.255,0.365,9.96
LOC030-U01,2026-01-07T23:30:00+00:00,2.644,0.311,10.91
LOC030-U01,2026-01-07T23:45:00+00:00,1.974,0.282,9.52
LOC030-U01,2026-01-08T00:00:00+00:00,2.645,0.319,10.88
LOC030-U01,2026-01-08T00:15:00+00:00,1.306,0.263,7.54
LOC030-U01,2026-01-08T00:30:00+00:00,1.743,0.293,10.41
LOC030-U01,2026-01-08T00:45:00+00:00,2.24,0.238,11.16
LOC030-U01,2026-01-08T01:00:00+00:00,1.829,0.377,9.97
LOC030-U01,2026-01-08T01:15:00+00:00,1.663,0.336,9.68
LOC030-U01,2026-01-08T01:30:00+00:00,2.136,0.313,11.46
LOC030-U01,2026-01-08T01:45:00+00:00,2.331,0.233,10.02
LOC030-U01,2026-01-08T02:00:00+00:00,1.694,0.261,6.94
LOC030-U01,2026-01-08T02:15:00+00:00,1.416,0.31,9.17
LOC030-U01,2026-01-08T02:30:00+00:00,1.776,0.249,8.78
LOC030-U01,2026-01-08T02:45:00+00:00,2.192,0.242,8.32
LOC030-U01,2026-01-08T03:00:00+00:00,3.175,0.228,9.75
LOC030-U01,2026-01-08T03:15:00+00:00,2.438,0.261,6.74
LOC030-U01,2026-01-08T03:30:00+00:00,2.777,0.273,11.29
LOC030-U01,2026-01-08T03:45:00+00:00,1.018,0.353,7.89
LOC028-U01,2026-01-07T10:00:00+00:00,2.058,0.302,11.22
LOC028-U01,2026-01-07T10:15:00+00:00,1.054,0.267,9.1
LOC028-U01,2026-01-07T10:30:00+00:00,2.938,0.273,8.72
LOC028-U01,2026-01-07T10:45:00+00:00,1.736,0.377,11.28
LOC028-U01,2026-01-07T11:00:00+00:00,2.058,0.294,7.47
LOC028-U01,2026-01-07T11:15:00+00:00,1.952,0.314,11.28
LOC028-U01,2026-01-07T11:30:00+00:00,2.924,0.308,11.59
LOC028-U01,2026-01-07T11:45:00+00:00,1.873,0.263,11.02
LOC028-U01,2026-01-07T12:00:00+00:00,1.813,0.268,10.36
LOC028-U01,2026-01-07T12:15:00+00:00,1.643,0.249,9.38
LOC028-U01,2026-01-07T12:30:00+00:00,1.695,0.339,8.49
LOC028-U01,2026-01-07T12:45:00+00:00,1.732,0.244,9.28
LOC028-U01,2026-01-07T13:00:00+00:00,2.874,0.284,11.44
LOC028-U01,2026-01-07T13:15:00+00:00,2.227,0.246,8.85
LOC028-U01,2026-01-07T13:30:00+00:00,1.827,0.282,10.48
LOC028-U01,2026-01-07T13:45:00+00:00,2.454,0.238,7.69
LOC028-U01,2026-01-07T14:00:00+00:00,1.537,0.281,10.94
LOC028-U01,2026-01-07T14:15:00+00:00,2.009,0.235,9.87
LOC028-U01,2026-01-07T14:30:00+00:00,2.465,0.37,8.02
LOC028-U01,2026-01-07T14:45:00+00:00,2.651,0.284,8.95
LOC028-U01,2026-01-07T15:00:00+00:00,1.921,0.347,10.11
LOC028-U01,2026-01-07T15:15:00+00:00,2.082,0.271,10.37
LOC028-U01,2026-01-07T15:30:00+00:00,2.564,0.229,8.05
LOC028-U01,2026-01-07T15:45:00+00:00,2.934,0.23,8.64
LOC028-U01,2026-01-07T16:00:00+00:00,2.446,0.28,10.28
LOC028-U01,2026-01-07T16:15:00+00:00,2.475,0.327,10.91
LOC028-U01,2026-01-07T16:30:00+00:00,1.589,0.321,6.96
LOC028-U01,2026-01-07T16:45:00+00:00,2.733,0.379,10.03
LOC028-U01,2026-01-07T17:00:00+00:00,2.236,0.326,8.36
LOC028-U01,2026-01-07T17:15:00+00:00,1.824,0.259,10.35
LOC028-U01,2026-01-07T17:30:00+00:00,2.113,0.378,6.86
LOC028-U01,2026-01-07T17:45:00+00:00,1.425,0.242,10.33
LOC028-U01,2026-01-07T18:00:00+00:00,1.799,0.267,10.76
LOC028-U01,2026-01-07T18:15:00+00:00,2.251,0.272,6.9
LOC028-U01,2026-01-07T18:30:00+00:00,1.578,0.312,10.35
LOC028-U01,2026-01-07T18:45:00+00:00,1.352,0.288,10.68
LOC028-U01,2026-01-07T19:00:00+00:00,2.041,0.278,10.0
LOC028-U01,2026-01-07T19:15:00+00:00,2.099,0.263,11.17
LOC028-U01,2026-01-07T19:30:00+00:00,2.032,0.355,7.92
LOC028-U01,2026-01-07T19:45:00+00:00,2.314,0.348,8.63
LOC028-U01,2026-01-07T20:00:00+00:00,1.888,0.306,11.2
LOC028-U01,2026-01-07T20:15:00+00:00,2.628,0.285,7.73
LOC028-U01,2026-01-07T20:30:00+00:00,1.51,0.344,9.26
LOC028-U01,2026-01-07T20:45:00+00:00,2.811,0.253,9.48
LOC028-U01,2026-01-07T21:00:00+00:00,2.966,0.33,9.2
LOC028-U01,2026-01-07T21:15:00+00:00,1.975,0.38,8.74
LOC028-U01,2026-01-07T21:30:00+00:00,1.895,0.326,9.95
LOC028-U01,2026-01-07T21:45:00+00:00,2.097,0.282,10.8
LOC028-U01,2026-01-07T22:00:00+00:00,1.961,0.225,8.62
LOC028-U01,2026-01-07T22:15:00+00:00,1.416,0.243,7.46
LOC028-U01,2026-01-07T22:30:00+00:00,1.667,0.232,10.65
LOC028-U01,2026-01-07T22:45:00+00:00,2.043,0.223,9.81
LOC028-U01,2026-01-07T23:00:00+00:00,2.445,0.238,9.87
LOC028-U01,2026-01-07T23:15:00+00:00,2.003,0.222,11.41
LOC028-U01,2026-01-07T23:30:00+00:00,2.283,0.302,8.96
LOC028-U01,2026-01-07T23:45:00+00:00,1.781,0.372,10.48
LOC028-U01,2026-01-08T00:00:00+00:00,2.472,0.345,8.34
LOC028-U01,2026-01-08T00:15:00+00:00,1.671,0.285,10.15
LOC028-U01,2026-01-08T00:30:00+00:00,1.975,0.273,8.85
LOC028-U01,2026-01-08T00:45:00+00:00,2.406,0.224,6.58
LOC028-U01,2026-01-08T01:00:00+00:00,2.033,0.222,6.69
LOC028-U01,2026-01-08T01:15:00+00:00,2.335,0.361,8.66
LOC028-U01,2026-01-08T01:30:00+00:00,1.92,0.367,9.17
LOC028-U01,2026-01-08T01:45:00+00:00,2.036,0.348,9.49
LOC028-U01,2026-01-08T02:00:00+00:00,1.85,0.245,7.9
LOC028-U01,2026-01-08T02:15:00+00:00,2.36,0.229,8.32
LOC028-U01,2026-01-08T02:30:00+00:00,1.877,0.253,6.57
LOC028-U01,2026-01-08T02:45:00+00:00,1.574,0.339,10.3
LOC028-U01,2026-01-08T03:00:00+00:00,2.396,0.238,10.64
LOC028-U01,2026-01-08T03:15:00+00:00,1.139,0.221,10.04
LOC028-U01,2026-01-08T03:30:00+00:00,1.765,0.329,9.31
LOC028-U01,2026-01-08T03:45:00+00:00,1.134,0.374,6.94
LOC022-U01,2026-01-07T10:00:00+00:00,2.638,0.278,8.28
LOC022-U01,2026-01-07T10:15:00+00:00,2.445,0.36,10.97
LOC022-U01,2026-01-07T10:30:00+00:00,2.916,0.324,10.73
LOC022-U01,2026-01-07T10:45:00+00:00,1.286,0.253,8.2
LOC022-U01,2026-01-07T11:00:00+00:00,2.307,0.227,10.65
LOC022-U01,2026-01-07T11:15:00+00:00,1.976,0.256,8.17
LOC022-U01,2026-01-07T11:30:00+00:00,2.671,0.308,10.33
LOC022-U01,2026-01-07T11:45:00+00:00,2.038,0.223,7.76
LOC022-U01,2026-01-07T12:00:00+00:00,3.209,0.334,7.77
LOC022-U01,2026-01-07T12:15:00+00:00,2.336,0.233,10.33
LOC022-U01,2026-01-07T12:30:00+00:00,1.832,0.371,11.0
LOC022-U01,2026-01-07T12:45:00+00:00,1.653,0.306,7.05
LOC022-U01,2026-01-07T13:00:00+00:00,2.224,0.331,9.81
LOC022-U01,2026-01-07T13:15:00+00:00,2.752,0.337,7.4
LOC022-U01,2026-01-07T13:30:00+00:00,2.086,0.334,6.7
LOC022-U01,2026-01-07T13:45:00+00:00,2.115,0.343,8.24
LOC022-U01,2026-01-07T14:00:00+00:00,1.955,0.342,8.42
LOC022-U01,2026-01-07T14:15:00+00:00,2.171,0.34,10.9
LOC022-U01,2026-01-07T14:30:00+00:00,1.845,0.234,6.48
LOC022-U01,2026-01-07T14:45:00+00:00,2.284,0.254,7.81
LOC022-U01,2026-01-07T15:00:00+00:00,1.124,0.292,10.57
LOC022-U01,2026-01-07T15:15:00+00:00,2.333,0.377,9.1
LOC022-U01,2026-01-07T15:30:00+00:00,1.743,0.333,8.45
LOC022-U01,2026-01-07T15:45:00+00:00,1.256,0.342,7.95
LOC022-U01,2026-01-07T16:00:00+00:00,2.768,0.366,11.47
LOC022-U01,2026-01-07T16:15:00+00:00,2.24,0.314,11.19
LOC022-U01,2026-01-07T16:30:00+00:00,0.666,0.283,8.35
LOC022-U01,2026-01-07T16:45:00+00:00,2.289,0.324,7.37
LOC022-U01,2026-01-07T17:00:00+00:00,1.873,0.226,10.7
LOC022-U01,2026-01-07T17:15:00+00:00,2.082,0.315,6.66
LOC022-U01,2026-01-07T17:30:00+00:00,2.769,0.352,10.9
LOC022-U01,2026-01-07T17:45:00+00:00,2.229,0.235,8.31
LOC022-U01,2026-01-07T18:00:00+00:00,2.22,0.256,10.17
LOC022-U01,2026-01-07T18:15:00+00:00,2.235,0.236,7.95
LOC022-U01,2026-01-07T18:30:00+00:00,1.477,0.223,10.98
LOC022-U01,2026-01-07T18:45:00+00:00,1.499,0.373,10.31
LOC022-U01,2026-01-07T19:00:00+00:00,2.464,0.259,9.07
LOC022-U01,2026-01-07T19:15:00+00:00,1.375,0.354,9.59
LOC022-U01,2026-01-07T19:30:00+00:00,2.21,0.31,10.57
LOC022-U01,2026-01-07T19:45:00+00:00,1.715,0.296,11.09
LOC022-U01,2026-01-07T20:00:00+00:00,1.901,0.333,11.59
LOC022-U01,2026-01-07T20:15:00+00:00,2.092,0.255,9.11
LOC022-U01,2026-01-07T20:30:00+00:00,2.871,0.331,7.68
LOC022-U01,2026-01-07T20:45:00+00:00,1.646,0.332,10.8
LOC022-U01,2026-01-07T21:00:00+00:00,2.176,0.334,8.46
LOC022-U01,2026-01-07T21:15:00+00:00,2.864,0.255,8.81
LOC022-U01,2026-01-07T21:30:00+00:00,1.336,0.37,7.15
LOC022-U01,2026-01-07T21:45:00+00:00,2.496,0.317,7.69
LOC022-U01,2026-01-07T22:00:00+00:00,1.686,0.306,7.43
LOC022-U01,2026-01-07T22:15:00+00:00,1.986,0.348,9.97
LOC022-U01,2026-01-07T22:30:00+00:00,2.053,0.362,8.49
LOC022-U01,2026-01-07T22:45:00+00:00,2.206,0.374,9.79
LOC022-U01,2026-01-07T23:00:00+00:00,1.194,0.348,6.79
LOC022-U01,2026-01-07T23:15:00+00:00,2.084,0.347,10.85
LOC022-U01,2026-01-07T23:30:00+00:00,2.041,0.267,7.01
LOC022-U01,2026-01-07T23:45:00+00:00,2.15,0.278,6.62
LOC022-U01,2026-01-08T00:00:00+00:00,1.984,0.247,11.15
LOC022-U01,2026-01-08T00:15:00+00:00,1.858,0.246,6.94
LOC022-U01,2026-01-08T00:30:00+00:00,2.198,0.341,11.31
LOC022-U01,2026-01-08T00:45:00+00:00,3.013,0.331,11.19
LOC022-U01,2026-01-08T01:00:00+00:00,2.191,0.376,7.61
LOC022-U01,2026-01-08T01:15:00+00:00,2.155,0.261,9.49
LOC022-U01,2026-01-08T01:30:00+00:00,2.384,0.341,9.36
LOC022-U01,2026-01-08T01:45:00+00:00,1.025,0.378,11.34
LOC022-U01,2026-01-08T02:00:00+00:00,2.486,0.304,10.03
LOC022-U01,2026-01-08T02:15:00+00:00,1.511,0.261,9.94
LOC022-U01,2026-01-08T02:30:00+00:00,1.854,0.244,7.29
LOC022-U01,2026-01-08T02:45:00+00:00,1.735,0.311,9.21
LOC022-U01,2026-01-08T03:00:00+00:00,2.678,0.324,8.62
LOC022-U01,2026-01-08T03:15:00+00:00,2.319,0.311,8.05
LOC022-U01,2026-01-08T03:30:00+00:00,2.291,0.362,8.64
LOC022-U01,2026-01-08T03:45:00+00:00,2.766,0.248,11.62
LOC034-U01,2026-01-07T10:00:00+00:00,1.669,0.262,7.74
LOC034-U01,2026-01-07T10:15:00+00:00,2.199,0.351,10.0
LOC034-U01,2026-01-07T10:30:00+00:00,1.927,0.223,9.92
LOC034-U01,2026-01-07T10:45:00+00:00,1.948,0.309,8.32
LOC034-U01,2026-01-07T11:00:00+00:00,2.395,0.261,8.87
LOC034-U01,2026-01-07T11:15:00+00:00,1.867,0.372,9.47
LOC034-U01,2026-01-07T11:30:00+00:00,1.55,0.23,10.01
LOC034-U01,2026-01-07T11:45:00+00:00,2.135,0.228,9.15
LOC034-U01,2026-01-07T12:00:00+00:00,1.601,0.314,6.58
LOC034-U01,2026-01-07T12:15:00+00:00,1.272,0.256,8.13
LOC034-U01,2026-01-07T12:30:00+00:00,1.506,0.235,6.94
LOC034-U01,2026-01-07T12:45:00+00:00,2.067,0.271,9.58
LOC034-U01,2026-01-07T13:00:00+00:00,2.001,0.323,8.87
LOC034-U01,2026-01-07T13:15:00+00:00,1.768,0.375,11.27
LOC034-U01,2026-01-07T13:30:00+00:00,2.817,0.362,11.34
LOC034-U01,2026-01-07T13:45:00+00:00,1.972,0.298,9.19
LOC034-U01,2026-01-07T14:00:00+00:00,2.077,0.292,9.0
LOC034-U01,2026-01-07T14:15:00+00:00,2.341,0.372,6.97
LOC034-U01,2026-01-07T14:30:00+00:00,2.155,0.257,10.65
LOC034-U01,2026-01-07T14:45:00+00:00,1.777,0.259,7.22
LOC034-U01,2026-01-07T15:00:00+00:00,1.522,0.337,11.32
LOC034-U01,2026-01-07T15:15:00+00:00,1.767,0.221,9.5
LOC034-U01,2026-01-07T15:30:00+00:00,1.482,0.236,9.34
LOC034-U01,2026-01-07T15:45:00+00:00,1.624,0.277,9.78
LOC034-U01,2026-01-07T16:00:00+00:00,2.233,0.239,9.82
LOC034-U01,2026-01-07T16:15:00+00:00,2.34,0.332,9.16
LOC034-U01,2026-01-07T16:30:00+00:00,1.543,0.228,9.51
LOC034-U01,2026-01-07T16:45:00+00:00,2.246,0.227,6.78
LOC034-U01,2026-01-07T17:00:00+00:00,1.731,0.276,8.59
LOC034-U01,2026-01-07T17:15:00+00:00,2.418,0.291,10.97
LOC034-U01,2026-01-07T17:30:00+00:00,1.61,0.365,10.84
LOC034-U01,2026-01-07T17:45:00+00:00,2.033,0.323,8.63
LOC034-U01,2026-01-07T18:00:00+00:00,2.804,0.245,9.5
LOC034-U01,2026-01-07T18:15:00+00:00,1.459,0.264,9.89
LOC034-U01,2026-01-07T18:30:00+00:00,1.522,0.276,8.47
LOC034-U01,2026-01-07T18:45:00+00:00,1.761,0.334,9.59
LOC034-U01,2026-01-07T19:00:00+00:00,2.322,0.354,7.94
LOC034-U01,2026-01-07T19:15:00+00:00,1.628,0.377,10.47
LOC034-U01,2026-01-07T19:30:00+00:00,3.004,0.356,10.81
LOC034-U01,2026-01-07T19:45:00+00:00,2.479,0.338,8.36
LOC034-U01,2026-01-07T20:00:00+00:00,2.061,0.303,8.3
LOC034-U01,2026-01-07T20:15:00+00:00,1.341,0.374,10.55
LOC034-U01,2026-01-07T20:30:00+00:00,1.904,0.373,10.08
LOC034-U01,2026-01-07T20:45:00+00:00,1.833,0.315,11.09
LOC034-U01,2026-01-07T21:00:00+00:00,1.922,0.309,9.44
LOC034-U01,2026-01-07T21:15:00+00:00,1.722,0.297,7.45
LOC034-U01,2026-01-07T21:30:00+00:00,1.991,0.335,9.16
LOC034-U01,2026-01-07T21:45:00+00:00,3.486,0.27,10.53
LOC034-U01,2026-01-07T22:00:00+00:00,1.525,0.308,7.41
LOC034-U01,2026-01-07T22:15:00+00:00,1.504,0.289,8.07
LOC034-U01,2026-01-07T22:30:00+00:00,2.665,0.355,7.03
LOC034-U01,2026-01-07T22:45:00+00:00,2.236,0.285,10.01
LOC034-U01,2026-01-07T23:00:00+00:00,1.631,0.316,9.85
LOC034-U01,2026-01-07T23:15:00+00:00,2.087,0.299,10.67
LOC034-U01,2026-01-07T23:30:00+00:00,1.824,0.339,8.71
LOC034-U01,2026-01-07T23:45:00+00:00,2.489,0.241,6.77
LOC034-U01,2026-01-08T00:00:00+00:00,1.481,0.228,9.57
LOC034-U01,2026-01-08T00:15:00+00:00,2.121,0.3,8.62
LOC034-U01,2026-01-08T00:30:00+00:00,2.481,0.301,8.52
LOC034-U01,2026-01-08T00:45:00+00:00,2.516,0.374,7.04
LOC034-U01,2026-01-08T01:00:00+00:00,1.482,0.268,7.93
LOC034-U01,2026-01-08T01:15:00+00:00,1.998,0.355,8.5
LOC034-U01,2026-01-08T01:30:00+00:00,2.526,0.302,6.79
LOC034-U01,2026-01-08T01:45:00+00:00,2.277,0.365,11.04
LOC034-U01,2026-01-08T02:00:00+00:00,1.355,0.273,6.45
LOC034-U01,2026-01-08T02:15:00+00:00,2.42,0.253,7.81
LOC034-U01,2026-01-08T02:30:00+00:00,1.859,0.353,8.7
LOC034-U01,2026-01-08T02:45:00+00:00,1.835,0.328,10.77
LOC034-U01,2026-01-08T03:00:00+00:00,1.8,0.325,11.5
LOC034-U01,2026-01-08T03:15:00+00:00,2.198,0.303,7.5
LOC034-U01,2026-01-08T03:30:00+00:00,1.41,0.274,8.12
LOC034-U01,2026-01-08T03:45:00+00:00,1.561,0.38,10.22
LOC003-U01,2026-01-07T10:00:00+00:00,1.854,0.257,11.39
LOC003-U01,2026-01-07T10:15:00+00:00,2.232,0.295,7.42
LOC003-U01,2026-01-07T10:30:00+00:00,2.667,0.232,11.15
LOC003-U01,2026-01-07T10:45:00+00:00,1.877,0.349,10.26
LOC003-U01,2026-01-07T11:00:00+00:00,2.13,0.275,11.47
LOC003-U01,2026-01-07T11:15:00+00:00,2.965,0.254,10.46
LOC003-U01,2026-01-07T11:30:00+00:00,3.292,0.277,11.12
LOC003-U01,2026-01-07T11:45:00+00:00,2.311,0.262,10.98
LOC003-U01,2026-01-07T12:00:00+00:00,2.455,0.234,8.07
LOC003-U01,2026-01-07T12:15:00+00:00,1.688,0.296,9.63
LOC003-U01,2026-01-07T12:30:00+00:00,1.676,0.259,8.59
LOC003-U01,2026-01-07T12:45:00+00:00,1.809,0.285,9.57
LOC003-U01,2026-01-07T13:00:00+00:00,1.699,0.257,7.12
LOC003-U01,2026-01-07T13:15:00+00:00,1.209,0.379,8.25
LOC003-U01,2026-01-07T13:30:00+00:00,2.543,0.229,9.33
LOC003-U01,2026-01-07T13:45:00+00:00,1.39,0.32,6.54
LOC003-U01,2026-01-07T14:00:00+00:00,2.679,0.32,8.45
LOC003-U01,2026-01-07T14:15:00+00:00,1.604,0.249,10.68
LOC003-U01,2026-01-07T14:30:00+00:00,1.615,0.244,10.17
LOC003-U01,2026-01-07T14:45:00+00:00,1.862,0.306,11.12
LOC003-U01,2026-01-07T15:00:00+00:00,1.904,0.287,7.39
LOC003-U01,2026-01-07T15:15:00+00:00,1.326,0.262,6.47
LOC003-U01,2026-01-07T15:30:00+00:00,2.089,0.36,7.58
LOC003-U01,2026-01-07T15:45:00+00:00,1.728,0.291,10.93
LOC003-U01,2026-01-07T16:00:00+00:00,1.406,0.356,7.77
LOC003-U01,2026-01-07T16:15:00+00:00,1.859,0.286,8.78
LOC003-U01,2026-01-07T16:30:00+00:00,2.058,0.29,10.78
LOC003-U01,2026-01-07T16:45:00+00:00,1.673,0.304,9.01
LOC003-U01,2026-01-07T17:00:00+00:00,1.505,0.244,9.11
LOC003-U01,2026-01-07T17:15:00+00:00,2.877,0.295,10.61
LOC003-U01,2026-01-07T17:30:00+00:00,1.833,0.335,8.55
LOC003-U01,2026-01-07T17:45:00+00:00,1.844,0.364,6.84
LOC003-U01,2026-01-07T18:00:00+00:00,1.591,0.254,9.94
LOC003-U01,2026-01-07T18:15:00+00:00,2.491,0.286,10.14
LOC003-U01,2026-01-07T18:30:00+00:00,1.195,0.285,6.65
LOC003-U01,2026-01-07T18:45:00+00:00,2.673,0.236,10.64
LOC003-U01,2026-01-07T19:00:00+00:00,2.166,0.329,11.34
LOC003-U01,2026-01-07T19:15:00+00:00,1.926,0.256,8.99
LOC003-U01,2026-01-07T19:30:00+00:00,1.707,0.287,7.62
LOC003-U01,2026-01-07T19:45:00+00:00,2.094,0.358,7.73
LOC003-U01,2026-01-07T20:00:00+00:00,2.661,0.312,8.1
LOC003-U01,2026-01-07T20:15:00+00:00,1.249,0.356,7.47
LOC003-U01,2026-01-07T20:30:00+00:00,1.604,0.263,10.62
LOC003-U01,2026-01-07T20:45:00+00:00,2.741,0.3,6.96
LOC003-U01,2026-01-07T21:00:00+00:00,2.63,0.264,9.87
LOC003-U01,2026-01-07T21:15:00+00:00,2.231,0.334,10.85
LOC003-U01,2026-01-07T21:30:00+00:00,1.645,0.267,7.61
LOC003-U01,2026-01-07T21:45:00+00:00,0.927,0.236,11.09
LOC003-U01,2026-01-07T22:00:00+00:00,1.73,0.329,10.23
LOC003-U01,2026-01-07T22:15:00+00:00,2.886,0.357,7.43
LOC003-U01,2026-01-07T22:30:00+00:00,2.208,0.308,10.1
LOC003-U01,2026-01-07T22:45:00+00:00,1.312,0.306,8.46
LOC003-U01,2026-01-07T23:00:00+00:00,2.228,0.364,9.52
LOC003-U01,2026-01-07T23:15:00+00:00,1.577,0.363,7.01
LOC003-U01,2026-01-07T23:30:00+00:00,1.718,0.38,9.03
LOC003-U01,2026-01-07T23:45:00+00:00,1.67,0.321,10.11
LOC003-U01,2026-01-08T00:00:00+00:00,1.402,0.292,9.61
LOC003-U01,2026-01-08T00:15:00+00:00,2.646,0.316,10.95
LOC003-U01,2026-01-08T00:30:00+00:00,2.218,0.368,9.18
LOC003-U01,2026-01-08T00:45:00+00:00,1.603,0.27,8.01
LOC003-U01,2026-01-08T01:00:00+00:00,2.805,0.333,10.73
LOC003-U01,2026-01-08T01:15:00+00:00,1.42,0.298,7.32
LOC003-U01,2026-01-08T01:30:00+00:00,1.666,0.319,8.95
LOC003-U01,2026-01-08T01:45:00+00:00,2.005,0.22,6.81
LOC003-U01,2026-01-08T02:00:00+00:00,1.917,0.363,11.26
LOC003-U01,2026-01-08T02:15:00+00:00,2.663,0.254,11.62
LOC003-U01,2026-01-08T02:30:00+00:00,1.971,0.28,9.92
LOC003-U01,2026-01-08T02:45:00+00:00,1.751,0.351,10.89
LOC003-U01,2026-01-08T03:00:00+00:00,2.361,0.369,7.99
LOC003-U01,2026-01-08T03:15:00+00:00,2.202,0.336,7.45
LOC003-U01,2026-01-08T03:30:00+00:00,2.163,0.269,11.35
LOC003-U01,2026-01-08T03:45:00+00:00,1.768,0.274,8.36
LOC004-U02,2026-01-07T10:00:00+00:00,1.516,0.306,7.12
LOC004-U02,2026-01-07T10:15:00+00:00,1.627,0.28,11.28
LOC004-U02,2026-01-07T10:30:00+00:00,1.196,0.251,10.01
LOC004-U02,2026-01-07T10:45:00+00:00,2.907,0.344,10.45
LOC004-U02,2026-01-07T11:00:00+00:00,1.694,0.37,10.52
LOC004-U02,2026-01-07T11:15:00+00:00,1.858,0.36,9.66
LOC004-U02,2026-01-07T11:30:00+00:00,1.781,0.267,6.96
LOC004-U02,2026-01-07T11:45:00+00:00,0.772,0.23,10.88
LOC004-U02,2026-01-07T12:00:00+00:00,1.713,0.376,10.62
LOC004-U02,2026-01-07T12:15:00+00:00,2.22,0.375,10.21
LOC004-U02,2026-01-07T12:30:00+00:00,1.954,0.255,6.81
LOC004-U02,2026-01-07T12:45:00+00:00,1.63,0.345,10.89
LOC004-U02,2026-01-07T13:00:00+00:00,2.545,0.283,11.2
LOC004-U02,2026-01-07T13:15:00+00:00,2.273,0.249,9.26
LOC004-U02,2026-01-07T13:30:00+00:00,1.595,0.359,8.3
LOC004-U02,2026-01-07T13:45:00+00:00,2.801,0.333,10.82
LOC004-U02,2026-01-07T14:00:00+00:00,2.581,0.242,9.66
LOC004-U02,2026-01-07T14:15:00+00:00,1.646,0.26,7.19
LOC004-U02,2026-01-07T14:30:00+00:00,1.491,0.238,7.61
LOC004-U02,2026-01-07T14:45:00+00:00,1.538,0.281,6.53
LOC004-U02,2026-01-07T15:00:00+00:00,1.77,0.297,6.91
LOC004-U02,2026-01-07T15:15:00+00:00,3.08,0.24,10.41
LOC004-U02,2026-01-07T15:30:00+00:00,2.027,0.331,8.72
LOC004-U02,2026-01-07T15:45:00+00:00,1.975,0.306,7.97
LOC004-U02,2026-01-07T16:00:00+00:00,1.478,0.286,10.37
LOC004-U02,2026-01-07T16:15:00+00:00,2.447,0.266,10.55
LOC004-U02,2026-01-07T16:30:00+00:00,1.686,0.293,8.09
LOC004-U02,2026-01-07T16:45:00+00:00,2.274,0.329,11.73
LOC004-U02,2026-01-07T17:00:00+00:00,1.261,0.248,10.04
LOC004-U02,2026-01-07T17:15:00+00:00,2.535,0.362,7.16
LOC004-U02,2026-01-07T17:30:00+00:00,2.198,0.247,10.07
LOC004-U02,2026-01-07T17:45:00+00:00,1.553,0.374,11.2
LOC004-U02,2026-01-07T18:00:00+00:00,2.206,0.37,9.26
LOC004-U02,2026-01-07T18:15:00+00:00,1.871,0.243,11.01
LOC004-U02,2026-01-07T18:30:00+00:00,3.266,0.358,9.5
LOC004-U02,2026-01-07T18:45:00+00:00,2.469,0.337,7.13
LOC004-U02,2026-01-07T19:00:00+00:00,2.397,0.225,6.62
LOC004-U02,2026-01-07T19:15:00+00:00,1.738,0.246,10.81
LOC004-U02,2026-01-07T19:30:00+00:00,2.37,0.285,6.94
LOC004-U02,2026-01-07T19:45:00+00:00,1.827,0.228,10.1
LOC004-U02,2026-01-07T20:00:00+00:00,1.659,0.248,7.48
LOC004-U02,2026-01-07T20:15:00+00:00,1.546,0.336,11.1
LOC004-U02,2026-01-07T20:30:00+00:00,2.59,0.338,7.21
LOC004-U02,2026-01-07T20:45:00+00:00,2.807,0.324,7.79
LOC004-U02,2026-01-07T21:00:00+00:00,1.915,0.371,11.0
LOC004-U02,2026-01-07T21:15:00+00:00,1.757,0.24,10.07
LOC004-U02,2026-01-07T21:30:00+00:00,2.315,0.373,11.28
LOC004-U02,2026-01-07T21:45:00+00:00,2.01,0.295,8.38
LOC004-U02,2026-01-07T22:00:00+00:00,2.091,0.315,8.05
LOC004-U02,2026-01-07T22:15:00+00:00,2.28,0.338,11.0
LOC004-U02,2026-01-07T22:30:00+00:00,1.831,0.246,8.4
LOC004-U02,2026-01-07T22:45:00+00:00,1.9,0.332,8.21
LOC004-U02,2026-01-07T23:00:00+00:00,1.976,0.27,8.92
LOC004-U02,2026-01-07T23:15:00+00:00,1.442,0.248,9.67
LOC004-U02,2026-01-07T23:30:00+00:00,1.714,0.258,7.57
LOC004-U02,2026-01-07T23:45:00+00:00,2.317,0.289,8.75
LOC004-U02,2026-01-08T00:00:00+00:00,1.53,0.332,8.04
LOC004-U02,2026-01-08T00:15:00+00:00,2.432,0.223,7.79
LOC004-U02,2026-01-08T00:30:00+00:00,3.153,0.29,10.58
LOC004-U02,2026-01-08T00:45:00+00:00,2.214,0.309,10.98
LOC004-U02,2026-01-08T01:00:00+00:00,2.384,0.325,7.79
LOC004-U02,2026-01-08T01:15:00+00:00,1.361,0.25,9.39
LOC004-U02,2026-01-08T01:30:00+00:00,3.001,0.27,7.32
LOC004-U02,2026-01-08T01:45:00+00:00,1.432,0.283,8.18
LOC004-U02,2026-01-08T02:00:00+00:00,1.711,0.334,7.24
LOC004-U02,2026-01-08T02:15:00+00:00,1.854,0.28,8.17
LOC004-U02,2026-01-08T02:30:00+00:00,1.454,0.308,11.21
LOC004-U02,2026-01-08T02:45:00+00:00,1.97,0.282,8.35
LOC004-U02,2026-01-08T03:00:00+00:00,2.266,0.28,7.66
LOC004-U02,2026-01-08T03:15:00+00:00,1.757,0.343,7.32
LOC004-U02,2026-01-08T03:30:00+00:00,1.673,0.35,9.3
LOC004-U02,2026-01-08T03:45:00+00:00,1.945,0.236,9.4
LOC019-U02,2026-01-07T10:00:00+00:00,2.69,0.319,9.81
LOC019-U02,2026-01-07T10:15:00+00:00,1.965,0.235,6.51
LOC019-U02,2026-01-07T10:30:00+00:00,2.158,0.264,9.83
LOC019-U02,2026-01-07T10:45:00+00:00,1.99,0.227,7.85
LOC019-U02,2026-01-07T11:00:00+00:00,2.809,0.272,11.28
LOC019-U02,2026-01-07T11:15:00+00:00,1.765,0.329,11.1
LOC019-U02,2026-01-07T11:30:00+00:00,1.012,0.357,11.11
LOC019-U02,2026-01-07T11:45:00+00:00,2.005,0.313,10.67
LOC019-U02,2026-01-07T12:00:00+00:00,2.16,0.223,9.84
LOC019-U02,2026-01-07T12:15:00+00:00,1.457,0.253,9.15
LOC019-U02,2026-01-07T12:30:00+00:00,2.376,0.304,7.01
LOC019-U02,2026-01-07T12:45:00+00:00,2.069,0.376,9.71
LOC019-U02,2026-01-07T13:00:00+00:00,1.813,0.35,9.66
LOC019-U02,2026-01-07T13:15:00+00:00,2.226,0.244,9.8
LOC019-U02,2026-01-07T13:30:00+00:00,1.548,0.221,6.7
LOC019-U02,2026-01-07T13:45:00+00:00,2.652,0.289,10.2
LOC019-U02,2026-01-07T14:00:00+00:00,2.485,0.333,10.75
LOC019-U02,2026-01-07T14:15:00+00:00,2.417,0.316,7.81
LOC019-U02,2026-01-07T14:30:00+00:00,2.397,0.32,10.09
LOC019-U02,2026-01-07T14:45:00+00:00,1.095,0.356,10.12
LOC019-U02,2026-01-07T15:00:00+00:00,1.158,0.273,8.11
LOC019-U02,2026-01-07T15:15:00+00:00,2.592,0.279,8.08
LOC019-U02,2026-01-07T15:30:00+00:00,2.317,0.352,9.99
LOC019-U02,2026-01-07T15:45:00+00:00,2.05,0.306,9.7
LOC019-U02,2026-01-07T16:00:00+00:00,2.046,0.277,8.07
LOC019-U02,2026-01-07T16:15:00+00:00,1.78,0.348,6.97
LOC019-U02,2026-01-07T16:30:00+00:00,2.546,0.29,11.26
LOC019-U02,2026-01-07T16:45:00+00:00,2.206,0.245,8.93
LOC019-U02,2026-01-07T17:00:00+00:00,1.907,0.255,10.15
LOC019-U02,2026-01-07T17:15:00+00:00,2.879,0.25,9.83
LOC019-U02,2026-01-07T17:30:00+00:00,3.21,0.225,10.8
LOC019-U02,2026-01-07T17:45:00+00:00,2.09,0.322,7.97
LOC019-U02,2026-01-07T18:00:00+00:00,1.565,0.229,6.95
LOC019-U02,2026-01-07T18:15:00+00:00,2.267,0.223,7.83
LOC019-U02,2026-01-07T18:30:00+00:00,2.067,0.224,7.22
LOC019-U02,2026-01-07T18:45:00+00:00,1.855,0.254,7.8
LOC019-U02,2026-01-07T19:00:00+00:00,1.671,0.226,7.42
LOC019-U02,2026-01-07T19:15:00+00:00,2.107,0.344,10.62
LOC019-U02,2026-01-07T19:30:00+00:00,2.276,0.245,9.7
LOC019-U02,2026-01-07T19:45:00+00:00,1.402,0.325,11.38
LOC019-U02,2026-01-07T20:00:00+00:00,1.532,0.348,9.82
LOC019-U02,2026-01-07T20:15:00+00:00,1.277,0.286,10.78
LOC019-U02,2026-01-07T20:30:00+00:00,3.158,0.347,11.8
LOC019-U02,2026-01-07T20:45:00+00:00,2.05,0.256,7.13
LOC019-U02,2026-01-07T21:00:00+00:00,2.05,0.369,7.9
LOC019-U02,2026-01-07T21:15:00+00:00,1.172,0.298,7.9
LOC019-U02,2026-01-07T21:30:00+00:00,2.013,0.248,11.03
LOC019-U02,2026-01-07T21:45:00+00:00,1.494,0.233,8.1
LOC019-U02,2026-01-07T22:00:00+00:00,1.62,0.347,11.45
LOC019-U02,2026-01-07T22:15:00+00:00,2.423,0.228,6.63
LOC019-U02,2026-01-07T22:30:00+00:00,2.009,0.341,6.93
LOC019-U02,2026-01-07T22:45:00+00:00,2.604,0.244,11.4
LOC019-U02,2026-01-07T23:00:00+00:00,1.888,0.308,7.0
LOC019-U02,2026-01-07T23:15:00+00:00,1.609,0.27,7.54
LOC019-U02,2026-01-07T23:30:00+00:00,1.209,0.259,9.52
LOC019-U02,2026-01-07T23:45:00+00:00,1.04,0.349,10.5
LOC019-U02,2026-01-08T00:00:00+00:00,1.821,0.221,8.26
LOC019-U02,2026-01-08T00:15:00+00:00,2.826,0.282,9.39
LOC019-U02,2026-01-08T00:30:00+00:00,2.376,0.31,7.71
LOC019-U02,2026-01-08T00:45:00+00:00,2.669,0.315,7.72
LOC019-U02,2026-01-08T01:00:00+00:00,1.737,0.333,10.05
LOC019-U02,2026-01-08T01:15:00+00:00,2.306,0.309,11.61
LOC019-U02,2026-01-08T01:30:00+00:00,2.587,0.238,11.49
LOC019-U02,2026-01-08T01:45:00+00:00,1.997,0.322,10.56
LOC019-U02,2026-01-08T02:00:00+00:00,2.048,0.226,8.34
LOC019-U02,2026-01-08T02:15:00+00:00,1.307,0.354,9.88
LOC019-U02,2026-01-08T02:30:00+00:00,2.271,0.224,9.8
LOC019-U02,2026-01-08T02:45:00+00:00,2.556,0.351,9.9
LOC019-U02,2026-01-08T03:00:00+00:00,2.206,0.326,11.66
LOC019-U02,2026-01-08T03:15:00+00:00,2.043,0.253,9.22
LOC019-U02,2026-01-08T03:30:00+00:00,1.941,0.367,8.32
LOC019-U02,2026-01-08T03:45:00+00:00,1.579,0.241,9.48
LOC024-U01,2026-01-07T10:00:00+00:00,1.825,0.267,7.48
LOC024-U01,2026-01-07T10:15:00+00:00,2.12,0.356,11.61
LOC024-U01,2026-01-07T10:30:00+00:00,1.273,0.3,6.79
LOC024-U01,2026-01-07T10:45:00+00:00,2.949,0.245,11.55
LOC024-U01,2026-01-07T11:00:00+00:00,2.139,0.278,7.62
LOC024-U01,2026-01-07T11:15:00+00:00,2.402,0.301,9.25
LOC024-U01,2026-01-07T11:30:00+00:00,1.514,0.232,9.55
LOC024-U01,2026-01-07T11:45:00+00:00,2.664,0.257,9.06
LOC024-U01,2026-01-07T12:00:00+00:00,1.214,0.358,6.58
LOC024-U01,2026-01-07T12:15:00+00:00,0.525,0.338,6.78
LOC024-U01,2026-01-07T12:30:00+00:00,2.331,0.365,7.69
LOC024-U01,2026-01-07T12:45:00+00:00,2.319,0.293,9.19
LOC024-U01,2026-01-07T13:00:00+00:00,1.692,0.229,9.65
LOC024-U01,2026-01-07T13:15:00+00:00,2.33,0.363,7.65
LOC024-U01,2026-01-07T13:30:00+00:00,2.559,0.299,10.91
LOC024-U01,2026-01-07T13:45:00+00:00,1.208,0.23,9.45
LOC024-U01,2026-01-07T14:00:00+00:00,1.5,0.253,9.73
LOC024-U01,2026-01-07T14:15:00+00:00,2.329,0.304,11.22
LOC024-U01,2026-01-07T14:30:00+00:00,2.401,0.322,8.2
LOC024-U01,2026-01-07T14:45:00+00:00,2.44,0.311,8.6
LOC024-U01,2026-01-07T15:00:00+00:00,2.169,0.332,7.22
LOC024-U01,2026-01-07T15:15:00+00:00,1.724,0.28,8.75
LOC024-U01,2026-01-07T15:30:00+00:00,1.481,0.361,10.96
LOC024-U01,2026-01-07T15:45:00+00:00,1.597,0.311,7.76
LOC024-U01,2026-01-07T16:00:00+00:00,2.324,0.351,11.46
LOC024-U01,2026-01-07T16:15:00+00:00,2.24,0.375,11.64
LOC024-U01,2026-01-07T16:30:00+00:00,1.068,0.353,8.73
LOC024-U01,2026-01-07T16:45:00+00:00,1.984,0.373,8.8
LOC024-U01,2026-01-07T17:00:00+00:00,2.296,0.299,10.77
LOC024-U01,2026-01-07T17:15:00+00:00,2.323,0.256,7.16
LOC024-U01,2026-01-07T17:30:00+00:00,2.438,0.242,10.01
LOC024-U01,2026-01-07T17:45:00+00:00,1.418,0.281,8.04
LOC024-U01,2026-01-07T18:00:00+00:00,2.103,0.292,7.01
LOC024-U01,2026-01-07T18:15:00+00:00,2.853,0.305,7.35
LOC024-U01,2026-01-07T18:30:00+00:00,2.047,0.34,8.52
LOC024-U01,2026-01-07T18:45:00+00:00,2.973,0.225,6.75
LOC024-U01,2026-01-07T19:00:00+00:00,1.575,0.349,7.77
LOC024-U01,2026-01-07T19:15:00+00:00,2.04,0.304,7.02
LOC024-U01,2026-01-07T19:30:00+00:00,2.827,0.24,9.4
LOC024-U01,2026-01-07T19:45:00+00:00,2.513,0.249,10.25
LOC024-U01,2026-01-07T20:00:00+00:00,2.273,0.272,9.01
LOC024-U01,2026-01-07T20:15:00+00:00,1.235,0.325,7.47
LOC024-U01,2026-01-07T20:30:00+00:00,1.703,0.224,10.15
LOC024-U01,2026-01-07T20:45:00+00:00,1.551,0.261,8.32
LOC024-U01,2026-01-07T21:00:00+00:00,2.253,0.329,7.15
LOC024-U01,2026-01-07T21:15:00+00:00,1.327,0.277,7.21
LOC024-U01,2026-01-07T21:30:00+00:00,1.94,0.339,8.59
LOC024-U01,2026-01-07T21:45:00+00:00,2.445,0.319,8.82
LOC024-U01,2026-01-07T22:00:00+00:00,2.469,0.273,7.17
LOC024-U01,2026-01-07T22:15:00+00:00,1.792,0.373,7.5
LOC024-U01,2026-01-07T22:30:00+00:00,2.618,0.252,9.22
LOC024-U01,2026-01-07T22:45:00+00:00,2.529,0.347,11.32
LOC024-U01,2026-01-07T23:00:00+00:00,2.251,0.228,9.07
LOC024-U01,2026-01-07T23:15:00+00:00,2.857,0.358,9.83
LOC024-U01,2026-01-07T23:30:00+00:00,1.967,0.262,8.43
LOC024-U01,2026-01-07T23:45:00+00:00,1.954,0.28,6.79
LOC024-U01,2026-01-08T00:00:00+00:00,2.031,0.274,9.59
LOC024-U01,2026-01-08T00:15:00+00:00,2.546,0.336,10.64
LOC024-U01,2026-01-08T00:30:00+00:00,2.14,0.371,6.92
LOC024-U01,2026-01-08T00:45:00+00:00,2.192,0.354,7.9
LOC024-U01,2026-01-08T01:00:00+00:00,2.509,0.253,8.12
LOC024-U01,2026-01-08T01:15:00+00:00,2.561,0.229,10.0
LOC024-U01,2026-01-08T01:30:00+00:00,2.902,0.288,9.18
LOC024-U01,2026-01-08T01:45:00+00:00,1.517,0.352,7.86
LOC024-U01,2026-01-08T02:00:00+00:00,2.496,0.362,8.23
LOC024-U01,2026-01-08T02:15:00+00:00,2.698,0.287,10.69
LOC024-U01,2026-01-08T02:30:00+00:00,2.687,0.278,11.49
LOC024-U01,2026-01-08T02:45:00+00:00,2.995,0.301,11.37
LOC024-U01,2026-01-08T03:00:00+00:00,1.402,0.261,6.66
LOC024-U01,2026-01-08T03:15:00+00:00,2.169,0.255,9.05
LOC024-U01,2026-01-08T03:30:00+00:00,1.772,0.365,9.59
LOC024-U01,2026-01-08T03:45:00+00:00,2.905,0.225,7.64
LOC033-U01,2026-01-07T10:00:00+00:00,2.688,0.32,7.26
LOC033-U01,2026-01-07T10:15:00+00:00,2.334,0.345,10.11
LOC033-U01,2026-01-07T10:30:00+00:00,2.483,0.297,8.77
LOC033-U01,2026-01-07T10:45:00+00:00,2.338,0.275,7.0
LOC033-U01,2026-01-07T11:00:00+00:00,2.137,0.258,10.86
LOC033-U01,2026-01-07T11:15:00+00:00,1.632,0.245,7.95
LOC033-U01,2026-01-07T11:30:00+00:00,2.124,0.346,8.84
LOC033-U01,2026-01-07T11:45:00+00:00,2.27,0.243,10.41
LOC033-U01,2026-01-07T12:00:00+00:00,2.418,0.253,9.31
LOC033-U01,2026-01-07T12:15:00+00:00,2.027,0.308,7.2
LOC033-U01,2026-01-07T12:30:00+00:00,2.376,0.268,10.73
LOC033-U01,2026-01-07T12:45:00+00:00,2.05,0.305,9.04
LOC033-U01,2026-01-07T13:00:00+00:00,1.519,0.283,11.15
LOC033-U01,2026-01-07T13:15:00+00:00,1.442,0.258,10.41
LOC033-U01,2026-01-07T13:30:00+00:00,1.456,0.272,8.93
LOC033-U01,2026-01-07T13:45:00+00:00,1.551,0.373,6.84
LOC033-U01,2026-01-07T14:00:00+00:00,2.565,0.336,10.27
LOC033-U01,2026-01-07T14:15:00+00:00,1.662,0.264,7.99
LOC033-U01,2026-01-07T14:30:00+00:00,1.313,0.331,7.78
LOC033-U01,2026-01-07T14:45:00+00:00,2.827,0.232,8.65
LOC033-U01,2026-01-07T15:00:00+00:00,2.131,0.348,8.6
LOC033-U01,2026-01-07T15:15:00+00:00,1.294,0.298,10.88
LOC033-U01,2026-01-07T15:30:00+00:00,1.715,0.255,7.97
LOC033-U01,2026-01-07T15:45:00+00:00,2.918,0.278,9.14
LOC033-U01,2026-01-07T16:00:00+00:00,0.638,0.321,7.24
LOC033-U01,2026-01-07T16:15:00+00:00,2.448,0.317,11.49
LOC033-U01,2026-01-07T16:30:00+00:00,2.05,0.292,6.98
LOC033-U01,2026-01-07T16:45:00+00:00,2.621,0.331,8.93
LOC033-U01,2026-01-07T17:00:00+00:00,1.812,0.252,9.65
LOC033-U01,2026-01-07T17:15:00+00:00,2.427,0.257,10.12
LOC033-U01,2026-01-07T17:30:00+00:00,0.899,0.289,7.67
LOC033-U01,2026-01-07T17:45:00+00:00,1.861,0.346,8.7
LOC033-U01,2026-01-07T18:00:00+00:00,2.447,0.256,8.5
LOC033-U01,2026-01-07T18:15:00+00:00,2.225,0.262,7.0
LOC033-U01,2026-01-07T18:30:00+00:00,2.326,0.277,7.74
LOC033-U01,2026-01-07T18:45:00+00:00,1.719,0.329,9.83
LOC033-U01,2026-01-07T19:00:00+00:00,3.028,0.313,11.78
LOC033-U01,2026-01-07T19:15:00+00:00,1.613,0.299,8.62
LOC033-U01,2026-01-07T19:30:00+00:00,2.943,0.261,10.21
LOC033-U01,2026-01-07T19:45:00+00:00,1.719,0.322,7.42
LOC033-U01,2026-01-07T20:00:00+00:00,1.77,0.289,7.02
LOC033-U01,2026-01-07T20:15:00+00:00,1.65,0.293,10.35
LOC033-U01,2026-01-07T20:30:00+00:00,1.619,0.352,9.23
LOC033-U01,2026-01-07T20:45:00+00:00,2.836,0.222,11.22
LOC033-U01,2026-01-07T21:00:00+00:00,2.991,0.354,9.3
LOC033-U01,2026-01-07T21:15:00+00:00,2.111,0.336,7.18
LOC033-U01,2026-01-07T21:30:00+00:00,2.527,0.374,9.08
LOC033-U01,2026-01-07T21:45:00+00:00,1.057,0.221,7.31
LOC033-U01,2026-01-07T22:00:00+00:00,2.249,0.322,9.98
LOC033-U01,2026-01-07T22:15:00+00:00,1.949,0.235,11.15
LOC033-U01,2026-01-07T22:30:00+00:00,2.688,0.223,9.36
LOC033-U01,2026-01-07T22:45:00+00:00,2.059,0.279,11.45
LOC033-U01,2026-01-07T23:00:00+00:00,1.5,0.316,11.03
LOC033-U01,2026-01-07T23:15:00+00:00,2.281,0.253,10.63
LOC033-U01,2026-01-07T23:30:00+00:00,2.818,0.298,8.32
LOC033-U01,2026-01-07T23:45:00+00:00,2.605,0.29,9.47
LOC033-U01,2026-01-08T00:00:00+00:00,2.473,0.246,6.96
LOC033-U01,2026-01-08T00:15:00+00:00,1.608,0.354,10.93
LOC033-U01,2026-01-08T00:30:00+00:00,1.552,0.232,9.35
LOC033-U01,2026-01-08T00:45:00+00:00,2.248,0.282,9.01
LOC033-U01,2026-01-08T01:00:00+00:00,2.543,0.378,9.72
LOC033-U01,2026-01-08T01:15:00+00:00,2.571,0.372,7.42
LOC033-U01,2026-01-08T01:30:00+00:00,2.906,0.378,7.1
LOC033-U01,2026-01-08T01:45:00+00:00,1.611,0.354,7.97
LOC033-U01,2026-01-08T02:00:00+00:00,2.625,0.268,7.89
LOC033-U01,2026-01-08T02:15:00+00:00,2.748,0.327,7.1
LOC033-U01,2026-01-08T02:30:00+00:00,2.47,0.258,9.1
LOC033-U01,2026-01-08T02:45:00+00:00,1.734,0.356,7.17
LOC033-U01,2026-01-08T03:00:00+00:00,2.335,0.248,11.0
LOC033-U01,2026-01-08T03:15:00+00:00,1.211,0.351,7.13
LOC033-U01,2026-01-08T03:30:00+00:00,2.339,0.295,8.23
LOC033-U01,2026-01-08T03:45:00+00:00,2.207,0.371,11.56
LOC038-U02,2026-01-07T10:00:00+00:00,2.513,0.309,9.51
LOC038-U02,2026-01-07T10:15:00+00:00,2.078,0.327,8.98
LOC038-U02,2026-01-07T10:30:00+00:00,1.45,0.305,11.15
LOC038-U02,2026-01-07T10:45:00+00:00,1.629,0.369,9.14
LOC038-U02,2026-01-07T11:00:00+00:00,2.29,0.222,10.5
LOC038-U02,2026-01-07T11:15:00+00:00,1.785,0.293,8.84
LOC038-U02,2026-01-07T11:30:00+00:00,1.848,0.222,8.09
LOC038-U02,2026-01-07T11:45:00+00:00,1.722,0.297,11.13
LOC038-U02,2026-01-07T12:00:00+00:00,2.418,0.252,11.21
LOC038-U02,2026-01-07T12:15:00+00:00,1.816,0.239,8.06
LOC038-U02,2026-01-07T12:30:00+00:00,2.825,0.313,10.22
LOC038-U02,2026-01-07T12:45:00+00:00,1.785,0.374,9.56
LOC038-U02,2026-01-07T13:00:00+00:00,2.667,0.276,6.81
LOC038-U02,2026-01-07T13:15:00+00:00,1.777,0.373,11.57
LOC038-U02,2026-01-07T13:30:00+00:00,1.252,0.282,8.51
LOC038-U02,2026-01-07T13:45:00+00:00,2.274,0.307,7.24
LOC038-U02,2026-01-07T14:00:00+00:00,1.543,0.253,10.62
LOC038-U02,2026-01-07T14:15:00+00:00,2.679,0.326,11.53
LOC038-U02,2026-01-07T14:30:00+00:00,2.693,0.359,8.09
LOC038-U02,2026-01-07T14:45:00+00:00,1.53,0.256,11.08
LOC038-U02,2026-01-07T15:00:00+00:00,2.752,0.29,7.91
LOC038-U02,2026-01-07T15:15:00+00:00,2.798,0.293,9.75
LOC038-U02,2026-01-07T15:30:00+00:00,1.716,0.325,10.88
LOC038-U02,2026-01-07T15:45:00+00:00,1.879,0.291,9.71
LOC038-U02,2026-01-07T16:00:00+00:00,2.325,0.358,7.16
LOC038-U02,2026-01-07T16:15:00+00:00,2.141,0.278,6.79
LOC038-U02,2026-01-07T16:30:00+00:00,2.087,0.245,6.7
LOC038-U02,2026-01-07T16:45:00+00:00,2.012,0.281,11.03
LOC038-U02,2026-01-07T17:00:00+00:00,2.985,0.249,10.47
LOC038-U02,2026-01-07T17:15:00+00:00,3.424,0.29,7.7
LOC038-U02,2026-01-07T17:30:00+00:00,2.037,0.32,9.94
LOC038-U02,2026-01-07T17:45:00+00:00,0.838,0.286,7.16
LOC038-U02,2026-01-07T18:00:00+00:00,2.195,0.255,10.66
LOC038-U02,2026-01-07T18:15:00+00:00,1.498,0.364,11.36
LOC038-U02,2026-01-07T18:30:00+00:00,1.639,0.296,6.68
LOC038-U02,2026-01-07T18:45:00+00:00,1.93,0.253,9.58
LOC038-U02,2026-01-07T19:00:00+00:00,2.914,0.244,9.88
LOC038-U02,2026-01-07T19:15:00+00:00,2.553,0.306,7.11
LOC038-U02,2026-01-07T19:30:00+00:00,1.448,0.353,6.87
LOC038-U02,2026-01-07T19:45:00+00:00,2.079,0.258,9.27
LOC038-U02,2026-01-07T20:00:00+00:00,1.371,0.224,8.57
LOC038-U02,2026-01-07T20:15:00+00:00,2.77,0.297,9.78
LOC038-U02,2026-01-07T20:30:00+00:00,1.126,0.375,7.06
LOC038-U02,2026-01-07T20:45:00+00:00,2.163,0.3,11.44
LOC038-U02,2026-01-07T21:00:00+00:00,1.416,0.346,10.18
LOC038-U02,2026-01-07T21:15:00+00:00,1.976,0.24,11.45
LOC038-U02,2026-01-07T21:30:00+00:00,1.849,0.225,8.76
LOC038-U02,2026-01-07T21:45:00+00:00,1.017,0.342,9.95
LOC038-U02,2026-01-07T22:00:00+00:00,1.948,0.315,7.06
LOC038-U02,2026-01-07T22:15:00+00:00,2.671,0.242,8.21
LOC038-U02,2026-01-07T22:30:00+00:00,2.367,0.336,8.79
LOC038-U02,2026-01-07T22:45:00+00:00,2.248,0.268,7.48
LOC038-U02,2026-01-07T23:00:00+00:00,1.985,0.344,10.45
LOC038-U02,2026-01-07T23:15:00+00:00,1.832,0.339,10.9
LOC038-U02,2026-01-07T23:30:00+00:00,1.587,0.33,7.99
LOC038-U02,2026-01-07T23:45:00+00:00,2.215,0.329,9.01
LOC038-U02,2026-01-08T00:00:00+00:00,2.241,0.258,7.21
LOC038-U02,2026-01-08T00:15:00+00:00,2.306,0.327,6.85
LOC038-U02,2026-01-08T00:30:00+00:00,1.683,0.278,8.48
LOC038-U02,2026-01-08T00:45:00+00:00,2.082,0.351,10.03
LOC038-U02,2026-01-08T01:00:00+00:00,2.28,0.241,10.95
LOC038-U02,2026-01-08T01:15:00+00:00,2.241,0.236,11.04
LOC038-U02,2026-01-08T01:30:00+00:00,1.832,0.296,9.93
LOC038-U02,2026-01-08T01:45:00+00:00,1.886,0.361,6.73
LOC038-U02,2026-01-08T02:00:00+00:00,1.539,0.369,11.36
LOC038-U02,2026-01-08T02:15:00+00:00,1.509,0.271,9.19
LOC038-U02,2026-01-08T02:30:00+00:00,2.175,0.375,9.33
LOC038-U02,2026-01-08T02:45:00+00:00,2.079,0.273,8.9
LOC038-U02,2026-01-08T03:00:00+00:00,1.454,0.364,8.29
LOC038-U02,2026-01-08T03:15:00+00:00,2.397,0.294,7.09
LOC038-U02,2026-01-08T03:30:00+00:00,2.111,0.342,10.31
LOC038-U02,2026-01-08T03:45:00+00:00,2.897,0.346,7.14
LOC027-U02,2026-01-07T10:00:00+00:00,1.893,0.329,7.64
LOC027-U02,2026-01-07T10:15:00+00:00,2.151,0.237,6.98
LOC027-U02,2026-01-07T10:30:00+00:00,2.945,0.367,11.38
LOC027-U02,2026-01-07T10:45:00+00:00,2.253,0.289,9.92
LOC027-U02,2026-01-07T11:00:00+00:00,2.047,0.317,11.62
LOC027-U02,2026-01-07T11:15:00+00:00,1.492,0.367,10.07
LOC027-U02,2026-01-07T11:30:00+00:00,1.658,0.336,11.31
LOC027-U02,2026-01-07T11:45:00+00:00,0.904,0.327,6.51
LOC027-U02,2026-01-07T12:00:00+00:00,1.466,0.309,9.91
LOC027-U02,2026-01-07T12:15:00+00:00,2.742,0.243,10.56
LOC027-U02,2026-01-07T12:30:00+00:00,2.373,0.354,10.49
LOC027-U02,2026-01-07T12:45:00+00:00,1.695,0.26,9.72
LOC027-U02,2026-01-07T13:00:00+00:00,2.849,0.243,10.99
LOC027-U02,2026-01-07T13:15:00+00:00,2.181,0.226,10.76
LOC027-U02,2026-01-07T13:30:00+00:00,2.3,0.243,10.61
LOC027-U02,2026-01-07T13:45:00+00:00,2.055,0.325,8.3
LOC027-U02,2026-01-07T14:00:00+00:00,2.256,0.22,10.84
LOC027-U02,2026-01-07T14:15:00+00:00,2.035,0.226,7.5
LOC027-U02,2026-01-07T14:30:00+00:00,1.766,0.365,10.91
LOC027-U02,2026-01-07T14:45:00+00:00,1.956,0.356,9.9
LOC027-U02,2026-01-07T15:00:00+00:00,2.105,0.339,9.64
LOC027-U02,2026-01-07T15:15:00+00:00,2.062,0.311,9.57
LOC027-U02,2026-01-07T15:30:00+00:00,1.411,0.344,9.49
LOC027-U02,2026-01-07T15:45:00+00:00,2.358,0.33,11.15
LOC027-U02,2026-01-07T16:00:00+00:00,1.396,0.3,10.02
LOC027-U02,2026-01-07T16:15:00+00:00,1.984,0.314,10.37
LOC027-U02,2026-01-07T16:30:00+00:00,1.938,0.225,10.98
LOC027-U02,2026-01-07T16:45:00+00:00,3.776,0.293,12.04
LOC027-U02,2026-01-07T17:00:00+00:00,2.921,0.294,8.5
LOC027-U02,2026-01-07T17:15:00+00:00,2.437,0.281,11.18
LOC027-U02,2026-01-07T17:30:00+00:00,2.717,0.377,7.22
LOC027-U02,2026-01-07T17:45:00+00:00,2.615,0.244,6.88
LOC027-U02,2026-01-07T18:00:00+00:00,2.215,0.313,7.91
LOC027-U02,2026-01-07T18:15:00+00:00,2.63,0.255,9.47
LOC027-U02,2026-01-07T18:30:00+00:00,1.104,0.284,8.39
LOC027-U02,2026-01-07T18:45:00+00:00,2.03,0.305,10.58
LOC027-U02,2026-01-07T19:00:00+00:00,2.573,0.302,8.41
LOC027-U02,2026-01-07T19:15:00+00:00,2.022,0.344,8.85
LOC027-U02,2026-01-07T19:30:00+00:00,2.202,0.234,7.01
LOC027-U02,2026-01-07T19:45:00+00:00,1.689,0.316,10.98
LOC027-U02,2026-01-07T20:00:00+00:00,2.096,0.318,7.61
LOC027-U02,2026-01-07T20:15:00+00:00,2.286,0.221,11.2
LOC027-U02,2026-01-07T20:30:00+00:00,1.253,0.287,7.18
LOC027-U02,2026-01-07T20:45:00+00:00,1.544,0.297,7.48
LOC027-U02,2026-01-07T21:00:00+00:00,2.628,0.374,10.65
LOC027-U02,2026-01-07T21:15:00+00:00,2.725,0.37,7.22
LOC027-U02,2026-01-07T21:30:00+00:00,1.946,0.356,6.7
LOC027-U02,2026-01-07T21:45:00+00:00,2.724,0.255,8.91
LOC027-U02,2026-01-07T22:00:00+00:00,1.897,0.375,10.16
LOC027-U02,2026-01-07T22:15:00+00:00,2.19,0.374,10.93
LOC027-U02,2026-01-07T22:30:00+00:00,2.22,0.242,11.52
LOC027-U02,2026-01-07T22:45:00+00:00,1.696,0.235,10.28
LOC027-U02,2026-01-07T23:00:00+00:00,2.025,0.322,9.78
LOC027-U02,2026-01-07T23:15:00+00:00,1.412,0.35,11.13
LOC027-U02,2026-01-07T23:30:00+00:00,2.557,0.317,6.92
LOC027-U02,2026-01-07T23:45:00+00:00,2.491,0.315,9.27
LOC027-U02,2026-01-08T00:00:00+00:00,1.82,0.264,8.49
LOC027-U02,2026-01-08T00:15:00+00:00,1.728,0.342,9.95
LOC027-U02,2026-01-08T00:30:00+00:00,1.867,0.279,7.11
LOC027-U02,2026-01-08T00:45:00+00:00,2.316,0.316,11.07
LOC027-U02,2026-01-08T01:00:00+00:00,3.122,0.326,9.05
LOC027-U02,2026-01-08T01:15:00+00:00,2.311,0.337,10.9
LOC027-U02,2026-01-08T01:30:00+00:00,1.492,0.234,8.56
LOC027-U02,2026-01-08T01:45:00+00:00,2.433,0.256,10.5
LOC027-U02,2026-01-08T02:00:00+00:00,1.991,0.241,6.58
LOC027-U02,2026-01-08T02:15:00+00:00,2.187,0.313,8.52
LOC027-U02,2026-01-08T02:30:00+00:00,2.439,0.362,11.1
LOC027-U02,2026-01-08T02:45:00+00:00,2.005,0.288,8.51
LOC027-U02,2026-01-08T03:00:00+00:00,2.129,0.298,9.76
LOC027-U02,2026-01-08T03:15:00+00:00,2.138,0.273,10.82
LOC027-U02,2026-01-08T03:30:00+00:00,2.439,0.301,11.26
LOC027-U02,2026-01-08T03:45:00+00:00,2.361,0.38,9.46
LOC003-U02,2026-01-07T10:00:00+00:00,1.982,0.344,9.91
LOC003-U02,2026-01-07T10:15:00+00:00,1.747,0.292,10.99
LOC003-U02,2026-01-07T10:30:00+00:00,2.341,0.282,9.3
LOC003-U02,2026-01-07T10:45:00+00:00,2.663,0.377,7.12
LOC003-U02,2026-01-07T11:00:00+00:00,2.118,0.227,9.14
LOC003-U02,2026-01-07T11:15:00+00:00,2.451,0.327,10.25
LOC003-U02,2026-01-07T11:30:00+00:00,1.89,0.362,10.56
LOC003-U02,2026-01-07T11:45:00+00:00,2.087,0.368,8.33
LOC003-U02,2026-01-07T12:00:00+00:00,2.366,0.374,7.54
LOC003-U02,2026-01-07T12:15:00+00:00,1.265,0.365,7.69
LOC003-U02,2026-01-07T12:30:00+00:00,1.958,0.262,11.26
LOC003-U02,2026-01-07T12:45:00+00:00,1.586,0.325,7.44
LOC003-U02,2026-01-07T13:00:00+00:00,2.157,0.228,9.97
LOC003-U02,2026-01-07T13:15:00+00:00,2.993,0.289,8.51
LOC003-U02,2026-01-07T13:30:00+00:00,2.803,0.321,8.63
LOC003-U02,2026-01-07T13:45:00+00:00,1.136,0.316,9.22
LOC003-U02,2026-01-07T14:00:00+00:00,2.659,0.351,8.33
LOC003-U02,2026-01-07T14:15:00+00:00,1.619,0.233,8.31
LOC003-U02,2026-01-07T14:30:00+00:00,2.152,0.333,7.38
LOC003-U02,2026-01-07T14:45:00+00:00,1.358,0.293,8.36
LOC003-U02,2026-01-07T15:00:00+00:00,1.314,0.265,7.7
LOC003-U02,2026-01-07T15:15:00+00:00,2.052,0.328,7.18
LOC003-U02,2026-01-07T15:30:00+00:00,1.485,0.224,9.56
LOC003-U02,2026-01-07T15:45:00+00:00,1.502,0.221,9.2
LOC003-U02,2026-01-07T16:00:00+00:00,3.082,0.347,10.28
LOC003-U02,2026-01-07T16:15:00+00:00,2.001,0.356,8.07
LOC003-U02,2026-01-07T16:30:00+00:00,2.471,0.26,10.44
LOC003-U02,2026-01-07T16:45:00+00:00,1.756,0.246,9.61
LOC003-U02,2026-01-07T17:00:00+00:00,1.533,0.225,10.26
LOC003-U02,2026-01-07T17:15:00+00:00,1.666,0.372,9.25
LOC003-U02,2026-01-07T17:30:00+00:00,2.47,0.308,10.2
LOC003-U02,2026-01-07T17:45:00+00:00,1.836,0.35,9.59
LOC003-U02,2026-01-07T18:00:00+00:00,1.819,0.269,8.22
LOC003-U02,2026-01-07T18:15:00+00:00,1.438,0.223,8.28
LOC003-U02,2026-01-07T18:30:00+00:00,2.083,0.245,8.65
LOC003-U02,2026-01-07T18:45:00+00:00,2.452,0.369,9.7
LOC003-U02,2026-01-07T19:00:00+00:00,0.744,0.318,8.54
LOC003-U02,2026-01-07T19:15:00+00:00,2.065,0.238,7.87
LOC003-U02,2026-01-07T19:30:00+00:00,1.861,0.286,8.05
LOC003-U02,2026-01-07T19:45:00+00:00,1.467,0.268,10.23
LOC003-U02,2026-01-07T20:00:00+00:00,1.734,0.333,9.01
LOC003-U02,2026-01-07T20:15:00+00:00,2.979,0.323,11.51
LOC003-U02,2026-01-07T20:30:00+00:00,1.924,0.312,11.13
LOC003-U02,2026-01-07T20:45:00+00:00,1.915,0.349,10.69
LOC003-U02,2026-01-07T21:00:00+00:00,2.066,0.252,9.39
LOC003-U02,2026-01-07T21:15:00+00:00,2.325,0.365,9.18
LOC003-U02,2026-01-07T21:30:00+00:00,1.902,0.376,11.33
LOC003-U02,2026-01-07T21:45:00+00:00,2.027,0.313,8.78
LOC003-U02,2026-01-07T22:00:00+00:00,2.193,0.289,7.95
LOC003-U02,2026-01-07T22:15:00+00:00,3.584,0.229,7.82
LOC003-U02,2026-01-07T22:30:00+00:00,0.913,0.28,9.86
LOC003-U02,2026-01-07T22:45:00+00:00,1.791,0.377,10.63
LOC003-U02,2026-01-07T23:00:00+00:00,2.578,0.333,9.2
LOC003-U02,2026-01-07T23:15:00+00:00,1.555,0.224,7.65
LOC003-U02,2026-01-07T23:30:00+00:00,2.598,0.357,8.17
LOC003-U02,2026-01-07T23:45:00+00:00,2.824,0.289,7.13
LOC003-U02,2026-01-08T00:00:00+00:00,2.166,0.231,10.29
LOC003-U02,2026-01-08T00:15:00+00:00,2.253,0.379,10.43
LOC003-U02,2026-01-08T00:30:00+00:00,1.586,0.319,6.7
LOC003-U02,2026-01-08T00:45:00+00:00,1.91,0.368,7.35
LOC003-U02,2026-01-08T01:00:00+00:00,0.897,0.259,7.25
LOC003-U02,2026-01-08T01:15:00+00:00,2.451,0.291,8.39
LOC003-U02,2026-01-08T01:30:00+00:00,1.722,0.268,8.8
LOC003-U02,2026-01-08T01:45:00+00:00,3.059,0.271,11.07
LOC003-U02,2026-01-08T02:00:00+00:00,1.95,0.335,8.73
LOC003-U02,2026-01-08T02:15:00+00:00,2.167,0.317,11.07
LOC003-U02,2026-01-08T02:30:00+00:00,1.491,0.348,6.59
LOC003-U02,2026-01-08T02:45:00+00:00,2.379,0.265,9.86
LOC003-U02,2026-01-08T03:00:00+00:00,1.14,0.268,8.83
LOC003-U02,2026-01-08T03:15:00+00:00,1.296,0.364,8.22
LOC003-U02,2026-01-08T03:30:00+00:00,2.306,0.371,8.31
LOC003-U02,2026-01-08T03:45:00+00:00,1.918,0.369,8.03
LOC036-U01,2026-01-07T10:00:00+00:00,1.883,0.228,9.96
LOC036-U01,2026-01-07T10:15:00+00:00,2.324,0.348,9.57
LOC036-U01,2026-01-07T10:30:00+00:00,2.909,0.229,6.88
LOC036-U01,2026-01-07T10:45:00+00:00,1.702,0.32,11.26
LOC036-U01,2026-01-07T11:00:00+00:00,2.223,0.304,10.84
LOC036-U01,2026-01-07T11:15:00+00:00,2.576,0.276,11.18
LOC036-U01,2026-01-07T11:30:00+00:00,2.007,0.332,10.32
LOC036-U01,2026-01-07T11:45:00+00:00,2.361,0.295,11.6
LOC036-U01,2026-01-07T12:00:00+00:00,2.391,0.234,7.18
LOC036-U01,2026-01-07T12:15:00+00:00,2.06,0.329,9.46
LOC036-U01,2026-01-07T12:30:00+00:00,0.969,0.35,7.43
LOC036-U01,2026-01-07T12:45:00+00:00,2.23,0.323,9.65
LOC036-U01,2026-01-07T13:00:00+00:00,2.629,0.322,8.51
LOC036-U01,2026-01-07T13:15:00+00:00,2.328,0.304,8.7
LOC036-U01,2026-01-07T13:30:00+00:00,2.632,0.37,8.57
LOC036-U01,2026-01-07T13:45:00+00:00,2.602,0.242,9.29
LOC036-U01,2026-01-07T14:00:00+00:00,2.427,0.237,10.69
LOC036-U01,2026-01-07T14:15:00+00:00,2.52,0.369,7.67
LOC036-U01,2026-01-07T14:30:00+00:00,1.407,0.271,9.37
LOC036-U01,2026-01-07T14:45:00+00:00,2.812,0.316,8.52
LOC036-U01,2026-01-07T15:00:00+00:00,1.843,0.285,10.32
LOC036-U01,2026-01-07T15:15:00+00:00,2.366,0.369,7.52
LOC036-U01,2026-01-07T15:30:00+00:00,2.67,0.329,7.33
LOC036-U01,2026-01-07T15:45:00+00:00,1.125,0.222,9.09
LOC036-U01,2026-01-07T16:00:00+00:00,2.121,0.353,8.24
LOC036-U01,2026-01-07T16:15:00+00:00,2.307,0.235,11.33
LOC036-U01,2026-01-07T16:30:00+00:00,2.545,0.275,8.96
LOC036-U01,2026-01-07T16:45:00+00:00,2.306,0.306,10.16
LOC036-U01,2026-01-07T17:00:00+00:00,2.011,0.304,8.78
LOC036-U01,2026-01-07T17:15:00+00:00,2.141,0.273,9.34
LOC036-U01,2026-01-07T17:30:00+00:00,1.998,0.29,8.12
LOC036-U01,2026-01-07T17:45:00+00:00,1.662,0.262,9.11
LOC036-U01,2026-01-07T18:00:00+00:00,2.246,0.359,10.65
LOC036-U01,2026-01-07T18:15:00+00:00,1.689,0.356,10.33
LOC036-U01,2026-01-07T18:30:00+00:00,2.049,0.279,9.58
LOC036-U01,2026-01-07T18:45:00+00:00,1.914,0.336,10.03
LOC036-U01,2026-01-07T19:00:00+00:00,3.56,0.248,11.82
LOC036-U01,2026-01-07T19:15:00+00:00,1.248,0.33,8.55
LOC036-U01,2026-01-07T19:30:00+00:00,3.003,0.281,7.87
LOC036-U01,2026-01-07T19:45:00+00:00,3.159,0.295,11.28
LOC036-U01,2026-01-07T20:00:00+00:00,1.741,0.282,7.63
LOC036-U01,2026-01-07T20:15:00+00:00,1.27,0.284,9.92
LOC036-U01,2026-01-07T20:30:00+00:00,2.829,0.336,9.25
LOC036-U01,2026-01-07T20:45:00+00:00,2.049,0.375,10.35
LOC036-U01,2026-01-07T21:00:00+00:00,2.488,0.365,11.88
LOC036-U01,2026-01-07T21:15:00+00:00,2.557,0.253,9.72
LOC036-U01,2026-01-07T21:30:00+00:00,2.041,0.252,7.47
LOC036-U01,2026-01-07T21:45:00+00:00,2.515,0.358,9.97
LOC036-U01,2026-01-07T22:00:00+00:00,1.943,0.249,9.27
LOC036-U01,2026-01-07T22:15:00+00:00,1.692,0.308,7.85
LOC036-U01,2026-01-07T22:30:00+00:00,2.083,0.251,10.04
LOC036-U01,2026-01-07T22:45:00+00:00,1.668,0.339,9.0
LOC036-U01,2026-01-07T23:00:00+00:00,2.803,0.237,7.39
LOC036-U01,2026-01-07T23:15:00+00:00,1.771,0.249,11.15
LOC036-U01,2026-01-07T23:30:00+00:00,1.923,0.307,10.19
LOC036-U01,2026-01-07T23:45:00+00:00,2.585,0.309,6.86
LOC036-U01,2026-01-08T00:00:00+00:00,1.753,0.345,8.69
LOC036-U01,2026-01-08T00:15:00+00:00,2.325,0.221,8.62
LOC036-U01,2026-01-08T00:30:00+00:00,1.802,0.263,6.71
LOC036-U01,2026-01-08T00:45:00+00:00,1.114,0.243,11.24
LOC036-U01,2026-01-08T01:00:00+00:00,1.612,0.239,8.24
LOC036-U01,2026-01-08T01:15:00+00:00,2.593,0.249,10.57
LOC036-U01,2026-01-08T01:30:00+00:00,2.304,0.277,7.71
LOC036-U01,2026-01-08T01:45:00+00:00,1.584,0.253,11.22
LOC036-U01,2026-01-08T02:00:00+00:00,2.74,0.233,8.07
LOC036-U01,2026-01-08T02:15:00+00:00,2.187,0.223,6.69
LOC036-U01,2026-01-08T02:30:00+00:00,1.434,0.337,6.96
LOC036-U01,2026-01-08T02:45:00+00:00,2.471,0.296,8.74
LOC036-U01,2026-01-08T03:00:00+00:00,1.779,0.369,8.13
LOC036-U01,2026-01-08T03:15:00+00:00,1.409,0.34,9.77
LOC036-U01,2026-01-08T03:30:00+00:00,1.244,0.323,8.25
LOC036-U01,2026-01-08T03:45:00+00:00,1.708,0.304,10.9
LOC035-U01,2026-01-07T10:00:00+00:00,2.128,0.282,6.6
LOC035-U01,2026-01-07T10:15:00+00:00,1.974,0.281,10.69
LOC035-U01,2026-01-07T10:30:00+00:00,1.954,0.25,9.97
LOC035-U01,2026-01-07T10:45:00+00:00,1.995,0.358,9.54
LOC035-U01,2026-01-07T11:00:00+00:00,1.661,0.239,8.66
LOC035-U01,2026-01-07T11:15:00+00:00,1.693,0.249,8.95
LOC035-U01,2026-01-07T11:30:00+00:00,1.944,0.241,11.36
LOC035-U01,2026-01-07T11:45:00+00:00,2.813,0.368,11.27
LOC035-U01,2026-01-07T12:00:00+00:00,1.17,0.35,10.23
LOC035-U01,2026-01-07T12:15:00+00:00,1.563,0.328,10.18
LOC035-U01,2026-01-07T12:30:00+00:00,1.913,0.246,8.14
LOC035-U01,2026-01-07T12:45:00+00:00,1.196,0.37,7.64
LOC035-U01,2026-01-07T13:00:00+00:00,2.187,0.293,7.86
LOC035-U01,2026-01-07T13:15:00+00:00,2.411,0.376,9.34
LOC035-U01,2026-01-07T13:30:00+00:00,0.91,0.335,10.76
LOC035-U01,2026-01-07T13:45:00+00:00,2.369,0.248,7.81
LOC035-U01,2026-01-07T14:00:00+00:00,2.555,0.268,9.28
LOC035-U01,2026-01-07T14:15:00+00:00,2.109,0.29,10.92
LOC035-U01,2026-01-07T14:30:00+00:00,2.713,0.332,8.03
LOC035-U01,2026-01-07T14:45:00+00:00,1.851,0.305,10.05
LOC035-U01,2026-01-07T15:00:00+00:00,2.138,0.37,8.87
LOC035-U01,2026-01-07T15:15:00+00:00,2.791,0.344,8.26
LOC035-U01,2026-01-07T15:30:00+00:00,2.245,0.329,7.96
LOC035-U01,2026-01-07T15:45:00+00:00,2.176,0.326,7.03
LOC035-U01,2026-01-07T16:00:00+00:00,2.094,0.321,8.1
LOC035-U01,2026-01-07T16:15:00+00:00,2.741,0.286,7.74
LOC035-U01,2026-01-07T16:30:00+00:00,1.604,0.276,9.16
LOC035-U01,2026-01-07T16:45:00+00:00,1.932,0.276,9.55
LOC035-U01,2026-01-07T17:00:00+00:00,1.62,0.27,11.26
LOC035-U01,2026-01-07T17:15:00+00:00,2.09,0.223,7.76
LOC035-U01,2026-01-07T17:30:00+00:00,1.993,0.363,9.04
LOC035-U01,2026-01-07T17:45:00+00:00,2.011,0.367,9.93
LOC035-U01,2026-01-07T18:00:00+00:00,2.274,0.264,8.43
LOC035-U01,2026-01-07T18:15:00+00:00,2.122,0.355,10.65
LOC035-U01,2026-01-07T18:30:00+00:00,1.773,0.295,9.38
LOC035-U01,2026-01-07T18:45:00+00:00,2.717,0.278,10.48
LOC035-U01,2026-01-07T19:00:00+00:00,1.821,0.276,11.45
LOC035-U01,2026-01-07T19:15:00+00:00,1.951,0.27,10.83
LOC035-U01,2026-01-07T19:30:00+00:00,1.974,0.336,6.73
LOC035-U01,2026-01-07T19:45:00+00:00,1.445,0.377,6.6
LOC035-U01,2026-01-07T20:00:00+00:00,1.979,0.264,10.89
LOC035-U01,2026-01-07T20:15:00+00:00,2.279,0.253,9.98
LOC035-U01,2026-01-07T20:30:00+00:00,1.976,0.304,8.27
LOC035-U01,2026-01-07T20:45:00+00:00,2.367,0.265,8.94
LOC035-U01,2026-01-07T21:00:00+00:00,2.13,0.277,7.93
LOC035-U01,2026-01-07T21:15:00+00:00,2.089,0.226,9.95
LOC035-U01,2026-01-07T21:30:00+00:00,2.979,0.302,9.82
LOC035-U01,2026-01-07T21:45:00+00:00,1.593,0.225,8.11
LOC035-U01,2026-01-07T22:00:00+00:00,1.111,0.367,6.98
LOC035-U01,2026-01-07T22:15:00+00:00,2.484,0.32,7.5
LOC035-U01,2026-01-07T22:30:00+00:00,3.089,0.327,10.86
LOC035-U01,2026-01-07T22:45:00+00:00,2.724,0.35,10.52
LOC035-U01,2026-01-07T23:00:00+00:00,1.752,0.248,10.7
LOC035-U01,2026-01-07T23:15:00+00:00,1.909,0.372,8.33
LOC035-U01,2026-01-07T23:30:00+00:00,2.163,0.242,6.59
LOC035-U01,2026-01-07T23:45:00+00:00,2.322,0.354,7.65
LOC035-U01,2026-01-08T00:00:00+00:00,2.144,0.23,8.83
LOC035-U01,2026-01-08T00:15:00+00:00,2.675,0.372,8.13
LOC035-U01,2026-01-08T00:30:00+00:00,1.371,0.29,11.28
LOC035-U01,2026-01-08T00:45:00+00:00,2.231,0.232,7.95
LOC035-U01,2026-01-08T01:00:00+00:00,1.816,0.261,7.51
LOC035-U01,2026-01-08T01:15:00+00:00,2.677,0.321,9.14
LOC035-U01,2026-01-08T01:30:00+00:00,1.972,0.32,9.87
LOC035-U01,2026-01-08T01:45:00+00:00,2.351,0.305,9.7
LOC035-U01,2026-01-08T02:00:00+00:00,1.651,0.265,9.81
LOC035-U01,2026-01-08T02:15:00+00:00,2.162,0.329,11.05
LOC035-U01,2026-01-08T02:30:00+00:00,2.411,0.26,9.11
LOC035-U01,2026-01-08T02:45:00+00:00,1.887,0.368,6.77
LOC035-U01,2026-01-08T03:00:00+00:00,2.317,0.304,10.41
LOC035-U01,2026-01-08T03:15:00+00:00,1.534,0.302,11.37
LOC035-U01,2026-01-08T03:30:00+00:00,2.584,0.268,10.7
LOC035-U01,2026-01-08T03:45:00+00:00,1.919,0.299,7.94
LOC001-U01,2026-01-07T10:00:00+00:00,2.549,0.3,9.51
LOC001-U01,2026-01-07T10:15:00+00:00,2.327,0.276,10.22
LOC001-U01,2026-01-07T10:30:00+00:00,2.598,0.241,10.11
LOC001-U01,2026-01-07T10:45:00+00:00,1.889,0.246,6.83
LOC001-U01,2026-01-07T11:00:00+00:00,2.4,0.249,10.39
LOC001-U01,2026-01-07T11:15:00+00:00,2.6,0.34,7.71
LOC001-U01,2026-01-07T11:30:00+00:00,1.839,0.357,8.87
LOC001-U01,2026-01-07T11:45:00+00:00,2.42,0.221,8.85
LOC001-U01,2026-01-07T12:00:00+00:00,2.153,0.329,10.16
LOC001-U01,2026-01-07T12:15:00+00:00,2.334,0.223,7.43
LOC001-U01,2026-01-07T12:30:00+00:00,2.781,0.346,11.85
LOC001-U01,2026-01-07T12:45:00+00:00,2.847,0.34,8.62
LOC001-U01,2026-01-07T13:00:00+00:00,2.704,0.361,7.95
LOC001-U01,2026-01-07T13:15:00+00:00,2.16,0.233,10.61
LOC001-U01,2026-01-07T13:30:00+00:00,2.202,0.325,9.68
LOC001-U01,2026-01-07T13:45:00+00:00,1.831,0.255,8.46
LOC001-U01,2026-01-07T14:00:00+00:00,2.698,0.226,10.69
LOC001-U01,2026-01-07T14:15:00+00:00,1.548,0.359,7.33
LOC001-U01,2026-01-07T14:30:00+00:00,2.531,0.276,10.4
LOC001-U01,2026-01-07T14:45:00+00:00,2.429,0.316,9.12
LOC001-U01,2026-01-07T15:00:00+00:00,2.411,0.236,9.3
LOC001-U01,2026-01-07T15:15:00+00:00,3.319,0.256,11.72
LOC001-U01,2026-01-07T15:30:00+00:00,1.333,0.221,6.67
LOC001-U01,2026-01-07T15:45:00+00:00,2.487,0.254,8.16
LOC001-U01,2026-01-07T16:00:00+00:00,2.01,0.371,7.46
LOC001-U01,2026-01-07T16:15:00+00:00,1.799,0.354,8.61
LOC001-U01,2026-01-07T16:30:00+00:00,3.212,0.315,9.08
LOC001-U01,2026-01-07T16:45:00+00:00,2.033,0.293,11.36
LOC001-U01,2026-01-07T17:00:00+00:00,2.101,0.242,6.65
LOC001-U01,2026-01-07T17:15:00+00:00,1.98,0.249,10.89
LOC001-U01,2026-01-07T17:30:00+00:00,2.112,0.375,8.09
LOC001-U01,2026-01-07T17:45:00+00:00,3.185,0.298,9.76
LOC001-U01,2026-01-07T18:00:00+00:00,2.178,0.362,9.63
LOC001-U01,2026-01-07T18:15:00+00:00,2.177,0.265,9.6
LOC001-U01,2026-01-07T18:30:00+00:00,2.936,0.31,9.62
LOC001-U01,2026-01-07T18:45:00+00:00,3.375,0.282,10.21
LOC001-U01,2026-01-07T19:00:00+00:00,2.223,0.257,10.48
LOC001-U01,2026-01-07T19:15:00+00:00,2.147,0.266,6.99
LOC001-U01,2026-01-07T19:30:00+00:00,2.622,0.376,11.77
LOC001-U01,2026-01-07T19:45:00+00:00,2.18,0.371,10.96
LOC001-U01,2026-01-07T20:00:00+00:00,2.522,0.319,9.64
LOC001-U01,2026-01-07T20:15:00+00:00,2.545,0.274,10.96
LOC001-U01,2026-01-07T20:30:00+00:00,1.513,0.339,9.88
LOC001-U01,2026-01-07T20:45:00+00:00,2.359,0.277,11.56
LOC001-U01,2026-01-07T21:00:00+00:00,2.177,0.36,9.48
LOC001-U01,2026-01-07T21:15:00+00:00,1.807,0.355,7.0
LOC001-U01,2026-01-07T21:30:00+00:00,2.474,0.364,11.02
LOC001-U01,2026-01-07T21:45:00+00:00,1.353,0.322,6.74
LOC001-U01,2026-01-07T22:00:00+00:00,1.291,0.258,9.96
LOC001-U01,2026-01-07T22:15:00+00:00,2.132,0.31,11.25
LOC001-U01,2026-01-07T22:30:00+00:00,1.84,0.369,10.35
LOC001-U01,2026-01-07T22:45:00+00:00,2.79,0.37,7.46
LOC001-U01,2026-01-07T23:00:00+00:00,2.381,0.247,10.48
LOC001-U01,2026-01-07T23:15:00+00:00,2.709,0.322,9.16
LOC001-U01,2026-01-07T23:30:00+00:00,1.737,0.311,9.82
LOC001-U01,2026-01-07T23:45:00+00:00,1.972,0.318,8.31
LOC001-U01,2026-01-08T00:00:00+00:00,2.54,0.276,7.55
LOC001-U01,2026-01-08T00:15:00+00:00,2.188,0.331,7.34
LOC001-U01,2026-01-08T00:30:00+00:00,2.315,0.226,6.95
LOC001-U01,2026-01-08T00:45:00+00:00,1.928,0.257,9.27
LOC001-U01,2026-01-08T01:00:00+00:00,2.305,0.31,11.71
LOC001-U01,2026-01-08T01:15:00+00:00,2.304,0.281,10.59
LOC001-U01,2026-01-08T01:30:00+00:00,2.669,0.226,8.78
LOC001-U01,2026-01-08T01:45:00+00:00,3.027,0.283,9.26
LOC001-U01,2026-01-08T02:00:00+00:00,2.682,0.332,8.4
LOC001-U01,2026-01-08T02:15:00+00:00,2.314,0.32,10.64
LOC001-U01,2026-01-08T02:30:00+00:00,2.341,0.379,10.28
LOC001-U01,2026-01-08T02:45:00+00:00,1.978,0.332,10.82
LOC001-U01,2026-01-08T03:00:00+00:00,2.074,0.254,10.44
LOC001-U01,2026-01-08T03:15:00+00:00,2.176,0.314,11.28
LOC001-U01,2026-01-08T03:30:00+00:00,1.747,0.259,9.75
LOC001-U01,2026-01-08T03:45:00+00:00,2.506,0.242,7.42
LOC017-U02,2026-01-07T10:00:00+00:00,2.158,0.343,11.11
LOC017-U02,2026-01-07T10:15:00+00:00,1.827,0.286,11.38
LOC017-U02,2026-01-07T10:30:00+00:00,0.755,0.255,10.46
LOC017-U02,2026-01-07T10:45:00+00:00,2.407,0.277,10.12
LOC017-U02,2026-01-07T11:00:00+00:00,2.816,0.251,10.87
LOC017-U02,2026-01-07T11:15:00+00:00,1.878,0.281,11.39
LOC017-U02,2026-01-07T11:30:00+00:00,2.624,0.272,7.12
LOC017-U02,2026-01-07T11:45:00+00:00,1.267,0.355,7.47
LOC017-U02,2026-01-07T12:00:00+00:00,1.499,0.248,10.27
LOC017-U02,2026-01-07T12:15:00+00:00,2.286,0.365,10.85
LOC017-U02,2026-01-07T12:30:00+00:00,1.967,0.307,10.29
LOC017-U02,2026-01-07T12:45:00+00:00,3.187,0.361,7.56
LOC017-U02,2026-01-07T13:00:00+00:00,2.445,0.262,10.15
LOC017-U02,2026-01-07T13:15:00+00:00,2.418,0.262,11.39
LOC017-U02,2026-01-07T13:30:00+00:00,1.808,0.353,7.87
LOC017-U02,2026-01-07T13:45:00+00:00,2.281,0.233,11.27
LOC017-U02,2026-01-07T14:00:00+00:00,2.304,0.232,9.79
LOC017-U02,2026-01-07T14:15:00+00:00,1.87,0.297,8.82
LOC017-U02,2026-01-07T14:30:00+00:00,2.118,0.228,10.0
LOC017-U02,2026-01-07T14:45:00+00:00,1.946,0.369,7.06
LOC017-U02,2026-01-07T15:00:00+00:00,2.297,0.274,8.42
LOC017-U02,2026-01-07T15:15:00+00:00,1.676,0.361,8.53
LOC017-U02,2026-01-07T15:30:00+00:00,1.704,0.332,6.99
LOC017-U02,2026-01-07T15:45:00+00:00,1.857,0.264,9.55
LOC017-U02,2026-01-07T16:00:00+00:00,2.309,0.303,6.9
LOC017-U02,2026-01-07T16:15:00+00:00,2.215,0.28,10.92
LOC017-U02,2026-01-07T16:30:00+00:00,1.943,0.37,9.86
LOC017-U02,2026-01-07T16:45:00+00:00,2.454,0.247,7.47
LOC017-U02,2026-01-07T17:00:00+00:00,2.705,0.336,11.88
LOC017-U02,2026-01-07T17:15:00+00:00,2.957,0.322,9.6
LOC017-U02,2026-01-07T17:30:00+00:00,1.921,0.364,9.0
LOC017-U02,2026-01-07T17:45:00+00:00,2.172,0.372,9.71
LOC017-U02,2026-01-07T18:00:00+00:00,2.096,0.24,8.14
LOC017-U02,2026-01-07T18:15:00+00:00,2.488,0.378,11.0
LOC017-U02,2026-01-07T18:30:00+00:00,1.907,0.346,7.86
LOC017-U02,2026-01-07T18:45:00+00:00,1.957,0.239,7.83
LOC017-U02,2026-01-07T19:00:00+00:00,2.726,0.327,8.54
LOC017-U02,2026-01-07T19:15:00+00:00,2.173,0.269,6.62
LOC017-U02,2026-01-07T19:30:00+00:00,1.918,0.362,7.35
LOC017-U02,2026-01-07T19:45:00+00:00,1.406,0.37,11.26
LOC017-U02,2026-01-07T20:00:00+00:00,2.925,0.281,10.13
LOC017-U02,2026-01-07T20:15:00+00:00,2.116,0.371,10.41
LOC017-U02,2026-01-07T20:30:00+00:00,2.583,0.347,10.71
LOC017-U02,2026-01-07T20:45:00+00:00,2.888,0.235,10.49
LOC017-U02,2026-01-07T21:00:00+00:00,2.813,0.337,7.94
LOC017-U02,2026-01-07T21:15:00+00:00,1.321,0.375,7.28
LOC017-U02,2026-01-07T21:30:00+00:00,1.827,0.272,7.45
LOC017-U02,2026-01-07T21:45:00+00:00,1.792,0.339,10.17
LOC017-U02,2026-01-07T22:00:00+00:00,2.181,0.344,8.66
LOC017-U02,2026-01-07T22:15:00+00:00,2.841,0.377,11.01
LOC017-U02,2026-01-07T22:30:00+00:00,2.559,0.283,8.83
LOC017-U02,2026-01-07T22:45:00+00:00,0.704,0.371,9.55
LOC017-U02,2026-01-07T23:00:00+00:00,1.926,0.364,8.89
LOC017-U02,2026-01-07T23:15:00+00:00,1.68,0.35,6.64
LOC017-U02,2026-01-07T23:30:00+00:00,2.018,0.274,10.24
LOC017-U02,2026-01-07T23:45:00+00:00,2.86,0.249,9.67
LOC017-U02,2026-01-08T00:00:00+00:00,3.237,0.281,7.27
LOC017-U02,2026-01-08T00:15:00+00:00,2.448,0.367,8.09
LOC017-U02,2026-01-08T00:30:00+00:00,2.216,0.24,6.83
LOC017-U02,2026-01-08T00:45:00+00:00,3.182,0.244,10.6
LOC017-U02,2026-01-08T01:00:00+00:00,2.118,0.229,7.0
LOC017-U02,2026-01-08T01:15:00+00:00,2.093,0.36,10.92
LOC017-U02,2026-01-08T01:30:00+00:00,1.517,0.232,7.39
LOC017-U02,2026-01-08T01:45:00+00:00,3.079,0.26,6.99
LOC017-U02,2026-01-08T02:00:00+00:00,1.654,0.25,6.68
LOC017-U02,2026-01-08T02:15:00+00:00,1.811,0.262,6.64
LOC017-U02,2026-01-08T02:30:00+00:00,1.241,0.315,9.31
LOC017-U02,2026-01-08T02:45:00+00:00,2.098,0.263,7.97
LOC017-U02,2026-01-08T03:00:00+00:00,2.045,0.231,9.89
LOC017-U02,2026-01-08T03:15:00+00:00,1.876,0.242,10.0
LOC017-U02,2026-01-08T03:30:00+00:00,1.409,0.243,10.77
LOC017-U02,2026-01-08T03:45:00+00:00,2.305,0.308,9.05
LOC013-U01,2026-01-07T10:00:00+00:00,1.399,0.25,9.81
LOC013-U01,2026-01-07T10:15:00+00:00,1.349,0.328,10.17
LOC013-U01,2026-01-07T10:30:00+00:00,1.834,0.327,8.19
LOC013-U01,2026-01-07T10:45:00+00:00,1.548,0.357,9.91
LOC013-U01,2026-01-07T11:00:00+00:00,1.754,0.261,10.41
LOC013-U01,2026-01-07T11:15:00+00:00,2.641,0.286,8.25
LOC013-U01,2026-01-07T11:30:00+00:00,2.5,0.227,7.95
LOC013-U01,2026-01-07T11:45:00+00:00,2.207,0.353,7.21
LOC013-U01,2026-01-07T12:00:00+00:00,1.532,0.345,10.32
LOC013-U01,2026-01-07T12:15:00+00:00,1.916,0.275,7.06
LOC013-U01,2026-01-07T12:30:00+00:00,1.561,0.37,10.56
LOC013-U01,2026-01-07T12:45:00+00:00,2.064,0.251,9.32
LOC013-U01,2026-01-07T13:00:00+00:00,2.491,0.313,9.45
LOC013-U01,2026-01-07T13:15:00+00:00,2.155,0.32,7.96
LOC013-U01,2026-01-07T13:30:00+00:00,2.114,0.267,8.83
LOC013-U01,2026-01-07T13:45:00+00:00,2.429,0.303,7.12
LOC013-U01,2026-01-07T14:00:00+00:00,2.215,0.378,7.23
LOC013-U01,2026-01-07T14:15:00+00:00,3.063,0.252,7.56
LOC013-U01,2026-01-07T14:30:00+00:00,1.43,0.35,9.15
LOC013-U01,2026-01-07T14:45:00+00:00,2.333,0.223,7.71
LOC013-U01,2026-01-07T15:00:00+00:00,1.8,0.336,9.67
LOC013-U01,2026-01-07T15:15:00+00:00,1.796,0.33,7.98
LOC013-U01,2026-01-07T15:30:00+00:00,2.128,0.363,10.96
LOC013-U01,2026-01-07T15:45:00+00:00,2.203,0.334,6.84
LOC013-U01,2026-01-07T16:00:00+00:00,1.992,0.267,8.86
LOC013-U01,2026-01-07T16:15:00+00:00,2.297,0.368,10.81
LOC013-U01,2026-01-07T16:30:00+00:00,2.495,0.295,8.62
LOC013-U01,2026-01-07T16:45:00+00:00,2.107,0.346,8.43
LOC013-U01,2026-01-07T17:00:00+00:00,1.427,0.301,7.76
LOC013-U01,2026-01-07T17:15:00+00:00,1.833,0.287,10.52
LOC013-U01,2026-01-07T17:30:00+00:00,1.734,0.325,7.12
LOC013-U01,2026-01-07T17:45:00+00:00,1.274,0.272,10.52
LOC013-U01,2026-01-07T18:00:00+00:00,1.848,0.223,7.25
LOC013-U01,2026-01-07T18:15:00+00:00,1.837,0.286,10.54
LOC013-U01,2026-01-07T18:30:00+00:00,2.094,0.378,10.12
LOC013-U01,2026-01-07T18:45:00+00:00,2.227,0.33,9.2
LOC013-U01,2026-01-07T19:00:00+00:00,2.67,0.264,10.91
LOC013-U01,2026-01-07T19:15:00+00:00,1.736,0.251,9.02
LOC013-U01,2026-01-07T19:30:00+00:00,2.262,0.293,7.27
LOC013-U01,2026-01-07T19:45:00+00:00,2.523,0.234,10.51
LOC013-U01,2026-01-07T20:00:00+00:00,1.479,0.351,6.56
LOC013-U01,2026-01-07T20:15:00+00:00,1.839,0.305,7.29
LOC013-U01,2026-01-07T20:30:00+00:00,3.485,0.262,9.57
LOC013-U01,2026-01-07T20:45:00+00:00,1.803,0.236,9.01
LOC013-U01,2026-01-07T21:00:00+00:00,2.089,0.252,9.92
LOC013-U01,2026-01-07T21:15:00+00:00,2.548,0.335,7.79
LOC013-U01,2026-01-07T21:30:00+00:00,1.8,0.307,9.28
LOC013-U01,2026-01-07T21:45:00+00:00,2.956,0.35,7.09
LOC013-U01,2026-01-07T22:00:00+00:00,2.587,0.372,8.72
LOC013-U01,2026-01-07T22:15:00+00:00,2.409,0.326,7.75
LOC013-U01,2026-01-07T22:30:00+00:00,1.433,0.331,9.32
LOC013-U01,2026-01-07T22:45:00+00:00,2.481,0.333,6.93
LOC013-U01,2026-01-07T23:00:00+00:00,2.198,0.342,10.33
LOC013-U01,2026-01-07T23:15:00+00:00,2.515,0.31,9.32
LOC013-U01,2026-01-07T23:30:00+00:00,1.651,0.246,10.01
LOC013-U01,2026-01-07T23:45:00+00:00,2.239,0.362,9.78
LOC013-U01,2026-01-08T00:00:00+00:00,1.891,0.365,11.57
LOC013-U01,2026-01-08T00:15:00+00:00,2.315,0.326,11.39
LOC013-U01,2026-01-08T00:30:00+00:00,1.219,0.347,9.68
LOC013-U01,2026-01-08T00:45:00+00:00,2.982,0.286,11.31
LOC013-U01,2026-01-08T01:00:00+00:00,1.895,0.347,8.09
LOC013-U01,2026-01-08T01:15:00+00:00,2.923,0.349,10.0
LOC013-U01,2026-01-08T01:30:00+00:00,1.967,0.368,10.64
LOC013-U01,2026-01-08T01:45:00+00:00,1.888,0.315,8.98
LOC013-U01,2026-01-08T02:00:00+00:00,1.659,0.261,10.42
LOC013-U01,2026-01-08T02:15:00+00:00,2.049,0.271,9.95
LOC013-U01,2026-01-08T02:30:00+00:00,2.433,0.372,11.24
LOC013-U01,2026-01-08T02:45:00+00:00,1.905,0.268,9.75
LOC013-U01,2026-01-08T03:00:00+00:00,1.691,0.285,8.59
LOC013-U01,2026-01-08T03:15:00+00:00,1.657,0.36,8.93
LOC013-U01,2026-01-08T03:30:00+00:00,2.77,0.332,10.7
LOC013-U01,2026-01-08T03:45:00+00:00,1.961,0.221,10.33
LOC013-U02,2026-01-07T10:00:00+00:00,1.544,0.377,8.74
LOC013-U02,2026-01-07T10:15:00+00:00,2.059,0.295,6.76
LOC013-U02,2026-01-07T10:30:00+00:00,2.708,0.327,7.82
LOC013-U02,2026-01-07T10:45:00+00:00,2.176,0.229,6.74
LOC013-U02,2026-01-07T11:00:00+00:00,2.19,0.233,11.37
LOC013-U02,2026-01-07T11:15:00+00:00,3.271,0.358,7.4
LOC013-U02,2026-01-07T11:30:00+00:00,1.488,0.265,10.26
LOC013-U02,2026-01-07T11:45:00+00:00,1.964,0.271,10.94
LOC013-U02,2026-01-07T12:00:00+00:00,3.037,0.262,8.49
LOC013-U02,2026-01-07T12:15:00+00:00,1.744,0.239,7.48
LOC013-U02,2026-01-07T12:30:00+00:00,1.693,0.333,6.77
LOC013-U02,2026-01-07T12:45:00+00:00,1.45,0.279,7.8
LOC013-U02,2026-01-07T13:00:00+00:00,2.181,0.329,9.57
LOC013-U02,2026-01-07T13:15:00+00:00,1.641,0.252,10.19
LOC013-U02,2026-01-07T13:30:00+00:00,1.86,0.352,9.35
LOC013-U02,2026-01-07T13:45:00+00:00,2.204,0.226,8.35
LOC013-U02,2026-01-07T14:00:00+00:00,1.633,0.246,7.07
LOC013-U02,2026-01-07T14:15:00+00:00,2.07,0.318,8.27
LOC013-U02,2026-01-07T14:30:00+00:00,3.157,0.235,11.6
LOC013-U02,2026-01-07T14:45:00+00:00,1.966,0.34,9.83
LOC013-U02,2026-01-07T15:00:00+00:00,2.5,0.291,10.78
LOC013-U02,2026-01-07T15:15:00+00:00,1.938,0.344,8.3
LOC013-U02,2026-01-07T15:30:00+00:00,1.726,0.27,9.93
LOC013-U02,2026-01-07T15:45:00+00:00,2.375,0.289,8.98
LOC013-U02,2026-01-07T16:00:00+00:00,2.401,0.341,9.2
LOC013-U02,2026-01-07T16:15:00+00:00,1.095,0.221,8.43
LOC013-U02,2026-01-07T16:30:00+00:00,2.551,0.348,9.56
LOC013-U02,2026-01-07T16:45:00+00:00,2.127,0.265,8.54
LOC013-U02,2026-01-07T17:00:00+00:00,1.949,0.258,7.76
LOC013-U02,2026-01-07T17:15:00+00:00,1.273,0.356,7.54
LOC013-U02,2026-01-07T17:30:00+00:00,2.278,0.346,7.85
LOC013-U02,2026-01-07T17:45:00+00:00,1.855,0.349,10.29
LOC013-U02,2026-01-07T18:00:00+00:00,1.407,0.25,8.41
LOC013-U02,2026-01-07T18:15:00+00:00,1.883,0.222,9.5
LOC013-U02,2026-01-07T18:30:00+00:00,3.138,0.308,9.54
LOC013-U02,2026-01-07T18:45:00+00:00,1.478,0.331,7.6
LOC013-U02,2026-01-07T19:00:00+00:00,1.373,0.347,8.41
LOC013-U02,2026-01-07T19:15:00+00:00,1.337,0.327,7.07
LOC013-U02,2026-01-07T19:30:00+00:00,1.559,0.262,10.98
LOC013-U02,2026-01-07T19:45:00+00:00,2.176,0.367,8.87
LOC013-U02,2026-01-07T20:00:00+00:00,1.906,0.29,8.87
LOC013-U02,2026-01-07T20:15:00+00:00,2.2,0.295,7.23
LOC013-U02,2026-01-07T20:30:00+00:00,2.542,0.287,8.9
LOC013-U02,2026-01-07T20:45:00+00:00,2.081,0.314,8.36
LOC013-U02,2026-01-07T21:00:00+00:00,1.864,0.367,9.89
LOC013-U02,2026-01-07T21:15:00+00:00,1.907,0.255,11.1
LOC013-U02,2026-01-07T21:30:00+00:00,2.115,0.378,11.54
LOC013-U02,2026-01-07T21:45:00+00:00,1.76,0.234,7.58
LOC013-U02,2026-01-07T22:00:00+00:00,2.582,0.285,7.04
LOC013-U02,2026-01-07T22:15:00+00:00,2.702,0.247,9.56
LOC013-U02,2026-01-07T22:30:00+00:00,2.209,0.253,9.29
LOC013-U02,2026-01-07T22:45:00+00:00,2.353,0.28,8.8
LOC013-U02,2026-01-07T23:00:00+00:00,1.889,0.38,7.94
LOC013-U02,2026-01-07T23:15:00+00:00,1.942,0.223,8.92
LOC013-U02,2026-01-07T23:30:00+00:00,1.938,0.249,9.03
LOC013-U02,2026-01-07T23:45:00+00:00,1.712,0.346,11.28
LOC013-U02,2026-01-08T00:00:00+00:00,2.314,0.316,10.43
LOC013-U02,2026-01-08T00:15:00+00:00,2.936,0.29,10.28
LOC013-U02,2026-01-08T00:30:00+00:00,2.314,0.322,9.7
LOC013-U02,2026-01-08T00:45:00+00:00,1.756,0.338,7.76
LOC013-U02,2026-01-08T01:00:00+00:00,1.671,0.316,8.31
LOC013-U02,2026-01-08T01:15:00+00:00,2.395,0.343,11.5
LOC013-U02,2026-01-08T01:30:00+00:00,3.05,0.352,7.85
LOC013-U02,2026-01-08T01:45:00+00:00,2.43,0.348,8.46
LOC013-U02,2026-01-08T02:00:00+00:00,1.146,0.336,9.64
LOC013-U02,2026-01-08T02:15:00+00:00,2.816,0.301,10.13
LOC013-U02,2026-01-08T02:30:00+00:00,2.223,0.37,6.97
LOC013-U02,2026-01-08T02:45:00+00:00,2.827,0.322,11.8
LOC013-U02,2026-01-08T03:00:00+00:00,2.278,0.286,8.87
LOC013-U02,2026-01-08T03:15:00+00:00,2.032,0.282,10.5
LOC013-U02,2026-01-08T03:30:00+00:00,2.199,0.308,10.2
LOC013-U02,2026-01-08T03:45:00+00:00,1.6,0.356,9.37
LOC038-U01,2026-01-07T10:00:00+00:00,2.465,0.256,11.55
LOC038-U01,2026-01-07T10:15:00+00:00,2.679,0.322,8.71
LOC038-U01,2026-01-07T10:30:00+00:00,2.342,0.354,8.25
LOC038-U01,2026-01-07T10:45:00+00:00,2.298,0.287,8.76
LOC038-U01,2026-01-07T11:00:00+00:00,2.495,0.344,9.47
LOC038-U01,2026-01-07T11:15:00+00:00,2.2,0.254,11.37
LOC038-U01,2026-01-07T11:30:00+00:00,2.177,0.379,9.05
LOC038-U01,2026-01-07T11:45:00+00:00,1.716,0.235,7.91
LOC038-U01,2026-01-07T12:00:00+00:00,2.709,0.38,11.0
LOC038-U01,2026-01-07T12:15:00+00:00,2.513,0.236,7.58
LOC038-U01,2026-01-07T12:30:00+00:00,2.007,0.33,7.15
LOC038-U01,2026-01-07T12:45:00+00:00,1.924,0.291,7.57
LOC038-U01,2026-01-07T13:00:00+00:00,1.712,0.263,9.83
LOC038-U01,2026-01-07T13:15:00+00:00,2.181,0.251,8.67
LOC038-U01,2026-01-07T13:30:00+00:00,2.038,0.229,8.64
LOC038-U01,2026-01-07T13:45:00+00:00,2.646,0.223,7.48
LOC038-U01,2026-01-07T14:00:00+00:00,1.165,0.337,7.75
LOC038-U01,2026-01-07T14:15:00+00:00,2.087,0.339,9.64
LOC038-U01,2026-01-07T14:30:00+00:00,2.686,0.352,11.87
LOC038-U01,2026-01-07T14:45:00+00:00,2.008,0.304,11.57
LOC038-U01,2026-01-07T15:00:00+00:00,1.983,0.29,9.91
LOC038-U01,2026-01-07T15:15:00+00:00,2.141,0.369,8.36
LOC038-U01,2026-01-07T15:30:00+00:00,1.7,0.357,10.21
LOC038-U01,2026-01-07T15:45:00+00:00,0.711,0.342,7.47
LOC038-U01,2026-01-07T16:00:00+00:00,1.322,0.23,7.96
LOC038-U01,2026-01-07T16:15:00+00:00,2.988,0.231,8.3
LOC038-U01,2026-01-07T16:30:00+00:00,2.514,0.249,8.6
LOC038-U01,2026-01-07T16:45:00+00:00,2.83,0.233,10.89
LOC038-U01,2026-01-07T17:00:00+00:00,1.856,0.269,11.22
LOC038-U01,2026-01-07T17:15:00+00:00,1.945,0.291,9.12
LOC038-U01,2026-01-07T17:30:00+00:00,1.338,0.26,10.45
LOC038-U01,2026-01-07T17:45:00+00:00,2.185,0.251,10.2
LOC038-U01,2026-01-07T18:00:00+00:00,1.221,0.342,7.28
LOC038-U01,2026-01-07T18:15:00+00:00,2.47,0.269,6.79
LOC038-U01,2026-01-07T18:30:00+00:00,1.467,0.362,9.76
LOC038-U01,2026-01-07T18:45:00+00:00,2.587,0.318,7.36
LOC038-U01,2026-01-07T19:00:00+00:00,2.774,0.357,9.81
LOC038-U01,2026-01-07T19:15:00+00:00,1.888,0.343,9.93
LOC038-U01,2026-01-07T19:30:00+00:00,1.981,0.326,10.21
LOC038-U01,2026-01-07T19:45:00+00:00,1.795,0.302,6.7
LOC038-U01,2026-01-07T20:00:00+00:00,2.373,0.379,7.49
LOC038-U01,2026-01-07T20:15:00+00:00,1.887,0.324,7.27
LOC038-U01,2026-01-07T20:30:00+00:00,1.784,0.335,7.46
LOC038-U01,2026-01-07T20:45:00+00:00,2.87,0.327,11.52
LOC038-U01,2026-01-07T21:00:00+00:00,1.267,0.365,8.36
LOC038-U01,2026-01-07T21:15:00+00:00,2.061,0.235,8.26
LOC038-U01,2026-01-07T21:30:00+00:00,1.551,0.366,8.99
LOC038-U01,2026-01-07T21:45:00+00:00,1.667,0.248,11.12
LOC038-U01,2026-01-07T22:00:00+00:00,1.588,0.242,10.63
LOC038-U01,2026-01-07T22:15:00+00:00,2.057,0.315,10.06
LOC038-U01,2026-01-07T22:30:00+00:00,1.229,0.358,11.43
LOC038-U01,2026-01-07T22:45:00+00:00,2.295,0.224,8.36
LOC038-U01,2026-01-07T23:00:00+00:00,2.925,0.267,7.14
LOC038-U01,2026-01-07T23:15:00+00:00,1.464,0.26,7.06
LOC038-U01,2026-01-07T23:30:00+00:00,1.958,0.29,7.74
LOC038-U01,2026-01-07T23:45:00+00:00,1.67,0.226,7.63
LOC038-U01,2026-01-08T00:00:00+00:00,2.86,0.292,9.49
LOC038-U01,2026-01-08T00:15:00+00:00,1.066,0.303,9.47
LOC038-U01,2026-01-08T00:30:00+00:00,2.615,0.225,8.89
LOC038-U01,2026-01-08T00:45:00+00:00,2.791,0.274,10.09
LOC038-U01,2026-01-08T01:00:00+00:00,1.888,0.327,7.22
LOC038-U01,2026-01-08T01:15:00+00:00,1.389,0.313,11.11
LOC038-U01,2026-01-08T01:30:00+00:00,1.421,0.236,8.7
LOC038-U01,2026-01-08T01:45:00+00:00,2.357,0.282,10.97
LOC038-U01,2026-01-08T02:00:00+00:00,1.803,0.331,8.17
LOC038-U01,2026-01-08T02:15:00+00:00,2.254,0.248,10.12
LOC038-U01,2026-01-08T02:30:00+00:00,2.179,0.241,7.68
LOC038-U01,2026-01-08T02:45:00+00:00,0.95,0.324,11.2
LOC038-U01,2026-01-08T03:00:00+00:00,1.976,0.288,7.04
LOC038-U01,2026-01-08T03:15:00+00:00,2.291,0.226,6.65
LOC038-U01,2026-01-08T03:30:00+00:00,1.721,0.329,10.95
LOC038-U01,2026-01-08T03:45:00+00:00,1.68,0.363,10.65
LOC008-U02,2026-01-07T10:00:00+00:00,2.732,0.221,10.71
LOC008-U02,2026-01-07T10:15:00+00:00,2.978,0.227,7.06
LOC008-U02,2026-01-07T10:30:00+00:00,1.337,0.335,10.22
LOC008-U02,2026-01-07T10:45:00+00:00,1.598,0.277,11.28
LOC008-U02,2026-01-07T11:00:00+00:00,1.981,0.248,7.72
LOC008-U02,2026-01-07T11:15:00+00:00,1.69,0.233,9.03
LOC008-U02,2026-01-07T11:30:00+00:00,2.448,0.244,10.37
LOC008-U02,2026-01-07T11:45:00+00:00,2.167,0.277,10.02
LOC008-U02,2026-01-07T12:00:00+00:00,2.225,0.312,10.95
LOC008-U02,2026-01-07T12:15:00+00:00,2.196,0.223,8.06
LOC008-U02,2026-01-07T12:30:00+00:00,1.282,0.308,8.04
LOC008-U02,2026-01-07T12:45:00+00:00,2.212,0.294,7.97
LOC008-U02,2026-01-07T13:00:00+00:00,1.95,0.283,9.41
LOC008-U02,2026-01-07T13:15:00+00:00,1.371,0.262,10.37
LOC008-U02,2026-01-07T13:30:00+00:00,2.562,0.375,7.09
LOC008-U02,2026-01-07T13:45:00+00:00,2.144,0.291,6.76
LOC008-U02,2026-01-07T14:00:00+00:00,2.334,0.374,8.02
LOC008-U02,2026-01-07T14:15:00+00:00,2.251,0.357,10.1
LOC008-U02,2026-01-07T14:30:00+00:00,2.316,0.271,10.34
LOC008-U02,2026-01-07T14:45:00+00:00,1.597,0.357,7.53
LOC008-U02,2026-01-07T15:00:00+00:00,1.494,0.241,7.3
LOC008-U02,2026-01-07T15:15:00+00:00,1.437,0.315,8.82
LOC008-U02,2026-01-07T15:30:00+00:00,2.459,0.355,11.59
LOC008-U02,2026-01-07T15:45:00+00:00,3.042,0.251,8.39
LOC008-U02,2026-01-07T16:00:00+00:00,2.693,0.253,7.91
LOC008-U02,2026-01-07T16:15:00+00:00,2.393,0.35,6.95
LOC008-U02,2026-01-07T16:30:00+00:00,1.179,0.298,6.77
LOC008-U02,2026-01-07T16:45:00+00:00,1.702,0.265,9.92
LOC008-U02,2026-01-07T17:00:00+00:00,1.733,0.378,10.59
LOC008-U02,2026-01-07T17:15:00+00:00,1.233,0.252,6.62
LOC008-U02,2026-01-07T17:30:00+00:00,2.27,0.292,10.24
LOC008-U02,2026-01-07T17:45:00+00:00,2.268,0.376,10.39
LOC008-U02,2026-01-07T18:00:00+00:00,2.507,0.26,9.79
LOC008-U02,2026-01-07T18:15:00+00:00,2.768,0.261,10.79
LOC008-U02,2026-01-07T18:30:00+00:00,2.917,0.369,10.24
LOC008-U02,2026-01-07T18:45:00+00:00,1.997,0.34,8.04
LOC008-U02,2026-01-07T19:00:00+00:00,0.641,0.278,6.49
LOC008-U02,2026-01-07T19:15:00+00:00,1.51,0.354,7.38
LOC008-U02,2026-01-07T19:30:00+00:00,3.316,0.246,10.69
LOC008-U02,2026-01-07T19:45:00+00:00,2.204,0.231,11.18
LOC008-U02,2026-01-07T20:00:00+00:00,2.977,0.315,8.6
LOC008-U02,2026-01-07T20:15:00+00:00,1.818,0.314,10.98
LOC008-U02,2026-01-07T20:30:00+00:00,1.02,0.316,9.14
LOC008-U02,2026-01-07T20:45:00+00:00,2.32,0.256,10.5
LOC008-U02,2026-01-07T21:00:00+00:00,1.641,0.32,10.63
LOC008-U02,2026-01-07T21:15:00+00:00,1.844,0.288,10.31
LOC008-U02,2026-01-07T21:30:00+00:00,2.015,0.32,10.96
LOC008-U02,2026-01-07T21:45:00+00:00,2.996,0.354,7.25
LOC008-U02,2026-01-07T22:00:00+00:00,1.554,0.347,10.05
LOC008-U02,2026-01-07T22:15:00+00:00,2.027,0.351,9.24
LOC008-U02,2026-01-07T22:30:00+00:00,2.741,0.359,10.27
LOC008-U02,2026-01-07T22:45:00+00:00,1.83,0.228,11.04
LOC008-U02,2026-01-07T23:00:00+00:00,2.104,0.322,9.31
LOC008-U02,2026-01-07T23:15:00+00:00,1.928,0.325,11.13
LOC008-U02,2026-01-07T23:30:00+00:00,1.357,0.275,7.2
LOC008-U02,2026-01-07T23:45:00+00:00,2.963,0.221,10.38
LOC008-U02,2026-01-08T00:00:00+00:00,2.35,0.283,8.72
LOC008-U02,2026-01-08T00:15:00+00:00,2.295,0.32,7.79
LOC008-U02,2026-01-08T00:30:00+00:00,3.369,0.275,8.85
LOC008-U02,2026-01-08T00:45:00+00:00,1.52,0.245,8.19
LOC008-U02,2026-01-08T01:00:00+00:00,0.879,0.254,10.2
LOC008-U02,2026-01-08T01:15:00+00:00,2.224,0.276,11.47
LOC008-U02,2026-01-08T01:30:00+00:00,2.186,0.372,10.19
LOC008-U02,2026-01-08T01:45:00+00:00,1.402,0.299,8.6
LOC008-U02,2026-01-08T02:00:00+00:00,1.787,0.237,8.61
LOC008-U02,2026-01-08T02:15:00+00:00,1.553,0.37,7.38
LOC008-U02,2026-01-08T02:30:00+00:00,2.856,0.327,7.69
LOC008-U02,2026-01-08T02:45:00+00:00,2.682,0.362,7.05
LOC008-U02,2026-01-08T03:00:00+00:00,1.868,0.341,8.95
LOC008-U02,2026-01-08T03:15:00+00:00,1.469,0.342,9.28
LOC008-U02,2026-01-08T03:30:00+00:00,1.685,0.231,11.07
LOC008-U02,2026-01-08T03:45:00+00:00,1.936,0.259,9.64
LOC014-U01,2026-01-07T10:00:00+00:00,2.496,0.279,8.68
LOC014-U01,2026-01-07T10:15:00+00:00,2.181,0.347,8.15
LOC014-U01,2026-01-07T10:30:00+00:00,2.417,0.343,8.05
LOC014-U01,2026-01-07T10:45:00+00:00,2.399,0.223,9.55
LOC014-U01,2026-01-07T11:00:00+00:00,2.59,0.314,8.91
LOC014-U01,2026-01-07T11:15:00+00:00,2.152,0.358,9.13
LOC014-U01,2026-01-07T11:30:00+00:00,2.962,0.238,7.52
LOC014-U01,2026-01-07T11:45:00+00:00,1.763,0.331,8.47
LOC014-U01,2026-01-07T12:00:00+00:00,2.605,0.31,8.11
LOC014-U01,2026-01-07T12:15:00+00:00,2.153,0.27,7.37
LOC014-U01,2026-01-07T12:30:00+00:00,2.178,0.373,7.22
LOC014-U01,2026-01-07T12:45:00+00:00,1.503,0.285,7.74
LOC014-U01,2026-01-07T13:00:00+00:00,2.721,0.234,10.81
LOC014-U01,2026-01-07T13:15:00+00:00,1.425,0.288,10.89
LOC014-U01,2026-01-07T13:30:00+00:00,1.952,0.298,10.22
LOC014-U01,2026-01-07T13:45:00+00:00,1.658,0.224,8.99
LOC014-U01,2026-01-07T14:00:00+00:00,2.479,0.277,7.84
LOC014-U01,2026-01-07T14:15:00+00:00,2.799,0.374,8.33
LOC014-U01,2026-01-07T14:30:00+00:00,1.524,0.321,8.88
LOC014-U01,2026-01-07T14:45:00+00:00,1.89,0.234,7.0
LOC014-U01,2026-01-07T15:00:00+00:00,2.294,0.231,10.84
LOC014-U01,2026-01-07T15:15:00+00:00,2.759,0.245,10.58
LOC014-U01,2026-01-07T15:30:00+00:00,1.741,0.337,6.6
LOC014-U01,2026-01-07T15:45:00+00:00,2.575,0.247,7.82
LOC014-U01,2026-01-07T16:00:00+00:00,1.93,0.266,7.95
LOC014-U01,2026-01-07T16:15:00+00:00,2.211,0.34,8.36
LOC014-U01,2026-01-07T16:30:00+00:00,2.712,0.263,6.83
LOC014-U01,2026-01-07T16:45:00+00:00,1.519,0.375,10.8
LOC014-U01,2026-01-07T17:00:00+00:00,1.807,0.271,8.08
LOC014-U01,2026-01-07T17:15:00+00:00,2.825,0.351,10.0
LOC014-U01,2026-01-07T17:30:00+00:00,2.329,0.286,8.51
LOC014-U01,2026-01-07T17:45:00+00:00,2.903,0.242,6.86
LOC014-U01,2026-01-07T18:00:00+00:00,1.343,0.319,8.32
LOC014-U01,2026-01-07T18:15:00+00:00,2.402,0.332,8.84
LOC014-U01,2026-01-07T18:30:00+00:00,2.472,0.313,10.71
LOC014-U01,2026-01-07T18:45:00+00:00,2.075,0.371,8.26
LOC014-U01,2026-01-07T19:00:00+00:00,2.387,0.311,8.26
LOC014-U01,2026-01-07T19:15:00+00:00,1.859,0.371,11.61
LOC014-U01,2026-01-07T19:30:00+00:00,2.06,0.296,8.96
LOC014-U01,2026-01-07T19:45:00+00:00,1.743,0.258,8.33
LOC014-U01,2026-01-07T20:00:00+00:00,2.66,0.345,7.9
LOC014-U01,2026-01-07T20:15:00+00:00,1.854,0.311,9.29
LOC014-U01,2026-01-07T20:30:00+00:00,1.31,0.312,9.95
LOC014-U01,2026-01-07T20:45:00+00:00,2.745,0.364,11.3
LOC014-U01,2026-01-07T21:00:00+00:00,2.003,0.296,10.08
LOC014-U01,2026-01-07T21:15:00+00:00,1.943,0.248,9.0
LOC014-U01,2026-01-07T21:30:00+00:00,2.628,0.303,7.88
LOC014-U01,2026-01-07T21:45:00+00:00,2.566,0.291,10.15
LOC014-U01,2026-01-07T22:00:00+00:00,1.482,0.28,7.83
LOC014-U01,2026-01-07T22:15:00+00:00,2.02,0.224,6.94
LOC014-U01,2026-01-07T22:30:00+00:00,1.899,0.242,6.71
LOC014-U01,2026-01-07T22:45:00+00:00,2.248,0.349,7.91
LOC014-U01,2026-01-07T23:00:00+00:00,2.143,0.376,11.35
LOC014-U01,2026-01-07T23:15:00+00:00,1.922,0.242,11.2
LOC014-U01,2026-01-07T23:30:00+00:00,1.585,0.226,6.45
LOC014-U01,2026-01-07T23:45:00+00:00,2.401,0.343,10.9
LOC014-U01,2026-01-08T00:00:00+00:00,2.478,0.358,7.17
LOC014-U01,2026-01-08T00:15:00+00:00,2.324,0.336,10.13
LOC014-U01,2026-01-08T00:30:00+00:00,1.572,0.304,6.52
LOC014-U01,2026-01-08T00:45:00+00:00,2.406,0.377,9.26
LOC014-U01,2026-01-08T01:00:00+00:00,2.624,0.221,7.98
LOC014-U01,2026-01-08T01:15:00+00:00,2.528,0.294,7.9
LOC014-U01,2026-01-08T01:30:00+00:00,0.767,0.293,6.96
LOC014-U01,2026-01-08T01:45:00+00:00,2.882,0.257,10.05
LOC014-U01,2026-01-08T02:00:00+00:00,2.146,0.327,8.56
LOC014-U01,2026-01-08T02:15:00+00:00,1.145,0.32,6.71
LOC014-U01,2026-01-08T02:30:00+00:00,2.054,0.302,7.03
LOC014-U01,2026-01-08T02:45:00+00:00,2.237,0.32,10.61
LOC014-U01,2026-01-08T03:00:00+00:00,1.763,0.239,7.41
LOC014-U01,2026-01-08T03:15:00+00:00,1.615,0.295,8.62
LOC014-U01,2026-01-08T03:30:00+00:00,1.643,0.33,10.98
LOC014-U01,2026-01-08T03:45:00+00:00,2.616,0.23,11.23
LOC009-U02,2026-01-07T10:00:00+00:00,2.052,0.244,8.59
LOC009-U02,2026-01-07T10:15:00+00:00,1.557,0.352,11.42
LOC009-U02,2026-01-07T10:30:00+00:00,2.383,0.298,9.09
LOC009-U02,2026-01-07T10:45:00+00:00,2.222,0.241,11.52
LOC009-U02,2026-01-07T11:00:00+00:00,2.428,0.376,7.02
LOC009-U02,2026-01-07T11:15:00+00:00,2.808,0.373,7.9
LOC009-U02,2026-01-07T11:30:00+00:00,2.353,0.288,7.43
LOC009-U02,2026-01-07T11:45:00+00:00,2.411,0.309,7.61
LOC009-U02,2026-01-07T12:00:00+00:00,2.008,0.245,9.25
LOC009-U02,2026-01-07T12:15:00+00:00,2.753,0.267,7.47
LOC009-U02,2026-01-07T12:30:00+00:00,2.165,0.245,8.89
LOC009-U02,2026-01-07T12:45:00+00:00,2.16,0.346,10.31
LOC009-U02,2026-01-07T13:00:00+00:00,2.593,0.29,7.49
LOC009-U02,2026-01-07T13:15:00+00:00,2.336,0.355,10.1
LOC009-U02,2026-01-07T13:30:00+00:00,1.942,0.327,7.09
LOC009-U02,2026-01-07T13:45:00+00:00,2.714,0.289,8.94
LOC009-U02,2026-01-07T14:00:00+00:00,1.853,0.362,10.86
LOC009-U02,2026-01-07T14:15:00+00:00,1.797,0.222,7.39
LOC009-U02,2026-01-07T14:30:00+00:00,1.543,0.271,6.58
LOC009-U02,2026-01-07T14:45:00+00:00,1.989,0.259,10.1
LOC009-U02,2026-01-07T15:00:00+00:00,1.826,0.235,10.6
LOC009-U02,2026-01-07T15:15:00+00:00,2.234,0.348,8.69
LOC009-U02,2026-01-07T15:30:00+00:00,1.87,0.347,7.86
LOC009-U02,2026-01-07T15:45:00+00:00,2.814,0.285,11.32
LOC009-U02,2026-01-07T16:00:00+00:00,3.215,0.259,8.79
LOC009-U02,2026-01-07T16:15:00+00:00,1.606,0.23,10.07
LOC009-U02,2026-01-07T16:30:00+00:00,2.241,0.248,8.81
LOC009-U02,2026-01-07T16:45:00+00:00,1.384,0.257,7.38
LOC009-U02,2026-01-07T17:00:00+00:00,1.698,0.229,7.17
LOC009-U02,2026-01-07T17:15:00+00:00,2.707,0.271,9.57
LOC009-U02,2026-01-07T17:30:00+00:00,1.993,0.349,9.85
LOC009-U02,2026-01-07T17:45:00+00:00,2.874,0.275,11.42
LOC009-U02,2026-01-07T18:00:00+00:00,1.699,0.316,11.18
LOC009-U02,2026-01-07T18:15:00+00:00,2.37,0.232,9.2
LOC009-U02,2026-01-07T18:30:00+00:00,2.63,0.277,10.67
LOC009-U02,2026-01-07T18:45:00+00:00,2.079,0.277,9.7
LOC009-U02,2026-01-07T19:00:00+00:00,2.258,0.236,8.58
LOC009-U02,2026-01-07T19:15:00+00:00,2.546,0.257,7.11
LOC009-U02,2026-01-07T19:30:00+00:00,1.846,0.223,9.69
LOC009-U02,2026-01-07T19:45:00+00:00,2.905,0.339,10.25
LOC009-U02,2026-01-07T20:00:00+00:00,1.366,0.32,9.21
LOC009-U02,2026-01-07T20:15:00+00:00,1.518,0.229,6.94
LOC009-U02,2026-01-07T20:30:00+00:00,1.373,0.287,8.76
LOC009-U02,2026-01-07T20:45:00+00:00,2.736,0.235,7.53
LOC009-U02,2026-01-07T21:00:00+00:00,1.782,0.282,6.81
LOC009-U02,2026-01-07T21:15:00+00:00,2.574,0.339,7.17
LOC009-U02,2026-01-07T21:30:00+00:00,1.404,0.366,9.47
LOC009-U02,2026-01-07T21:45:00+00:00,1.983,0.24,7.72
LOC009-U02,2026-01-07T22:00:00+00:00,1.479,0.26,8.37
LOC009-U02,2026-01-07T22:15:00+00:00,1.972,0.249,6.83
LOC009-U02,2026-01-07T22:30:00+00:00,2.2,0.363,7.15
LOC009-U02,2026-01-07T22:45:00+00:00,2.266,0.34,9.86
LOC009-U02,2026-01-07T23:00:00+00:00,2.13,0.255,8.57
LOC009-U02,2026-01-07T23:15:00+00:00,1.618,0.228,8.62
LOC009-U02,2026-01-07T23:30:00+00:00,2.181,0.343,10.85
LOC009-U02,2026-01-07T23:45:00+00:00,2.541,0.273,9.3
LOC009-U02,2026-01-08T00:00:00+00:00,1.679,0.268,8.68
LOC009-U02,2026-01-08T00:15:00+00:00,3.156,0.35,11.51
LOC009-U02,2026-01-08T00:30:00+00:00,1.426,0.243,10.33
LOC009-U02,2026-01-08T00:45:00+00:00,2.745,0.364,9.98
LOC009-U02,2026-01-08T01:00:00+00:00,2.666,0.265,7.43
LOC009-U02,2026-01-08T01:15:00+00:00,1.9,0.245,9.9
LOC009-U02,2026-01-08T01:30:00+00:00,2.562,0.254,9.31
LOC009-U02,2026-01-08T01:45:00+00:00,2.172,0.226,7.88
LOC009-U02,2026-01-08T02:00:00+00:00,1.973,0.296,11.32
LOC009-U02,2026-01-08T02:15:00+00:00,2.022,0.297,11.55
LOC009-U02,2026-01-08T02:30:00+00:00,2.997,0.25,10.15
LOC009-U02,2026-01-08T02:45:00+00:00,2.092,0.285,8.0
LOC009-U02,2026-01-08T03:00:00+00:00,2.57,0.31,10.76
LOC009-U02,2026-01-08T03:15:00+00:00,1.8,0.344,11.07
LOC009-U02,2026-01-08T03:30:00+00:00,1.6,0.254,10.79
LOC009-U02,2026-01-08T03:45:00+00:00,2.496,0.26,9.45
LOC014-U02,2026-01-07T10:00:00+00:00,1.916,0.373,8.62
LOC014-U02,2026-01-07T10:15:00+00:00,2.714,0.37,9.58
LOC014-U02,2026-01-07T10:30:00+00:00,1.129,0.234,10.17
LOC014-U02,2026-01-07T10:45:00+00:00,2.149,0.251,10.84
LOC014-U02,2026-01-07T11:00:00+00:00,2.261,0.24,8.05
LOC014-U02,2026-01-07T11:15:00+00:00,2.922,0.24,8.77
LOC014-U02,2026-01-07T11:30:00+00:00,1.527,0.29,8.92
LOC014-U02,2026-01-07T11:45:00+00:00,2.209,0.247,8.99
LOC014-U02,2026-01-07T12:00:00+00:00,2.129,0.224,11.07
LOC014-U02,2026-01-07T12:15:00+00:00,2.519,0.29,9.85
LOC014-U02,2026-01-07T12:30:00+00:00,1.548,0.301,8.0
LOC014-U02,2026-01-07T12:45:00+00:00,0.858,0.255,9.34
LOC014-U02,2026-01-07T13:00:00+00:00,1.737,0.358,9.53
LOC014-U02,2026-01-07T13:15:00+00:00,2.645,0.265,8.96
LOC014-U02,2026-01-07T13:30:00+00:00,2.602,0.242,9.47
LOC014-U02,2026-01-07T13:45:00+00:00,1.823,0.269,11.14
LOC014-U02,2026-01-07T14:00:00+00:00,3.06,0.324,8.5
LOC014-U02,2026-01-07T14:15:00+00:00,2.7,0.368,11.73
LOC014-U02,2026-01-07T14:30:00+00:00,2.725,0.272,9.92
LOC014-U02,2026-01-07T14:45:00+00:00,2.327,0.266,10.46
LOC014-U02,2026-01-07T15:00:00+00:00,1.143,0.243,10.15
LOC014-U02,2026-01-07T15:15:00+00:00,2.075,0.263,11.16
LOC014-U02,2026-01-07T15:30:00+00:00,1.937,0.25,8.29
LOC014-U02,2026-01-07T15:45:00+00:00,2.627,0.239,10.92
LOC014-U02,2026-01-07T16:00:00+00:00,2.119,0.279,6.8
LOC014-U02,2026-01-07T16:15:00+00:00,2.216,0.27,7.32
LOC014-U02,2026-01-07T16:30:00+00:00,2.454,0.336,7.36
LOC014-U02,2026-01-07T16:45:00+00:00,2.53,0.339,11.01
LOC014-U02,2026-01-07T17:00:00+00:00,2.396,0.253,8.79
LOC014-U02,2026-01-07T17:15:00+00:00,1.802,0.283,10.25
LOC014-U02,2026-01-07T17:30:00+00:00,1.667,0.292,6.54
LOC014-U02,2026-01-07T17:45:00+00:00,1.561,0.378,9.03
LOC014-U02,2026-01-07T18:00:00+00:00,2.55,0.342,7.02
LOC014-U02,2026-01-07T18:15:00+00:00,2.53,0.282,10.28
LOC014-U02,2026-01-07T18:30:00+00:00,2.274,0.343,9.49
LOC014-U02,2026-01-07T18:45:00+00:00,2.708,0.26,10.08
LOC014-U02,2026-01-07T19:00:00+00:00,1.419,0.233,10.9
LOC014-U02,2026-01-07T19:15:00+00:00,1.839,0.323,6.92
LOC014-U02,2026-01-07T19:30:00+00:00,2.257,0.262,11.56
LOC014-U02,2026-01-07T19:45:00+00:00,1.418,0.303,6.86
LOC014-U02,2026-01-07T20:00:00+00:00,2.114,0.252,11.16
LOC014-U02,2026-01-07T20:15:00+00:00,2.452,0.325,11.41
LOC014-U02,2026-01-07T20:30:00+00:00,1.406,0.276,9.22
LOC014-U02,2026-01-07T20:45:00+00:00,1.432,0.246,7.51
LOC014-U02,2026-01-07T21:00:00+00:00,2.207,0.3,11.14
LOC014-U02,2026-01-07T21:15:00+00:00,1.857,0.277,9.79
LOC014-U02,2026-01-07T21:30:00+00:00,1.645,0.281,11.13
LOC014-U02,2026-01-07T21:45:00+00:00,1.74,0.312,8.82
LOC014-U02,2026-01-07T22:00:00+00:00,1.533,0.221,7.76
LOC014-U02,2026-01-07T22:15:00+00:00,2.26,0.357,8.05
LOC014-U02,2026-01-07T22:30:00+00:00,2.365,0.249,10.81
LOC014-U02,2026-01-07T22:45:00+00:00,1.757,0.37,11.1
LOC014-U02,2026-01-07T23:00:00+00:00,2.328,0.31,9.56
LOC014-U02,2026-01-07T23:15:00+00:00,2.394,0.289,8.57
LOC014-U02,2026-01-07T23:30:00+00:00,1.949,0.27,10.71
LOC014-U02,2026-01-07T23:45:00+00:00,3.086,0.254,9.41
LOC014-U02,2026-01-08T00:00:00+00:00,1.728,0.294,11.41
LOC014-U02,2026-01-08T00:15:00+00:00,2.196,0.281,6.93
LOC014-U02,2026-01-08T00:30:00+00:00,1.747,0.273,8.02
LOC014-U02,2026-01-08T00:45:00+00:00,0.825,0.257,9.61
LOC014-U02,2026-01-08T01:00:00+00:00,2.562,0.265,10.78
LOC014-U02,2026-01-08T01:15:00+00:00,2.121,0.356,9.35
LOC014-U02,2026-01-08T01:30:00+00:00,2.466,0.247,7.83
LOC014-U02,2026-01-08T01:45:00+00:00,2.098,0.339,8.79
LOC014-U02,2026-01-08T02:00:00+00:00,1.721,0.292,6.71
LOC014-U02,2026-01-08T02:15:00+00:00,1.937,0.284,9.67
LOC014-U02,2026-01-08T02:30:00+00:00,1.948,0.236,10.23
LOC014-U02,2026-01-08T02:45:00+00:00,1.494,0.276,7.3
LOC014-U02,2026-01-08T03:00:00+00:00,2.226,0.367,10.01
LOC014-U02,2026-01-08T03:15:00+00:00,1.738,0.333,9.02
LOC014-U02,2026-01-08T03:30:00+00:00,2.827,0.305,7.51
LOC014-U02,2026-01-08T03:45:00+00:00,1.793,0.233,8.56
LOC022-U02,2026-01-07T10:00:00+00:00,2.679,0.328,8.16
LOC022-U02,2026-01-07T10:15:00+00:00,2.356,0.276,9.65
LOC022-U02,2026-01-07T10:30:00+00:00,2.481,0.318,11.31
LOC022-U02,2026-01-07T10:45:00+00:00,1.848,0.262,10.45
LOC022-U02,2026-01-07T11:00:00+00:00,1.96,0.363,10.62
LOC022-U02,2026-01-07T11:15:00+00:00,1.867,0.313,10.72
LOC022-U02,2026-01-07T11:30:00+00:00,2.686,0.282,10.8
LOC022-U02,2026-01-07T11:45:00+00:00,2.158,0.282,7.8
LOC022-U02,2026-01-07T12:00:00+00:00,2.712,0.248,8.47
LOC022-U02,2026-01-07T12:15:00+00:00,1.656,0.291,8.74
LOC022-U02,2026-01-07T12:30:00+00:00,2.116,0.245,9.72
LOC022-U02,2026-01-07T12:45:00+00:00,2.735,0.298,10.04
LOC022-U02,2026-01-07T13:00:00+00:00,2.04,0.273,11.17
LOC022-U02,2026-01-07T13:15:00+00:00,2.787,0.287,10.2
LOC022-U02,2026-01-07T13:30:00+00:00,1.519,0.321,10.7
LOC022-U02,2026-01-07T13:45:00+00:00,1.757,0.305,6.76
LOC022-U02,2026-01-07T14:00:00+00:00,2.096,0.315,9.12
LOC022-U02,2026-01-07T14:15:00+00:00,2.166,0.365,8.98
LOC022-U02,2026-01-07T14:30:00+00:00,3.122,0.258,10.04
LOC022-U02,2026-01-07T14:45:00+00:00,2.197,0.24,7.19
LOC022-U02,2026-01-07T15:00:00+00:00,2.264,0.284,9.57
LOC022-U02,2026-01-07T15:15:00+00:00,1.77,0.228,9.77
LOC022-U02,2026-01-07T15:30:00+00:00,1.557,0.27,10.94
LOC022-U02,2026-01-07T15:45:00+00:00,2.648,0.371,11.2
LOC022-U02,2026-01-07T16:00:00+00:00,2.395,0.222,11.35
LOC022-U02,2026-01-07T16:15:00+00:00,2.33,0.285,8.63
LOC022-U02,2026-01-07T16:30:00+00:00,2.31,0.322,10.46
LOC022-U02,2026-01-07T16:45:00+00:00,1.392,0.367,10.72
LOC022-U02,2026-01-07T17:00:00+00:00,1.574,0.286,9.44
LOC022-U02,2026-01-07T17:15:00+00:00,2.003,0.332,8.34
LOC022-U02,2026-01-07T17:30:00+00:00,1.169,0.326,8.86
LOC022-U02,2026-01-07T17:45:00+00:00,2.278,0.231,8.49
LOC022-U02,2026-01-07T18:00:00+00:00,2.182,0.264,8.67
LOC022-U02,2026-01-07T18:15:00+00:00,2.086,0.308,8.95
LOC022-U02,2026-01-07T18:30:00+00:00,2.356,0.329,8.2
LOC022-U02,2026-01-07T18:45:00+00:00,2.299,0.333,10.9
LOC022-U02,2026-01-07T19:00:00+00:00,2.36,0.259,7.61
LOC022-U02,2026-01-07T19:15:00+00:00,2.046,0.268,6.59
LOC022-U02,2026-01-07T19:30:00+00:00,2.255,0.343,8.48
LOC022-U02,2026-01-07T19:45:00+00:00,2.686,0.233,7.92
LOC022-U02,2026-01-07T20:00:00+00:00,1.568,0.373,9.96
LOC022-U02,2026-01-07T20:15:00+00:00,2.706,0.368,11.84
LOC022-U02,2026-01-07T20:30:00+00:00,1.805,0.379,8.56
LOC022-U02,2026-01-07T20:45:00+00:00,2.923,0.23,10.28
LOC022-U02,2026-01-07T21:00:00+00:00,1.528,0.245,7.29
LOC022-U02,2026-01-07T21:15:00+00:00,2.69,0.288,7.79
LOC022-U02,2026-01-07T21:30:00+00:00,1.453,0.253,10.34
LOC022-U02,2026-01-07T21:45:00+00:00,2.29,0.296,8.68
LOC022-U02,2026-01-07T22:00:00+00:00,2.647,0.344,9.65
LOC022-U02,2026-01-07T22:15:00+00:00,2.914,0.264,10.52
LOC022-U02,2026-01-07T22:30:00+00:00,1.735,0.347,10.01
LOC022-U02,2026-01-07T22:45:00+00:00,2.736,0.373,8.47
LOC022-U02,2026-01-07T23:00:00+00:00,2.141,0.254,10.67
LOC022-U02,2026-01-07T23:15:00+00:00,2.694,0.284,10.59
LOC022-U02,2026-01-07T23:30:00+00:00,1.343,0.275,8.79
LOC022-U02,2026-01-07T23:45:00+00:00,2.416,0.316,11.58
LOC022-U02,2026-01-08T00:00:00+00:00,2.367,0.355,10.45
LOC022-U02,2026-01-08T00:15:00+00:00,1.911,0.269,9.23
LOC022-U02,2026-01-08T00:30:00+00:00,1.462,0.316,6.97
LOC022-U02,2026-01-08T00:45:00+00:00,1.991,0.293,8.2
LOC022-U02,2026-01-08T01:00:00+00:00,1.72,0.254,7.64
LOC022-U02,2026-01-08T01:15:00+00:00,1.633,0.373,9.83
LOC022-U02,2026-01-08T01:30:00+00:00,2.51,0.278,10.78
LOC022-U02,2026-01-08T01:45:00+00:00,2.367,0.221,10.78
LOC022-U02,2026-01-08T02:00:00+00:00,2.472,0.278,7.26
LOC022-U02,2026-01-08T02:15:00+00:00,2.418,0.369,10.59
LOC022-U02,2026-01-08T02:30:00+00:00,2.971,0.227,10.68
LOC022-U02,2026-01-08T02:45:00+00:00,1.851,0.228,6.9
LOC022-U02,2026-01-08T03:00:00+00:00,1.955,0.302,7.71
LOC022-U02,2026-01-08T03:15:00+00:00,2.431,0.371,9.47
LOC022-U02,2026-01-08T03:30:00+00:00,2.967,0.32,7.2
LOC022-U02,2026-01-08T03:45:00+00:00,2.029,0.38,8.69
LOC030-U01,2026-01-08T10:00:00+00:00,1.97,0.334,10.63
LOC030-U01,2026-01-08T10:15:00+00:00,2.745,0.288,10.43
LOC030-U01,2026-01-08T10:30:00+00:00,2.414,0.29,9.93
LOC030-U01,2026-01-08T10:45:00+00:00,3.056,0.374,8.76
LOC030-U01,2026-01-08T11:00:00+00:00,2.002,0.345,8.05
LOC030-U01,2026-01-08T11:15:00+00:00,2.046,0.38,11.35
LOC030-U01,2026-01-08T11:30:00+00:00,2.514,0.24,10.24
LOC030-U01,2026-01-08T11:45:00+00:00,1.868,0.336,10.03
LOC030-U01,2026-01-08T12:00:00+00:00,2.095,0.371,9.73
LOC030-U01,2026-01-08T12:15:00+00:00,2.116,0.295,10.94
LOC030-U01,2026-01-08T12:30:00+00:00,2.113,0.327,11.22
LOC030-U01,2026-01-08T12:45:00+00:00,3.186,0.312,11.22
LOC030-U01,2026-01-08T13:00:00+00:00,2.289,0.364,7.04
LOC030-U01,2026-01-08T13:15:00+00:00,2.18,0.26,8.44
LOC030-U01,2026-01-08T13:30:00+00:00,2.746,0.312,11.43
LOC030-U01,2026-01-08T13:45:00+00:00,1.857,0.231,7.47
LOC030-U01,2026-01-08T14:00:00+00:00,1.742,0.273,9.9
LOC030-U01,2026-01-08T14:15:00+00:00,1.986,0.361,8.35
LOC030-U01,2026-01-08T14:30:00+00:00,2.328,0.276,9.63
LOC030-U01,2026-01-08T14:45:00+00:00,2.349,0.267,10.79
LOC030-U01,2026-01-08T15:00:00+00:00,2.145,0.259,8.94
LOC030-U01,2026-01-08T15:15:00+00:00,0.867,0.235,9.44
LOC030-U01,2026-01-08T15:30:00+00:00,2.583,0.378,7.02
LOC030-U01,2026-01-08T15:45:00+00:00,1.946,0.36,11.01
LOC030-U01,2026-01-08T16:00:00+00:00,2.202,0.36,8.61
LOC030-U01,2026-01-08T16:15:00+00:00,2.047,0.324,9.23
LOC030-U01,2026-01-08T16:30:00+00:00,2.325,0.275,8.85
LOC030-U01,2026-01-08T16:45:00+00:00,1.789,0.296,7.75
LOC030-U01,2026-01-08T17:00:00+00:00,1.592,0.232,7.64
LOC030-U01,2026-01-08T17:15:00+00:00,2.206,0.286,7.51
LOC030-U01,2026-01-08T17:30:00+00:00,2.515,0.234,7.95
LOC030-U01,2026-01-08T17:45:00+00:00,2.775,0.269,7.9
LOC030-U01,2026-01-08T18:00:00+00:00,1.921,0.227,10.8
LOC030-U01,2026-01-08T18:15:00+00:00,1.892,0.286,8.68
LOC030-U01,2026-01-08T18:30:00+00:00,1.834,0.324,6.77
LOC030-U01,2026-01-08T18:45:00+00:00,2.506,0.225,11.15
LOC030-U01,2026-01-08T19:00:00+00:00,2.196,0.303,10.23
LOC030-U01,2026-01-08T19:15:00+00:00,1.608,0.247,9.54
LOC030-U01,2026-01-08T19:30:00+00:00,2.534,0.357,11.52
LOC030-U01,2026-01-08T19:45:00+00:00,1.883,0.334,10.53
LOC030-U01,2026-01-08T20:00:00+00:00,2.855,0.231,9.88
LOC030-U01,2026-01-08T20:15:00+00:00,1.779,0.36,9.85
LOC030-U01,2026-01-08T20:30:00+00:00,2.646,0.327,9.84
LOC030-U01,2026-01-08T20:45:00+00:00,2.451,0.282,7.91
LOC030-U01,2026-01-08T21:00:00+00:00,3.054,0.257,11.38
LOC030-U01,2026-01-08T21:15:00+00:00,1.173,0.318,7.34
LOC030-U01,2026-01-08T21:30:00+00:00,2.045,0.3,6.85
LOC030-U01,2026-01-08T21:45:00+00:00,1.546,0.36,7.77
LOC030-U01,2026-01-08T22:00:00+00:00,2.747,0.278,8.5
LOC030-U01,2026-01-08T22:15:00+00:00,2.566,0.23,8.99
LOC030-U01,2026-01-08T22:30:00+00:00,2.805,0.367,11.02
LOC030-U01,2026-01-08T22:45:00+00:00,1.205,0.274,6.57
LOC030-U01,2026-01-08T23:00:00+00:00,2.884,0.365,11.11
LOC030-U01,2026-01-08T23:15:00+00:00,2.603,0.247,11.02
LOC030-U01,2026-01-08T23:30:00+00:00,3.904,0.226,7.23
LOC030-U01,2026-01-08T23:45:00+00:00,2.709,0.293,7.0
LOC030-U01,2026-01-09T00:00:00+00:00,1.99,0.248,9.66
LOC030-U01,2026-01-09T00:15:00+00:00,2.732,0.36,9.2
LOC030-U01,2026-01-09T00:30:00+00:00,2.244,0.324,10.01
LOC030-U01,2026-01-09T00:45:00+00:00,1.528,0.371,7.52
LOC030-U01,2026-01-09T01:00:00+00:00,2.109,0.308,7.09
LOC030-U01,2026-01-09T01:15:00+00:00,2.356,0.311,9.65
LOC030-U01,2026-01-09T01:30:00+00:00,1.713,0.268,6.94
LOC030-U01,2026-01-09T01:45:00+00:00,2.031,0.287,7.89
LOC030-U01,2026-01-09T02:00:00+00:00,1.629,0.288,10.96
LOC030-U01,2026-01-09T02:15:00+00:00,1.636,0.29,9.29
LOC030-U01,2026-01-09T02:30:00+00:00,2.385,0.31,9.95
LOC030-U01,2026-01-09T02:45:00+00:00,2.905,0.26,11.26
LOC030-U01,2026-01-09T03:00:00+00:00,1.474,0.225,10.9
LOC030-U01,2026-01-09T03:15:00+00:00,1.745,0.308,8.7
LOC030-U01,2026-01-09T03:30:00+00:00,2.257,0.287,8.13
LOC030-U01,2026-01-09T03:45:00+00:00,2.87,0.231,10.08
LOC028-U01,2026-01-08T10:00:00+00:00,2.66,0.232,11.58
LOC028-U01,2026-01-08T10:15:00+00:00,2.064,0.233,10.5
LOC028-U01,2026-01-08T10:30:00+00:00,2.52,0.296,11.22
LOC028-U01,2026-01-08T10:45:00+00:00,2.316,0.238,11.04
LOC028-U01,2026-01-08T11:00:00+00:00,2.099,0.365,9.3
LOC028-U01,2026-01-08T11:15:00+00:00,2.019,0.229,10.92
LOC028-U01,2026-01-08T11:30:00+00:00,2.345,0.358,9.58
LOC028-U01,2026-01-08T11:45:00+00:00,1.914,0.339,9.14
LOC028-U01,2026-01-08T12:00:00+00:00,1.814,0.329,9.06
LOC028-U01,2026-01-08T12:15:00+00:00,1.188,0.263,9.41
LOC028-U01,2026-01-08T12:30:00+00:00,1.336,0.293,7.07
LOC028-U01,2026-01-08T12:45:00+00:00,2.077,0.334,8.91
LOC028-U01,2026-01-08T13:00:00+00:00,1.918,0.38,9.93
LOC028-U01,2026-01-08T13:15:00+00:00,2.509,0.334,7.68
LOC028-U01,2026-01-08T13:30:00+00:00,2.872,0.315,7.6
LOC028-U01,2026-01-08T13:45:00+00:00,2.021,0.297,10.35
LOC028-U01,2026-01-08T14:00:00+00:00,1.854,0.247,8.78
LOC028-U01,2026-01-08T14:15:00+00:00,2.241,0.376,11.78
LOC028-U01,2026-01-08T14:30:00+00:00,1.876,0.324,7.86
LOC028-U01,2026-01-08T14:45:00+00:00,1.864,0.336,10.31
LOC028-U01,2026-01-08T15:00:00+00:00,1.649,0.231,11.07
LOC028-U01,2026-01-08T15:15:00+00:00,2.575,0.28,6.93
LOC028-U01,2026-01-08T15:30:00+00:00,2.01,0.321,7.4
LOC028-U01,2026-01-08T15:45:00+00:00,2.691,0.356,9.71
LOC028-U01,2026-01-08T16:00:00+00:00,2.139,0.362,11.32
LOC028-U01,2026-01-08T16:15:00+00:00,1.647,0.298,11.27
LOC028-U01,2026-01-08T16:30:00+00:00,1.883,0.334,7.23
LOC028-U01,2026-01-08T16:45:00+00:00,2.237,0.224,8.06
LOC028-U01,2026-01-08T17:00:00+00:00,2.404,0.284,9.81
LOC028-U01,2026-01-08T17:15:00+00:00,2.26,0.232,6.59
LOC028-U01,2026-01-08T17:30:00+00:00,2.572,0.361,9.36
LOC028-U01,2026-01-08T17:45:00+00:00,2.088,0.338,9.23
LOC028-U01,2026-01-08T18:00:00+00:00,1.936,0.321,8.56
LOC028-U01,2026-01-08T18:15:00+00:00,2.35,0.301,11.33
LOC028-U01,2026-01-08T18:30:00+00:00,2.686,0.277,7.5
LOC028-U01,2026-01-08T18:45:00+00:00,1.918,0.326,9.79
LOC028-U01,2026-01-08T19:00:00+00:00,1.961,0.299,9.2
LOC028-U01,2026-01-08T19:15:00+00:00,1.854,0.314,6.97
LOC028-U01,2026-01-08T19:30:00+00:00,1.861,0.349,9.21
LOC028-U01,2026-01-08T19:45:00+00:00,1.666,0.317,11.36
LOC028-U01,2026-01-08T20:00:00+00:00,2.364,0.285,8.66
LOC028-U01,2026-01-08T20:15:00+00:00,1.976,0.285,10.1
LOC028-U01,2026-01-08T20:30:00+00:00,2.258,0.364,9.74
LOC028-U01,2026-01-08T20:45:00+00:00,2.41,0.228,9.49
LOC028-U01,2026-01-08T21:00:00+00:00,1.841,0.3,8.56
LOC028-U01,2026-01-08T21:15:00+00:00,2.171,0.336,11.25
LOC028-U01,2026-01-08T21:30:00+00:00,2.041,0.226,11.09
LOC028-U01,2026-01-08T21:45:00+00:00,2.007,0.328,8.51
LOC028-U01,2026-01-08T22:00:00+00:00,1.904,0.321,9.34
LOC028-U01,2026-01-08T22:15:00+00:00,1.422,0.357,11.23
LOC028-U01,2026-01-08T22:30:00+00:00,1.569,0.279,7.04
LOC028-U01,2026-01-08T22:45:00+00:00,1.114,0.272,6.72
LOC028-U01,2026-01-08T23:00:00+00:00,2.931,0.36,11.09
LOC028-U01,2026-01-08T23:15:00+00:00,1.633,0.273,10.76
LOC028-U01,2026-01-08T23:30:00+00:00,2.611,0.372,8.66
LOC028-U01,2026-01-08T23:45:00+00:00,2.13,0.25,11.03
LOC028-U01,2026-01-09T00:00:00+00:00,1.341,0.349,8.43
LOC028-U01,2026-01-09T00:15:00+00:00,2.444,0.266,10.4
LOC028-U01,2026-01-09T00:30:00+00:00,2.813,0.267,9.94
LOC028-U01,2026-01-09T00:45:00+00:00,1.856,0.283,8.59
LOC028-U01,2026-01-09T01:00:00+00:00,1.834,0.346,10.35
LOC028-U01,2026-01-09T01:15:00+00:00,2.644,0.294,11.15
LOC028-U01,2026-01-09T01:30:00+00:00,2.341,0.228,7.96
LOC028-U01,2026-01-09T01:45:00+00:00,1.924,0.27,10.18
LOC028-U01,2026-01-09T02:00:00+00:00,1.445,0.376,11.21
LOC028-U01,2026-01-09T02:15:00+00:00,2.443,0.29,11.06
LOC028-U01,2026-01-09T02:30:00+00:00,2.037,0.256,9.08
LOC028-U01,2026-01-09T02:45:00+00:00,1.45,0.34,10.5
LOC028-U01,2026-01-09T03:00:00+00:00,2.386,0.221,9.87
LOC028-U01,2026-01-09T03:15:00+00:00,2.542,0.271,7.24
LOC028-U01,2026-01-09T03:30:00+00:00,2.523,0.312,11.53
LOC028-U01,2026-01-09T03:45:00+00:00,1.95,0.32,8.3
LOC022-U01,2026-01-08T10:00:00+00:00,1.822,0.375,10.21
LOC022-U01,2026-01-08T10:15:00+00:00,2.041,0.339,9.2
LOC022-U01,2026-01-08T10:30:00+00:00,2.402,0.308,11.07
LOC022-U01,2026-01-08T10:45:00+00:00,2.516,0.25,8.94
LOC022-U01,2026-01-08T11:00:00+00:00,2.098,0.272,8.69
LOC022-U01,2026-01-08T11:15:00+00:00,2.273,0.268,8.39
LOC022-U01,2026-01-08T11:30:00+00:00,1.913,0.331,10.62
LOC022-U01,2026-01-08T11:45:00+00:00,1.429,0.269,9.87
LOC022-U01,2026-01-08T12:00:00+00:00,2.08,0.358,10.96
LOC022-U01,2026-01-08T12:15:00+00:00,3.007,0.227,9.91
LOC022-U01,2026-01-08T12:30:00+00:00,2.106,0.298,9.11
LOC022-U01,2026-01-08T12:45:00+00:00,1.262,0.368,7.3
LOC022-U01,2026-01-08T13:00:00+00:00,1.865,0.287,10.45
LOC022-U01,2026-01-08T13:15:00+00:00,2.614,0.297,9.37
LOC022-U01,2026-01-08T13:30:00+00:00,2.157,0.314,7.1
LOC022-U01,2026-01-08T13:45:00+00:00,1.565,0.319,10.66
LOC022-U01,2026-01-08T14:00:00+00:00,1.853,0.346,9.5
LOC022-U01,2026-01-08T14:15:00+00:00,1.538,0.336,7.79
LOC022-U01,2026-01-08T14:30:00+00:00,2.212,0.374,11.16
LOC022-U01,2026-01-08T14:45:00+00:00,2.175,0.38,10.72
LOC022-U01,2026-01-08T15:00:00+00:00,1.388,0.339,8.05
LOC022-U01,2026-01-08T15:15:00+00:00,2.144,0.222,6.48
LOC022-U01,2026-01-08T15:30:00+00:00,2.661,0.25,10.14
LOC022-U01,2026-01-08T15:45:00+00:00,1.41,0.319,8.34
LOC022-U01,2026-01-08T16:00:00+00:00,1.344,0.246,8.4
LOC022-U01,2026-01-08T16:15:00+00:00,1.967,0.349,8.41
LOC022-U01,2026-01-08T16:30:00+00:00,2.675,0.305,9.46
LOC022-U01,2026-01-08T16:45:00+00:00,1.346,0.291,7.81
LOC022-U01,2026-01-08T17:00:00+00:00,1.638,0.326,9.7
LOC022-U01,2026-01-08T17:15:00+00:00,2.283,0.352,10.5
LOC022-U01,2026-01-08T17:30:00+00:00,1.617,0.333,9.29
LOC022-U01,2026-01-08T17:45:00+00:00,1.551,0.27,10.75
LOC022-U01,2026-01-08T18:00:00+00:00,2.365,0.378,9.15
LOC022-U01,2026-01-08T18:15:00+00:00,2.555,0.292,9.68
LOC022-U01,2026-01-08T18:30:00+00:00,2.771,0.357,7.92
LOC022-U01,2026-01-08T18:45:00+00:00,2.252,0.284,10.06
LOC022-U01,2026-01-08T19:00:00+00:00,1.716,0.359,9.11
LOC022-U01,2026-01-08T19:15:00+00:00,2.63,0.312,8.17
LOC022-U01,2026-01-08T19:30:00+00:00,2.022,0.258,8.54
LOC022-U01,2026-01-08T19:45:00+00:00,2.338,0.312,8.59
LOC022-U01,2026-01-08T20:00:00+00:00,2.335,0.375,6.91
LOC022-U01,2026-01-08T20:15:00+00:00,2.265,0.292,9.92
LOC022-U01,2026-01-08T20:30:00+00:00,2.447,0.336,6.89
LOC022-U01,2026-01-08T20:45:00+00:00,1.923,0.222,11.05
LOC022-U01,2026-01-08T21:00:00+00:00,1.621,0.267,7.37
LOC022-U01,2026-01-08T21:15:00+00:00,1.974,0.301,11.55
LOC022-U01,2026-01-08T21:30:00+00:00,1.278,0.312,9.63
LOC022-U01,2026-01-08T21:45:00+00:00,1.369,0.232,7.51
LOC022-U01,2026-01-08T22:00:00+00:00,2.325,0.291,7.35
LOC022-U01,2026-01-08T22:15:00+00:00,1.148,0.313,6.96
LOC022-U01,2026-01-08T22:30:00+00:00,2.273,0.262,10.37
LOC022-U01,2026-01-08T22:45:00+00:00,2.41,0.224,7.47
LOC022-U01,2026-01-08T23:00:00+00:00,2.578,0.327,7.54
LOC022-U01,2026-01-08T23:15:00+00:00,2.714,0.224,11.15
LOC022-U01,2026-01-08T23:30:00+00:00,2.126,0.269,10.81
LOC022-U01,2026-01-08T23:45:00+00:00,2.339,0.297,6.91
LOC022-U01,2026-01-09T00:00:00+00:00,2.015,0.376,9.59
LOC022-U01,2026-01-09T00:15:00+00:00,1.572,0.301,6.73
LOC022-U01,2026-01-09T00:30:00+00:00,2.09,0.318,11.61
LOC022-U01,2026-01-09T00:45:00+00:00,2.281,0.276,6.73
LOC022-U01,2026-01-09T01:00:00+00:00,1.854,0.37,7.34
LOC022-U01,2026-01-09T01:15:00+00:00,2.879,0.315,9.83
LOC022-U01,2026-01-09T01:30:00+00:00,1.254,0.379,7.33
LOC022-U01,2026-01-09T01:45:00+00:00,3.131,0.36,10.45
LOC022-U01,2026-01-09T02:00:00+00:00,2.155,0.362,10.12
LOC022-U01,2026-01-09T02:15:00+00:00,2.016,0.343,10.21
LOC022-U01,2026-01-09T02:30:00+00:00,1.814,0.26,10.85
LOC022-U01,2026-01-09T02:45:00+00:00,2.003,0.348,7.54
LOC022-U01,2026-01-09T03:00:00+00:00,2.0,0.375,8.68
LOC022-U01,2026-01-09T03:15:00+00:00,1.369,0.227,7.93
LOC022-U01,2026-01-09T03:30:00+00:00,1.718,0.243,11.36
LOC022-U01,2026-01-09T03:45:00+00:00,2.512,0.312,9.08
LOC034-U01,2026-01-08T10:00:00+00:00,1.788,0.276,8.12
LOC034-U01,2026-01-08T10:15:00+00:00,2.089,0.36,7.83
LOC034-U01,2026-01-08T10:30:00+00:00,1.031,0.293,11.03
LOC034-U01,2026-01-08T10:45:00+00:00,1.733,0.313,8.69
LOC034-U01,2026-01-08T11:00:00+00:00,2.468,0.244,7.23
LOC034-U01,2026-01-08T11:15:00+00:00,1.666,0.31,10.69
LOC034-U01,2026-01-08T11:30:00+00:00,1.592,0.239,10.22
LOC034-U01,2026-01-08T11:45:00+00:00,2.43,0.308,10.28
LOC034-U01,2026-01-08T12:00:00+00:00,1.482,0.222,11.23
LOC034-U01,2026-01-08T12:15:00+00:00,2.494,0.319,8.84
LOC034-U01,2026-01-08T12:30:00+00:00,2.226,0.323,6.78
LOC034-U01,2026-01-08T12:45:00+00:00,1.711,0.269,11.19
LOC034-U01,2026-01-08T13:00:00+00:00,2.475,0.257,7.37
LOC034-U01,2026-01-08T13:15:00+00:00,1.363,0.332,9.76
LOC034-U01,2026-01-08T13:30:00+00:00,2.094,0.278,10.62
LOC034-U01,2026-01-08T13:45:00+00:00,0.925,0.3,6.7
LOC034-U01,2026-01-08T14:00:00+00:00,1.598,0.259,6.95
LOC034-U01,2026-01-08T14:15:00+00:00,3.197,0.348,9.31
LOC034-U01,2026-01-08T14:30:00+00:00,2.885,0.233,9.72
LOC034-U01,2026-01-08T14:45:00+00:00,2.079,0.283,8.83
LOC034-U01,2026-01-08T15:00:00+00:00,1.562,0.221,9.3
LOC034-U01,2026-01-08T15:15:00+00:00,1.484,0.369,8.14
LOC034-U01,2026-01-08T15:30:00+00:00,2.284,0.344,10.45
LOC034-U01,2026-01-08T15:45:00+00:00,2.257,0.29,11.35
LOC034-U01,2026-01-08T16:00:00+00:00,2.531,0.288,9.46
LOC034-U01,2026-01-08T16:15:00+00:00,1.856,0.307,7.12
LOC034-U01,2026-01-08T16:30:00+00:00,2.799,0.236,7.88
LOC034-U01,2026-01-08T16:45:00+00:00,2.086,0.307,7.66
LOC034-U01,2026-01-08T17:00:00+00:00,2.205,0.322,11.45
LOC034-U01,2026-01-08T17:15:00+00:00,2.358,0.36,7.17
LOC034-U01,2026-01-08T17:30:00+00:00,2.26,0.303,11.58
LOC034-U01,2026-01-08T17:45:00+00:00,2.439,0.235,9.75
LOC034-U01,2026-01-08T18:00:00+00:00,2.462,0.357,11.59
LOC034-U01,2026-01-08T18:15:00+00:00,1.891,0.271,8.48
LOC034-U01,2026-01-08T18:30:00+00:00,1.662,0.31,9.47
LOC034-U01,2026-01-08T18:45:00+00:00,2.535,0.231,7.16
LOC034-U01,2026-01-08T19:00:00+00:00,1.534,0.355,10.61
LOC034-U01,2026-01-08T19:15:00+00:00,3.238,0.23,9.23
LOC034-U01,2026-01-08T19:30:00+00:00,2.543,0.299,7.91
LOC034-U01,2026-01-08T19:45:00+00:00,2.381,0.304,9.17
LOC034-U01,2026-01-08T20:00:00+00:00,1.969,0.355,9.63
LOC034-U01,2026-01-08T20:15:00+00:00,2.174,0.238,7.85
LOC034-U01,2026-01-08T20:30:00+00:00,1.38,0.295,10.83
LOC034-U01,2026-01-08T20:45:00+00:00,2.827,0.239,10.58
LOC034-U01,2026-01-08T21:00:00+00:00,3.281,0.268,9.8
LOC034-U01,2026-01-08T21:15:00+00:00,1.446,0.337,9.88
LOC034-U01,2026-01-08T21:30:00+00:00,1.206,0.346,8.14
LOC034-U01,2026-01-08T21:45:00+00:00,1.814,0.344,10.08
LOC034-U01,2026-01-08T22:00:00+00:00,2.362,0.238,8.46
LOC034-U01,2026-01-08T22:15:00+00:00,1.87,0.323,9.1
LOC034-U01,2026-01-08T22:30:00+00:00,0.98,0.374,7.22
LOC034-U01,2026-01-08T22:45:00+00:00,2.705,0.369,10.67
LOC034-U01,2026-01-08T23:00:00+00:00,2.76,0.322,11.2
LOC034-U01,2026-01-08T23:15:00+00:00,2.562,0.377,8.6
LOC034-U01,2026-01-08T23:30:00+00:00,1.848,0.233,11.36
LOC034-U01,2026-01-08T23:45:00+00:00,1.186,0.244,7.41
LOC034-U01,2026-01-09T00:00:00+00:00,1.782,0.297,8.25
LOC034-U01,2026-01-09T00:15:00+00:00,3.746,0.313,11.31
LOC034-U01,2026-01-09T00:30:00+00:00,2.183,0.223,6.88
LOC034-U01,2026-01-09T00:45:00+00:00,1.486,0.364,11.05
LOC034-U01,2026-01-09T01:00:00+00:00,1.368,0.238,11.17
LOC034-U01,2026-01-09T01:15:00+00:00,2.119,0.248,8.19
LOC034-U01,2026-01-09T01:30:00+00:00,2.602,0.287,9.75
LOC034-U01,2026-01-09T01:45:00+00:00,2.753,0.228,7.25
LOC034-U01,2026-01-09T02:00:00+00:00,2.753,0.344,7.41
LOC034-U01,2026-01-09T02:15:00+00:00,2.07,0.324,6.92
LOC034-U01,2026-01-09T02:30:00+00:00,2.449,0.372,10.6
LOC034-U01,2026-01-09T02:45:00+00:00,1.874,0.378,9.89
LOC034-U01,2026-01-09T03:00:00+00:00,2.376,0.36,11.13
LOC034-U01,2026-01-09T03:15:00+00:00,2.2,0.369,8.66
LOC034-U01,2026-01-09T03:30:00+00:00,1.921,0.26,10.93
LOC034-U01,2026-01-09T03:45:00+00:00,2.117,0.235,6.52
LOC003-U01,2026-01-08T10:00:00+00:00,2.051,0.238,10.99
LOC003-U01,2026-01-08T10:15:00+00:00,2.137,0.286,7.77
LOC003-U01,2026-01-08T10:30:00+00:00,2.067,0.335,10.69
LOC003-U01,2026-01-08T10:45:00+00:00,1.781,0.322,6.74
LOC003-U01,2026-01-08T11:00:00+00:00,2.155,0.291,7.65
LOC003-U01,2026-01-08T11:15:00+00:00,2.492,0.293,7.1
LOC003-U01,2026-01-08T11:30:00+00:00,1.847,0.264,11.08
LOC003-U01,2026-01-08T11:45:00+00:00,2.033,0.231,8.68
LOC003-U01,2026-01-08T12:00:00+00:00,1.921,0.304,9.71
LOC003-U01,2026-01-08T12:15:00+00:00,1.434,0.232,6.97
LOC003-U01,2026-01-08T12:30:00+00:00,2.017,0.267,9.31
LOC003-U01,2026-01-08T12:45:00+00:00,2.072,0.226,11.09
LOC003-U01,2026-01-08T13:00:00+00:00,1.711,0.3,10.91
LOC003-U01,2026-01-08T13:15:00+00:00,2.41,0.269,9.65
LOC003-U01,2026-01-08T13:30:00+00:00,2.238,0.283,10.88
LOC003-U01,2026-01-08T13:45:00+00:00,2.28,0.255,9.48
LOC003-U01,2026-01-08T14:00:00+00:00,2.508,0.291,6.95
LOC003-U01,2026-01-08T14:15:00+00:00,1.483,0.277,9.11
LOC003-U01,2026-01-08T14:30:00+00:00,1.906,0.232,10.97
LOC003-U01,2026-01-08T14:45:00+00:00,1.389,0.253,8.93
LOC003-U01,2026-01-08T15:00:00+00:00,2.855,0.353,11.24
LOC003-U01,2026-01-08T15:15:00+00:00,2.888,0.293,8.62
LOC003-U01,2026-01-08T15:30:00+00:00,1.751,0.292,9.5
LOC003-U01,2026-01-08T15:45:00+00:00,1.629,0.322,7.04
LOC003-U01,2026-01-08T16:00:00+00:00,2.506,0.33,9.52
LOC003-U01,2026-01-08T16:15:00+00:00,2.342,0.361,11.65
LOC003-U01,2026-01-08T16:30:00+00:00,1.536,0.326,7.9
LOC003-U01,2026-01-08T16:45:00+00:00,1.608,0.249,6.66
LOC003-U01,2026-01-08T17:00:00+00:00,2.57,0.289,7.79
LOC003-U01,2026-01-08T17:15:00+00:00,2.276,0.281,10.34
LOC003-U01,2026-01-08T17:30:00+00:00,2.192,0.356,11.02
LOC003-U01,2026-01-08T17:45:00+00:00,2.149,0.275,9.95
LOC003-U01,2026-01-08T18:00:00+00:00,2.003,0.323,10.87
LOC003-U01,2026-01-08T18:15:00+00:00,1.993,0.362,7.08
LOC003-U01,2026-01-08T18:30:00+00:00,2.874,0.359,7.86
LOC003-U01,2026-01-08T18:45:00+00:00,1.411,0.328,9.44
LOC003-U01,2026-01-08T19:00:00+00:00,1.302,0.369,10.84
LOC003-U01,2026-01-08T19:15:00+00:00,1.877,0.349,7.57
LOC003-U01,2026-01-08T19:30:00+00:00,0.776,0.374,10.64
LOC003-U01,2026-01-08T19:45:00+00:00,2.577,0.258,8.29
LOC003-U01,2026-01-08T20:00:00+00:00,2.042,0.325,8.76
LOC003-U01,2026-01-08T20:15:00+00:00,2.715,0.371,9.97
LOC003-U01,2026-01-08T20:30:00+00:00,1.267,0.261,10.35
LOC003-U01,2026-01-08T20:45:00+00:00,1.306,0.24,8.39
LOC003-U01,2026-01-08T21:00:00+00:00,1.666,0.313,7.57
LOC003-U01,2026-01-08T21:15:00+00:00,2.159,0.365,9.62
LOC003-U01,2026-01-08T21:30:00+00:00,2.334,0.227,10.03
LOC003-U01,2026-01-08T21:45:00+00:00,1.702,0.259,9.75
LOC003-U01,2026-01-08T22:00:00+00:00,2.436,0.335,7.01
LOC003-U01,2026-01-08T22:15:00+00:00,1.902,0.234,7.99
LOC003-U01,2026-01-08T22:30:00+00:00,2.149,0.337,8.18
LOC003-U01,2026-01-08T22:45:00+00:00,1.807,0.304,10.58
LOC003-U01,2026-01-08T23:00:00+00:00,0.867,0.268,10.78
LOC003-U01,2026-01-08T23:15:00+00:00,2.158,0.283,10.97
LOC003-U01,2026-01-08T23:30:00+00:00,1.516,0.332,10.98
LOC003-U01,2026-01-08T23:45:00+00:00,2.036,0.376,11.67
LOC003-U01,2026-01-09T00:00:00+00:00,1.895,0.369,9.19
LOC003-U01,2026-01-09T00:15:00+00:00,1.491,0.331,11.23
LOC003-U01,2026-01-09T00:30:00+00:00,1.756,0.355,7.45
LOC003-U01,2026-01-09T00:45:00+00:00,2.313,0.281,11.33
LOC003-U01,2026-01-09T01:00:00+00:00,2.209,0.262,7.04
LOC003-U01,2026-01-09T01:15:00+00:00,2.129,0.337,9.61
LOC003-U01,2026-01-09T01:30:00+00:00,2.331,0.224,6.76
LOC003-U01,2026-01-09T01:45:00+00:00,2.198,0.284,10.8
LOC003-U01,2026-01-09T02:00:00+00:00,1.351,0.368,8.74
LOC003-U01,2026-01-09T02:15:00+00:00,2.371,0.251,9.68
LOC003-U01,2026-01-09T02:30:00+00:00,1.923,0.277,11.45
LOC003-U01,2026-01-09T02:45:00+00:00,2.398,0.277,9.61
LOC003-U01,2026-01-09T03:00:00+00:00,2.431,0.337,8.77
LOC003-U01,2026-01-09T03:15:00+00:00,1.379,0.223,7.1
LOC003-U01,2026-01-09T03:30:00+00:00,1.488,0.249,8.66
LOC003-U01,2026-01-09T03:45:00+00:00,1.806,0.289,11.11
LOC004-U02,2026-01-08T10:00:00+00:00,2.597,0.297,7.9
LOC004-U02,2026-01-08T10:15:00+00:00,2.374,0.234,10.38
LOC004-U02,2026-01-08T10:30:00+00:00,2.024,0.318,7.46
LOC004-U02,2026-01-08T10:45:00+00:00,1.336,0.32,7.33
LOC004-U02,2026-01-08T11:00:00+00:00,1.703,0.283,9.63
LOC004-U02,2026-01-08T11:15:00+00:00,2.042,0.286,7.71
LOC004-U02,2026-01-08T11:30:00+00:00,2.62,0.378,10.4
LOC004-U02,2026-01-08T11:45:00+00:00,3.275,0.244,8.62
LOC004-U02,2026-01-08T12:00:00+00:00,2.152,0.266,8.49
LOC004-U02,2026-01-08T12:15:00+00:00,0.914,0.334,9.76
LOC004-U02,2026-01-08T12:30:00+00:00,2.616,0.255,7.5
LOC004-U02,2026-01-08T12:45:00+00:00,2.035,0.241,8.76
LOC004-U02,2026-01-08T13:00:00+00:00,2.283,0.278,8.28
LOC004-U02,2026-01-08T13:15:00+00:00,2.392,0.371,10.73
LOC004-U02,2026-01-08T13:30:00+00:00,2.057,0.225,9.9
LOC004-U02,2026-01-08T13:45:00+00:00,2.244,0.292,7.37
LOC004-U02,2026-01-08T14:00:00+00:00,2.098,0.367,10.34
LOC004-U02,2026-01-08T14:15:00+00:00,2.521,0.24,8.8
LOC004-U02,2026-01-08T14:30:00+00:00,1.243,0.36,8.66
LOC004-U02,2026-01-08T14:45:00+00:00,2.791,0.348,9.13
LOC004-U02,2026-01-08T15:00:00+00:00,2.516,0.245,10.32
LOC004-U02,2026-01-08T15:15:00+00:00,1.744,0.343,11.48
LOC004-U02,2026-01-08T15:30:00+00:00,1.495,0.267,8.76
LOC004-U02,2026-01-08T15:45:00+00:00,1.88,0.378,9.41
LOC004-U02,2026-01-08T16:00:00+00:00,2.338,0.221,11.09
LOC004-U02,2026-01-08T16:15:00+00:00,2.177,0.343,8.66
LOC004-U02,2026-01-08T16:30:00+00:00,1.641,0.221,10.5
LOC004-U02,2026-01-08T16:45:00+00:00,1.828,0.339,9.19
LOC004-U02,2026-01-08T17:00:00+00:00,1.793,0.336,9.2
LOC004-U02,2026-01-08T17:15:00+00:00,1.36,0.296,9.64
LOC004-U02,2026-01-08T17:30:00+00:00,1.517,0.221,6.47
LOC004-U02,2026-01-08T17:45:00+00:00,2.232,0.314,8.04
LOC004-U02,2026-01-08T18:00:00+00:00,2.645,0.225,7.49
LOC004-U02,2026-01-08T18:15:00+00:00,1.408,0.234,10.33
LOC004-U02,2026-01-08T18:30:00+00:00,2.25,0.258,7.71
LOC004-U02,2026-01-08T18:45:00+00:00,3.292,0.375,11.62
LOC004-U02,2026-01-08T19:00:00+00:00,1.676,0.315,10.63
LOC004-U02,2026-01-08T19:15:00+00:00,2.037,0.222,7.6
LOC004-U02,2026-01-08T19:30:00+00:00,1.766,0.22,9.09
LOC004-U02,2026-01-08T19:45:00+00:00,1.869,0.354,10.55
LOC004-U02,2026-01-08T20:00:00+00:00,1.748,0.283,6.57
LOC004-U02,2026-01-08T20:15:00+00:00,3.283,0.254,6.98
LOC004-U02,2026-01-08T20:30:00+00:00,3.398,0.367,8.89
LOC004-U02,2026-01-08T20:45:00+00:00,2.074,0.343,8.35
LOC004-U02,2026-01-08T21:00:00+00:00,2.184,0.346,11.46
LOC004-U02,2026-01-08T21:15:00+00:00,1.879,0.233,7.95
LOC004-U02,2026-01-08T21:30:00+00:00,2.059,0.239,10.32
LOC004-U02,2026-01-08T21:45:00+00:00,2.029,0.331,10.32
LOC004-U02,2026-01-08T22:00:00+00:00,2.934,0.371,10.89
LOC004-U02,2026-01-08T22:15:00+00:00,2.192,0.327,7.3
LOC004-U02,2026-01-08T22:30:00+00:00,2.147,0.294,8.49
LOC004-U02,2026-01-08T22:45:00+00:00,1.741,0.257,11.32
LOC004-U02,2026-01-08T23:00:00+00:00,3.033,0.371,8.35
LOC004-U02,2026-01-08T23:15:00+00:00,1.931,0.367,10.98
LOC004-U02,2026-01-08T23:30:00+00:00,1.602,0.231,6.42
LOC004-U02,2026-01-08T23:45:00+00:00,1.794,0.285,9.55
LOC004-U02,2026-01-09T00:00:00+00:00,2.551,0.232,10.79
LOC004-U02,2026-01-09T00:15:00+00:00,2.861,0.332,8.02
LOC004-U02,2026-01-09T00:30:00+00:00,2.269,0.309,10.88
LOC004-U02,2026-01-09T00:45:00+00:00,2.85,0.286,6.87
LOC004-U02,2026-01-09T01:00:00+00:00,0.932,0.36,9.79
LOC004-U02,2026-01-09T01:15:00+00:00,1.429,0.258,10.27
LOC004-U02,2026-01-09T01:30:00+00:00,2.269,0.335,11.59
LOC004-U02,2026-01-09T01:45:00+00:00,2.145,0.361,9.96
LOC004-U02,2026-01-09T02:00:00+00:00,2.051,0.365,8.75
LOC004-U02,2026-01-09T02:15:00+00:00,2.608,0.321,8.22
LOC004-U02,2026-01-09T02:30:00+00:00,1.931,0.304,11.55
LOC004-U02,2026-01-09T02:45:00+00:00,1.603,0.239,10.93
LOC004-U02,2026-01-09T03:00:00+00:00,1.605,0.294,8.42
LOC004-U02,2026-01-09T03:15:00+00:00,1.388,0.236,8.32
LOC004-U02,2026-01-09T03:30:00+00:00,1.52,0.227,6.57
LOC004-U02,2026-01-09T03:45:00+00:00,1.674,0.354,10.69
LOC019-U02,2026-01-08T10:00:00+00:00,3.575,0.272,10.9
LOC019-U02,2026-01-08T10:15:00+00:00,1.953,0.322,10.36
LOC019-U02,2026-01-08T10:30:00+00:00,2.527,0.327,9.51
LOC019-U02,2026-01-08T10:45:00+00:00,3.014,0.339,11.0
LOC019-U02,2026-01-08T11:00:00+00:00,2.532,0.244,9.45
LOC019-U02,2026-01-08T11:15:00+00:00,2.035,0.289,11.5
LOC019-U02,2026-01-08T11:30:00+00:00,1.737,0.25,9.85
LOC019-U02,2026-01-08T11:45:00+00:00,2.506,0.372,10.79
LOC019-U02,2026-01-08T12:00:00+00:00,2.755,0.303,11.41
LOC019-U02,2026-01-08T12:15:00+00:00,2.424,0.375,9.56
LOC019-U02,2026-01-08T12:30:00+00:00,2.114,0.294,10.47
LOC019-U02,2026-01-08T12:45:00+00:00,2.647,0.292,11.5
LOC019-U02,2026-01-08T13:00:00+00:00,2.482,0.283,7.78
LOC019-U02,2026-01-08T13:15:00+00:00,1.728,0.309,9.89
LOC019-U02,2026-01-08T13:30:00+00:00,1.635,0.251,9.74
LOC019-U02,2026-01-08T13:45:00+00:00,2.607,0.357,7.98
LOC019-U02,2026-01-08T14:00:00+00:00,1.512,0.323,8.77
LOC019-U02,2026-01-08T14:15:00+00:00,2.528,0.376,9.41
LOC019-U02,2026-01-08T14:30:00+00:00,1.97,0.366,8.28
LOC019-U02,2026-01-08T14:45:00+00:00,2.218,0.356,11.72
LOC019-U02,2026-01-08T15:00:00+00:00,2.259,0.291,11.52
LOC019-U02,2026-01-08T15:15:00+00:00,3.156,0.241,7.12
LOC019-U02,2026-01-08T15:30:00+00:00,1.982,0.355,9.9
LOC019-U02,2026-01-08T15:45:00+00:00,2.887,0.356,9.46
LOC019-U02,2026-01-08T16:00:00+00:00,1.309,0.354,6.72
LOC019-U02,2026-01-08T16:15:00+00:00,1.269,0.254,10.94
LOC019-U02,2026-01-08T16:30:00+00:00,2.469,0.333,9.46
LOC019-U02,2026-01-08T16:45:00+00:00,2.967,0.331,9.01
LOC019-U02,2026-01-08T17:00:00+00:00,1.891,0.229,7.28
LOC019-U02,2026-01-08T17:15:00+00:00,2.594,0.324,11.49
LOC019-U02,2026-01-08T17:30:00+00:00,2.542,0.227,10.68
LOC019-U02,2026-01-08T17:45:00+00:00,2.377,0.334,10.82
LOC019-U02,2026-01-08T18:00:00+00:00,1.611,0.352,9.62
LOC019-U02,2026-01-08T18:15:00+00:00,2.022,0.365,8.54
LOC019-U02,2026-01-08T18:30:00+00:00,2.465,0.314,10.78
LOC019-U02,2026-01-08T18:45:00+00:00,1.736,0.299,11.37
LOC019-U02,2026-01-08T19:00:00+00:00,2.515,0.306,10.55
LOC019-U02,2026-01-08T19:15:00+00:00,2.059,0.239,10.76
LOC019-U02,2026-01-08T19:30:00+00:00,1.84,0.285,9.6
LOC019-U02,2026-01-08T19:45:00+00:00,1.901,0.358,6.8
LOC019-U02,2026-01-08T20:00:00+00:00,2.497,0.327,9.74
LOC019-U02,2026-01-08T20:15:00+00:00,2.38,0.314,11.16
LOC019-U02,2026-01-08T20:30:00+00:00,1.487,0.262,11.25
LOC019-U02,2026-01-08T20:45:00+00:00,1.505,0.241,9.91
LOC019-U02,2026-01-08T21:00:00+00:00,2.022,0.371,9.63
LOC019-U02,2026-01-08T21:15:00+00:00,2.046,0.263,10.91
LOC019-U02,2026-01-08T21:30:00+00:00,1.599,0.32,8.8
LOC019-U02,2026-01-08T21:45:00+00:00,1.844,0.303,8.91
LOC019-U02,2026-01-08T22:00:00+00:00,1.807,0.305,9.46
LOC019-U02,2026-01-08T22:15:00+00:00,1.145,0.304,8.29
LOC019-U02,2026-01-08T22:30:00+00:00,2.29,0.24,8.89
LOC019-U02,2026-01-08T22:45:00+00:00,3.653,0.34,8.27
LOC019-U02,2026-01-08T23:00:00+00:00,1.927,0.34,11.59
LOC019-U02,2026-01-08T23:15:00+00:00,1.53,0.298,8.42
LOC019-U02,2026-01-08T23:30:00+00:00,1.232,0.234,6.36
LOC019-U02,2026-01-08T23:45:00+00:00,2.73,0.344,10.69
LOC019-U02,2026-01-09T00:00:00+00:00,1.246,0.228,10.48
LOC019-U02,2026-01-09T00:15:00+00:00,1.679,0.285,9.64
LOC019-U02,2026-01-09T00:30:00+00:00,2.989,0.281,9.37
LOC019-U02,2026-01-09T00:45:00+00:00,1.494,0.289,8.94
LOC019-U02,2026-01-09T01:00:00+00:00,2.798,0.254,11.69
LOC019-U02,2026-01-09T01:15:00+00:00,2.041,0.229,11.12
LOC019-U02,2026-01-09T01:30:00+00:00,1.189,0.268,10.45
LOC019-U02,2026-01-09T01:45:00+00:00,2.462,0.351,9.78
LOC019-U02,2026-01-09T02:00:00+00:00,2.099,0.32,9.1
LOC019-U02,2026-01-09T02:15:00+00:00,1.432,0.234,9.61
LOC019-U02,2026-01-09T02:30:00+00:00,0.885,0.27,9.82
LOC019-U02,2026-01-09T02:45:00+00:00,2.718,0.227,7.32
LOC019-U02,2026-01-09T03:00:00+00:00,2.288,0.374,11.36
LOC019-U02,2026-01-09T03:15:00+00:00,2.393,0.295,8.89
LOC019-U02,2026-01-09T03:30:00+00:00,1.54,0.296,11.26
LOC019-U02,2026-01-09T03:45:00+00:00,2.111,0.315,8.53
LOC024-U01,2026-01-08T10:00:00+00:00,1.867,0.326,9.34
LOC024-U01,2026-01-08T10:15:00+00:00,1.742,0.291,9.9
LOC024-U01,2026-01-08T10:30:00+00:00,0.763,0.365,7.89
LOC024-U01,2026-01-08T10:45:00+00:00,2.506,0.363,9.81
LOC024-U01,2026-01-08T11:00:00+00:00,2.205,0.342,9.67
LOC024-U01,2026-01-08T11:15:00+00:00,1.964,0.364,9.66
LOC024-U01,2026-01-08T11:30:00+00:00,0.805,0.226,9.33
LOC024-U01,2026-01-08T11:45:00+00:00,2.581,0.327,8.4
LOC024-U01,2026-01-08T12:00:00+00:00,2.275,0.271,9.24
LOC024-U01,2026-01-08T12:15:00+00:00,0.513,0.33,6.24
LOC024-U01,2026-01-08T12:30:00+00:00,2.196,0.317,7.76
LOC024-U01,2026-01-08T12:45:00+00:00,2.365,0.251,8.1
LOC024-U01,2026-01-08T13:00:00+00:00,1.517,0.344,9.46
LOC024-U01,2026-01-08T13:15:00+00:00,2.061,0.241,8.12
LOC024-U01,2026-01-08T13:30:00+00:00,1.81,0.343,9.32
LOC024-U01,2026-01-08T13:45:00+00:00,1.782,0.324,6.96
LOC024-U01,2026-01-08T14:00:00+00:00,2.234,0.317,7.12
LOC024-U01,2026-01-08T14:15:00+00:00,2.198,0.379,8.1
LOC024-U01,2026-01-08T14:30:00+00:00,1.674,0.32,11.37
LOC024-U01,2026-01-08T14:45:00+00:00,2.448,0.297,9.0
LOC024-U01,2026-01-08T15:00:00+00:00,2.565,0.343,7.15
LOC024-U01,2026-01-08T15:15:00+00:00,2.07,0.222,7.09
LOC024-U01,2026-01-08T15:30:00+00:00,2.59,0.37,8.42
LOC024-U01,2026-01-08T15:45:00+00:00,0.87,0.373,9.53
LOC024-U01,2026-01-08T16:00:00+00:00,1.745,0.35,10.45
LOC024-U01,2026-01-08T16:15:00+00:00,2.937,0.276,8.99
LOC024-U01,2026-01-08T16:30:00+00:00,2.094,0.333,7.18
LOC024-U01,2026-01-08T16:45:00+00:00,1.469,0.267,8.7
LOC024-U01,2026-01-08T17:00:00+00:00,2.148,0.273,8.83
LOC024-U01,2026-01-08T17:15:00+00:00,2.787,0.225,7.61
LOC024-U01,2026-01-08T17:30:00+00:00,2.291,0.278,8.05
LOC024-U01,2026-01-08T17:45:00+00:00,2.422,0.368,8.91
LOC024-U01,2026-01-08T18:00:00+00:00,1.876,0.313,9.29
LOC024-U01,2026-01-08T18:15:00+00:00,2.474,0.25,7.42
LOC024-U01,2026-01-08T18:30:00+00:00,2.176,0.232,6.67
LOC024-U01,2026-01-08T18:45:00+00:00,1.574,0.312,7.7
LOC024-U01,2026-01-08T19:00:00+00:00,2.659,0.225,7.11
LOC024-U01,2026-01-08T19:15:00+00:00,2.1,0.335,9.11
LOC024-U01,2026-01-08T19:30:00+00:00,2.162,0.242,9.08
LOC024-U01,2026-01-08T19:45:00+00:00,2.416,0.373,7.45
LOC024-U01,2026-01-08T20:00:00+00:00,2.269,0.358,6.86
LOC024-U01,2026-01-08T20:15:00+00:00,2.062,0.239,8.95
LOC024-U01,2026-01-08T20:30:00+00:00,3.204,0.319,9.46
LOC024-U01,2026-01-08T20:45:00+00:00,1.427,0.305,9.36
LOC024-U01,2026-01-08T21:00:00+00:00,1.513,0.243,9.78
LOC024-U01,2026-01-08T21:15:00+00:00,1.713,0.289,9.8
LOC024-U01,2026-01-08T21:30:00+00:00,2.115,0.225,7.85
LOC024-U01,2026-01-08T21:45:00+00:00,2.818,0.236,10.44
LOC024-U01,2026-01-08T22:00:00+00:00,2.716,0.289,8.31
LOC024-U01,2026-01-08T22:15:00+00:00,1.743,0.304,7.55
LOC024-U01,2026-01-08T22:30:00+00:00,2.038,0.223,6.93
LOC024-U01,2026-01-08T22:45:00+00:00,2.782,0.277,7.69
LOC024-U01,2026-01-08T23:00:00+00:00,2.228,0.244,10.29
LOC024-U01,2026-01-08T23:15:00+00:00,2.246,0.35,8.02
LOC024-U01,2026-01-08T23:30:00+00:00,2.696,0.241,10.0
LOC024-U01,2026-01-08T23:45:00+00:00,1.635,0.327,7.6
LOC024-U01,2026-01-09T00:00:00+00:00,1.81,0.369,8.65
LOC024-U01,2026-01-09T00:15:00+00:00,1.968,0.248,11.46
LOC024-U01,2026-01-09T00:30:00+00:00,0.929,0.304,11.19
LOC024-U01,2026-01-09T00:45:00+00:00,2.957,0.277,9.71
LOC024-U01,2026-01-09T01:00:00+00:00,1.728,0.267,7.67
LOC024-U01,2026-01-09T01:15:00+00:00,2.856,0.252,9.89
LOC024-U01,2026-01-09T01:30:00+00:00,1.193,0.307,9.53
LOC024-U01,2026-01-09T01:45:00+00:00,1.461,0.282,8.84
LOC024-U01,2026-01-09T02:00:00+00:00,1.794,0.271,10.31
LOC024-U01,2026-01-09T02:15:00+00:00,2.399,0.375,11.35
LOC024-U01,2026-01-09T02:30:00+00:00,1.086,0.239,10.85
LOC024-U01,2026-01-09T02:45:00+00:00,1.92,0.347,7.5
LOC024-U01,2026-01-09T03:00:00+00:00,1.86,0.249,8.74
LOC024-U01,2026-01-09T03:15:00+00:00,2.985,0.339,11.6
LOC024-U01,2026-01-09T03:30:00+00:00,2.152,0.359,7.34
LOC024-U01,2026-01-09T03:45:00+00:00,2.373,0.37,7.41
LOC033-U01,2026-01-08T10:00:00+00:00,2.163,0.343,10.78
LOC033-U01,2026-01-08T10:15:00+00:00,1.96,0.343,9.69
LOC033-U01,2026-01-08T10:30:00+00:00,1.228,0.361,9.48
LOC033-U01,2026-01-08T10:45:00+00:00,1.519,0.295,10.07
LOC033-U01,2026-01-08T11:00:00+00:00,1.528,0.296,6.83
LOC033-U01,2026-01-08T11:15:00+00:00,2.278,0.265,7.6
LOC033-U01,2026-01-08T11:30:00+00:00,2.56,0.329,7.49
LOC033-U01,2026-01-08T11:45:00+00:00,2.016,0.271,8.9
LOC033-U01,2026-01-08T12:00:00+00:00,1.443,0.23,10.16
LOC033-U01,2026-01-08T12:15:00+00:00,1.475,0.272,6.81
LOC033-U01,2026-01-08T12:30:00+00:00,2.287,0.334,11.44
LOC033-U01,2026-01-08T12:45:00+00:00,1.688,0.233,8.18
LOC033-U01,2026-01-08T13:00:00+00:00,2.567,0.307,9.82
LOC033-U01,2026-01-08T13:15:00+00:00,2.457,0.316,9.78
LOC033-U01,2026-01-08T13:30:00+00:00,2.093,0.287,8.01
LOC033-U01,2026-01-08T13:45:00+00:00,2.219,0.334,7.35
LOC033-U01,2026-01-08T14:00:00+00:00,2.027,0.309,8.29
LOC033-U01,2026-01-08T14:15:00+00:00,2.456,0.313,8.52
LOC033-U01,2026-01-08T14:30:00+00:00,1.765,0.277,11.44
LOC033-U01,2026-01-08T14:45:00+00:00,2.815,0.255,9.83
LOC033-U01,2026-01-08T15:00:00+00:00,1.697,0.316,10.05
LOC033-U01,2026-01-08T15:15:00+00:00,2.149,0.231,9.25
LOC033-U01,2026-01-08T15:30:00+00:00,1.932,0.248,6.93
LOC033-U01,2026-01-08T15:45:00+00:00,1.753,0.23,10.85
LOC033-U01,2026-01-08T16:00:00+00:00,2.143,0.302,9.1
LOC033-U01,2026-01-08T16:15:00+00:00,1.548,0.281,6.82
LOC033-U01,2026-01-08T16:30:00+00:00,2.298,0.325,9.04
LOC033-U01,2026-01-08T16:45:00+00:00,1.499,0.294,11.4
LOC033-U01,2026-01-08T17:00:00+00:00,1.886,0.272,11.44
LOC033-U01,2026-01-08T17:15:00+00:00,1.842,0.231,9.67
LOC033-U01,2026-01-08T17:30:00+00:00,1.928,0.354,9.58
LOC033-U01,2026-01-08T17:45:00+00:00,3.244,0.379,11.54
LOC033-U01,2026-01-08T18:00:00+00:00,1.959,0.293,8.47
LOC033-U01,2026-01-08T18:15:00+00:00,1.983,0.343,8.91
LOC033-U01,2026-01-08T18:30:00+00:00,1.913,0.241,6.7
LOC033-U01,2026-01-08T18:45:00+00:00,2.564,0.222,10.29
LOC033-U01,2026-01-08T19:00:00+00:00,2.462,0.323,10.18
LOC033-U01,2026-01-08T19:15:00+00:00,2.146,0.346,10.35
LOC033-U01,2026-01-08T19:30:00+00:00,1.775,0.313,9.77
LOC033-U01,2026-01-08T19:45:00+00:00,1.668,0.364,6.93
LOC033-U01,2026-01-08T20:00:00+00:00,2.743,0.319,11.49
LOC033-U01,2026-01-08T20:15:00+00:00,2.489,0.271,9.54
LOC033-U01,2026-01-08T20:30:00+00:00,1.985,0.32,8.71
LOC033-U01,2026-01-08T20:45:00+00:00,1.627,0.277,11.34
LOC033-U01,2026-01-08T21:00:00+00:00,1.998,0.235,7.64
LOC033-U01,2026-01-08T21:15:00+00:00,2.337,0.317,11.34
LOC033-U01,2026-01-08T21:30:00+00:00,1.495,0.315,9.09
LOC033-U01,2026-01-08T21:45:00+00:00,1.838,0.24,7.11
LOC033-U01,2026-01-08T22:00:00+00:00,1.47,0.28,11.04
LOC033-U01,2026-01-08T22:15:00+00:00,2.004,0.35,10.56
LOC033-U01,2026-01-08T22:30:00+00:00,2.685,0.34,10.01
LOC033-U01,2026-01-08T22:45:00+00:00,2.663,0.305,7.31
LOC033-U01,2026-01-08T23:00:00+00:00,1.847,0.255,11.08
LOC033-U01,2026-01-08T23:15:00+00:00,2.034,0.24,7.54
LOC033-U01,2026-01-08T23:30:00+00:00,1.043,0.358,9.97
LOC033-U01,2026-01-08T23:45:00+00:00,1.945,0.307,10.03
LOC033-U01,2026-01-09T00:00:00+00:00,2.212,0.294,7.2
LOC033-U01,2026-01-09T00:15:00+00:00,3.078,0.227,9.22
LOC033-U01,2026-01-09T00:30:00+00:00,1.405,0.294,8.31
LOC033-U01,2026-01-09T00:45:00+00:00,1.88,0.25,9.63
LOC033-U01,2026-01-09T01:00:00+00:00,2.807,0.228,10.82
LOC033-U01,2026-01-09T01:15:00+00:00,2.803,0.258,7.55
LOC033-U01,2026-01-09T01:30:00+00:00,2.638,0.298,9.72
LOC033-U01,2026-01-09T01:45:00+00:00,2.404,0.304,9.72
LOC033-U01,2026-01-09T02:00:00+00:00,3.781,0.372,8.02
LOC033-U01,2026-01-09T02:15:00+00:00,2.295,0.269,8.84
LOC033-U01,2026-01-09T02:30:00+00:00,2.003,0.226,10.5
LOC033-U01,2026-01-09T02:45:00+00:00,2.433,0.251,6.69
LOC033-U01,2026-01-09T03:00:00+00:00,1.661,0.334,11.47
LOC033-U01,2026-01-09T03:15:00+00:00,2.118,0.38,9.07
LOC033-U01,2026-01-09T03:30:00+00:00,2.363,0.365,10.64
LOC033-U01,2026-01-09T03:45:00+00:00,1.83,0.264,7.64
LOC038-U02,2026-01-08T10:00:00+00:00,2.95,0.309,8.84
LOC038-U02,2026-01-08T10:15:00+00:00,2.072,0.233,8.88
LOC038-U02,2026-01-08T10:30:00+00:00,1.763,0.357,11.24
LOC038-U02,2026-01-08T10:45:00+00:00,2.383,0.285,8.36
LOC038-U02,2026-01-08T11:00:00+00:00,1.831,0.33,9.15
LOC038-U02,2026-01-08T11:15:00+00:00,1.492,0.24,11.31
LOC038-U02,2026-01-08T11:30:00+00:00,1.633,0.337,10.95
LOC038-U02,2026-01-08T11:45:00+00:00,1.901,0.329,8.7
LOC038-U02,2026-01-08T12:00:00+00:00,2.901,0.287,9.47
LOC038-U02,2026-01-08T12:15:00+00:00,2.717,0.345,10.19
LOC038-U02,2026-01-08T12:30:00+00:00,2.216,0.349,7.19
LOC038-U02,2026-01-08T12:45:00+00:00,1.429,0.3,7.79
LOC038-U02,2026-01-08T13:00:00+00:00,2.457,0.308,7.07
LOC038-U02,2026-01-08T13:15:00+00:00,2.07,0.282,6.66
LOC038-U02,2026-01-08T13:30:00+00:00,2.493,0.359,8.16
LOC038-U02,2026-01-08T13:45:00+00:00,2.233,0.245,10.07
LOC038-U02,2026-01-08T14:00:00+00:00,1.482,0.331,6.69
LOC038-U02,2026-01-08T14:15:00+00:00,2.42,0.319,6.84
LOC038-U02,2026-01-08T14:30:00+00:00,1.583,0.263,7.57
LOC038-U02,2026-01-08T14:45:00+00:00,2.314,0.298,8.06
LOC038-U02,2026-01-08T15:00:00+00:00,2.513,0.361,8.04
LOC038-U02,2026-01-08T15:15:00+00:00,2.126,0.226,10.08
LOC038-U02,2026-01-08T15:30:00+00:00,2.533,0.352,8.23
LOC038-U02,2026-01-08T15:45:00+00:00,1.877,0.291,9.28
LOC038-U02,2026-01-08T16:00:00+00:00,2.466,0.356,7.61
LOC038-U02,2026-01-08T16:15:00+00:00,0.934,0.362,9.31
LOC038-U02,2026-01-08T16:30:00+00:00,2.386,0.231,6.71
LOC038-U02,2026-01-08T16:45:00+00:00,3.3,0.304,10.37
LOC038-U02,2026-01-08T17:00:00+00:00,2.003,0.291,9.44
LOC038-U02,2026-01-08T17:15:00+00:00,2.183,0.344,8.59
LOC038-U02,2026-01-08T17:30:00+00:00,1.698,0.261,10.78
LOC038-U02,2026-01-08T17:45:00+00:00,2.064,0.296,8.13
LOC038-U02,2026-01-08T18:00:00+00:00,1.797,0.331,9.67
LOC038-U02,2026-01-08T18:15:00+00:00,2.162,0.263,8.88
LOC038-U02,2026-01-08T18:30:00+00:00,2.278,0.243,10.62
LOC038-U02,2026-01-08T18:45:00+00:00,2.028,0.351,8.92
LOC038-U02,2026-01-08T19:00:00+00:00,1.304,0.232,9.7
LOC038-U02,2026-01-08T19:15:00+00:00,2.661,0.318,10.43
LOC038-U02,2026-01-08T19:30:00+00:00,2.047,0.333,11.65
LOC038-U02,2026-01-08T19:45:00+00:00,2.601,0.343,11.74
LOC038-U02,2026-01-08T20:00:00+00:00,3.283,0.319,9.76
LOC038-U02,2026-01-08T20:15:00+00:00,3.147,0.302,8.71
LOC038-U02,2026-01-08T20:30:00+00:00,2.581,0.347,7.33
LOC038-U02,2026-01-08T20:45:00+00:00,2.824,0.375,10.42
LOC038-U02,2026-01-08T21:00:00+00:00,2.457,0.25,7.45
LOC038-U02,2026-01-08T21:15:00+00:00,2.205,0.34,10.5
LOC038-U02,2026-01-08T21:30:00+00:00,2.671,0.309,7.38
LOC038-U02,2026-01-08T21:45:00+00:00,2.596,0.372,7.78
LOC038-U02,2026-01-08T22:00:00+00:00,1.852,0.366,10.1
LOC038-U02,2026-01-08T22:15:00+00:00,2.609,0.309,9.14
LOC038-U02,2026-01-08T22:30:00+00:00,2.153,0.225,9.79
LOC038-U02,2026-01-08T22:45:00+00:00,2.081,0.277,9.63
LOC038-U02,2026-01-08T23:00:00+00:00,2.695,0.244,7.2
LOC038-U02,2026-01-08T23:15:00+00:00,2.717,0.338,9.16
LOC038-U02,2026-01-08T23:30:00+00:00,2.49,0.254,9.1
LOC038-U02,2026-01-08T23:45:00+00:00,2.579,0.297,7.88
LOC038-U02,2026-01-09T00:00:00+00:00,1.206,0.367,8.24
LOC038-U02,2026-01-09T00:15:00+00:00,1.956,0.266,8.53
LOC038-U02,2026-01-09T00:30:00+00:00,1.772,0.33,7.78
LOC038-U02,2026-01-09T00:45:00+00:00,1.146,0.227,10.87
LOC038-U02,2026-01-09T01:00:00+00:00,1.728,0.279,9.01
LOC038-U02,2026-01-09T01:15:00+00:00,1.808,0.307,9.34
LOC038-U02,2026-01-09T01:30:00+00:00,2.911,0.326,8.66
LOC038-U02,2026-01-09T01:45:00+00:00,2.181,0.338,11.56
LOC038-U02,2026-01-09T02:00:00+00:00,2.299,0.243,7.14
LOC038-U02,2026-01-09T02:15:00+00:00,2.981,0.308,9.59
LOC038-U02,2026-01-09T02:30:00+00:00,1.395,0.276,7.14
LOC038-U02,2026-01-09T02:45:00+00:00,2.422,0.283,7.04
LOC038-U02,2026-01-09T03:00:00+00:00,1.672,0.308,8.6
LOC038-U02,2026-01-09T03:15:00+00:00,2.252,0.345,11.72
LOC038-U02,2026-01-09T03:30:00+00:00,2.063,0.341,9.58
LOC038-U02,2026-01-09T03:45:00+00:00,0.933,0.291,10.11
LOC027-U02,2026-01-08T10:00:00+00:00,1.773,0.232,6.98
LOC027-U02,2026-01-08T10:15:00+00:00,1.516,0.351,8.06
LOC027-U02,2026-01-08T10:30:00+00:00,2.223,0.299,6.67
LOC027-U02,2026-01-08T10:45:00+00:00,2.669,0.343,8.99
LOC027-U02,2026-01-08T11:00:00+00:00,2.625,0.332,10.72
LOC027-U02,2026-01-08T11:15:00+00:00,1.644,0.274,11.2
LOC027-U02,2026-01-08T11:30:00+00:00,2.643,0.332,11.2
LOC027-U02,2026-01-08T11:45:00+00:00,1.775,0.295,8.11
LOC027-U02,2026-01-08T12:00:00+00:00,2.138,0.247,10.33
LOC027-U02,2026-01-08T12:15:00+00:00,2.528,0.314,10.35
LOC027-U02,2026-01-08T12:30:00+00:00,2.27,0.311,7.3
LOC027-U02,2026-01-08T12:45:00+00:00,2.599,0.221,7.24
LOC027-U02,2026-01-08T13:00:00+00:00,1.607,0.239,10.62
LOC027-U02,2026-01-08T13:15:00+00:00,2.079,0.264,7.11
LOC027-U02,2026-01-08T13:30:00+00:00,1.857,0.24,10.44
LOC027-U02,2026-01-08T13:45:00+00:00,2.638,0.342,8.07
LOC027-U02,2026-01-08T14:00:00+00:00,2.908,0.248,9.45
LOC027-U02,2026-01-08T14:15:00+00:00,2.18,0.246,6.72
LOC027-U02,2026-01-08T14:30:00+00:00,2.488,0.274,9.97
LOC027-U02,2026-01-08T14:45:00+00:00,2.869,0.288,8.93
LOC027-U02,2026-01-08T15:00:00+00:00,2.07,0.374,11.3
LOC027-U02,2026-01-08T15:15:00+00:00,2.131,0.276,6.8
LOC027-U02,2026-01-08T15:30:00+00:00,3.11,0.252,8.45
LOC027-U02,2026-01-08T15:45:00+00:00,2.307,0.26,8.87
LOC027-U02,2026-01-08T16:00:00+00:00,1.513,0.269,7.98
LOC027-U02,2026-01-08T16:15:00+00:00,1.739,0.319,7.75
LOC027-U02,2026-01-08T16:30:00+00:00,2.57,0.324,11.15
LOC027-U02,2026-01-08T16:45:00+00:00,1.615,0.304,10.5
LOC027-U02,2026-01-08T17:00:00+00:00,1.585,0.37,9.07
LOC027-U02,2026-01-08T17:15:00+00:00,1.877,0.309,8.15
LOC027-U02,2026-01-08T17:30:00+00:00,2.712,0.286,9.86
LOC027-U02,2026-01-08T17:45:00+00:00,2.292,0.369,10.38
LOC027-U02,2026-01-08T18:00:00+00:00,1.965,0.224,10.62
LOC027-U02,2026-01-08T18:15:00+00:00,2.553,0.252,8.79
LOC027-U02,2026-01-08T18:30:00+00:00,2.497,0.363,8.62
LOC027-U02,2026-01-08T18:45:00+00:00,1.332,0.249,8.02
LOC027-U02,2026-01-08T19:00:00+00:00,2.062,0.296,6.65
LOC027-U02,2026-01-08T19:15:00+00:00,1.522,0.25,9.34
LOC027-U02,2026-01-08T19:30:00+00:00,1.938,0.366,10.58
LOC027-U02,2026-01-08T19:45:00+00:00,2.143,0.365,8.19
LOC027-U02,2026-01-08T20:00:00+00:00,1.958,0.231,10.17
LOC027-U02,2026-01-08T20:15:00+00:00,0.851,0.375,7.17
LOC027-U02,2026-01-08T20:30:00+00:00,1.793,0.33,11.23
LOC027-U02,2026-01-08T20:45:00+00:00,1.271,0.302,8.6
LOC027-U02,2026-01-08T21:00:00+00:00,1.694,0.347,8.21
LOC027-U02,2026-01-08T21:15:00+00:00,2.153,0.363,10.48
LOC027-U02,2026-01-08T21:30:00+00:00,1.681,0.345,8.06
LOC027-U02,2026-01-08T21:45:00+00:00,2.358,0.273,9.85
LOC027-U02,2026-01-08T22:00:00+00:00,2.367,0.329,8.67
LOC027-U02,2026-01-08T22:15:00+00:00,2.532,0.35,11.29
LOC027-U02,2026-01-08T22:30:00+00:00,2.134,0.274,10.39
LOC027-U02,2026-01-08T22:45:00+00:00,2.048,0.333,7.36
LOC027-U02,2026-01-08T23:00:00+00:00,2.425,0.366,7.77
LOC027-U02,2026-01-08T23:15:00+00:00,1.807,0.306,9.98
LOC027-U02,2026-01-08T23:30:00+00:00,2.296,0.259,7.23
LOC027-U02,2026-01-08T23:45:00+00:00,1.762,0.322,11.56
LOC027-U02,2026-01-09T00:00:00+00:00,1.655,0.307,7.14
LOC027-U02,2026-01-09T00:15:00+00:00,2.117,0.326,11.55
LOC027-U02,2026-01-09T00:30:00+00:00,1.739,0.347,6.85
LOC027-U02,2026-01-09T00:45:00+00:00,1.441,0.323,10.93
LOC027-U02,2026-01-09T01:00:00+00:00,0.686,0.263,11.12
LOC027-U02,2026-01-09T01:15:00+00:00,2.208,0.23,7.74
LOC027-U02,2026-01-09T01:30:00+00:00,1.56,0.332,8.17
LOC027-U02,2026-01-09T01:45:00+00:00,2.637,0.352,10.69
LOC027-U02,2026-01-09T02:00:00+00:00,1.996,0.378,6.85
LOC027-U02,2026-01-09T02:15:00+00:00,2.016,0.228,9.14
LOC027-U02,2026-01-09T02:30:00+00:00,2.925,0.287,8.05
LOC027-U02,2026-01-09T02:45:00+00:00,2.475,0.284,8.4
LOC027-U02,2026-01-09T03:00:00+00:00,2.649,0.305,10.73
LOC027-U02,2026-01-09T03:15:00+00:00,2.224,0.376,11.66
LOC027-U02,2026-01-09T03:30:00+00:00,2.37,0.373,7.09
LOC027-U02,2026-01-09T03:45:00+00:00,2.249,0.329,7.12
LOC003-U02,2026-01-08T10:00:00+00:00,1.827,0.296,7.78
LOC003-U02,2026-01-08T10:15:00+00:00,2.132,0.262,10.36
LOC003-U02,2026-01-08T10:30:00+00:00,1.649,0.308,10.38
LOC003-U02,2026-01-08T10:45:00+00:00,2.341,0.231,8.86
LOC003-U02,2026-01-08T11:00:00+00:00,1.796,0.272,8.9
LOC003-U02,2026-01-08T11:15:00+00:00,0.978,0.268,10.22
LOC003-U02,2026-01-08T11:30:00+00:00,2.576,0.302,7.91
LOC003-U02,2026-01-08T11:45:00+00:00,2.529,0.362,9.99
LOC003-U02,2026-01-08T12:00:00+00:00,1.949,0.262,8.95
LOC003-U02,2026-01-08T12:15:00+00:00,1.579,0.25,8.71
LOC003-U02,2026-01-08T12:30:00+00:00,2.249,0.246,9.18
LOC003-U02,2026-01-08T12:45:00+00:00,2.858,0.343,8.46
LOC003-U02,2026-01-08T13:00:00+00:00,2.139,0.231,11.07
LOC003-U02,2026-01-08T13:15:00+00:00,1.78,0.252,6.99
LOC003-U02,2026-01-08T13:30:00+00:00,2.198,0.357,8.64
LOC003-U02,2026-01-08T13:45:00+00:00,1.637,0.365,10.25
LOC003-U02,2026-01-08T14:00:00+00:00,3.043,0.238,8.01
LOC003-U02,2026-01-08T14:15:00+00:00,2.229,0.305,9.99
LOC003-U02,2026-01-08T14:30:00+00:00,1.821,0.341,7.33
LOC003-U02,2026-01-08T14:45:00+00:00,1.807,0.326,11.57
LOC003-U02,2026-01-08T15:00:00+00:00,1.603,0.291,10.15
LOC003-U02,2026-01-08T15:15:00+00:00,1.745,0.23,9.53
LOC003-U02,2026-01-08T15:30:00+00:00,1.478,0.343,11.12
LOC003-U02,2026-01-08T15:45:00+00:00,2.126,0.347,11.73
LOC003-U02,2026-01-08T16:00:00+00:00,2.184,0.254,7.95
LOC003-U02,2026-01-08T16:15:00+00:00,2.012,0.294,11.07
LOC003-U02,2026-01-08T16:30:00+00:00,1.593,0.277,8.69
LOC003-U02,2026-01-08T16:45:00+00:00,1.883,0.223,7.78
LOC003-U02,2026-01-08T17:00:00+00:00,1.736,0.267,11.0
LOC003-U02,2026-01-08T17:15:00+00:00,2.229,0.292,7.79
LOC003-U02,2026-01-08T17:30:00+00:00,2.855,0.312,11.63
LOC003-U02,2026-01-08T17:45:00+00:00,2.668,0.314,11.07
LOC003-U02,2026-01-08T18:00:00+00:00,2.34,0.357,9.49
LOC003-U02,2026-01-08T18:15:00+00:00,2.753,0.299,9.84
LOC003-U02,2026-01-08T18:30:00+00:00,2.026,0.293,6.92
LOC003-U02,2026-01-08T18:45:00+00:00,1.937,0.277,9.5
LOC003-U02,2026-01-08T19:00:00+00:00,1.545,0.295,11.08
LOC003-U02,2026-01-08T19:15:00+00:00,1.753,0.321,8.14
LOC003-U02,2026-01-08T19:30:00+00:00,2.438,0.378,9.95
LOC003-U02,2026-01-08T19:45:00+00:00,2.55,0.341,11.01
LOC003-U02,2026-01-08T20:00:00+00:00,2.075,0.29,8.24
LOC003-U02,2026-01-08T20:15:00+00:00,1.806,0.353,6.69
LOC003-U02,2026-01-08T20:30:00+00:00,2.446,0.288,10.35
LOC003-U02,2026-01-08T20:45:00+00:00,1.809,0.22,11.23
LOC003-U02,2026-01-08T21:00:00+00:00,2.277,0.271,8.6
LOC003-U02,2026-01-08T21:15:00+00:00,2.011,0.23,8.88
LOC003-U02,2026-01-08T21:30:00+00:00,3.623,0.228,7.1
LOC003-U02,2026-01-08T21:45:00+00:00,1.825,0.339,8.62
LOC003-U02,2026-01-08T22:00:00+00:00,2.147,0.306,9.98
LOC003-U02,2026-01-08T22:15:00+00:00,3.411,0.322,10.5
LOC003-U02,2026-01-08T22:30:00+00:00,2.973,0.302,10.52
LOC003-U02,2026-01-08T22:45:00+00:00,1.87,0.302,11.15
LOC003-U02,2026-01-08T23:00:00+00:00,2.175,0.364,11.01
LOC003-U02,2026-01-08T23:15:00+00:00,0.928,0.362,10.1
LOC003-U02,2026-01-08T23:30:00+00:00,2.799,0.359,8.53
LOC003-U02,2026-01-08T23:45:00+00:00,1.715,0.344,8.59
LOC003-U02,2026-01-09T00:00:00+00:00,2.948,0.359,7.83
LOC003-U02,2026-01-09T00:15:00+00:00,1.714,0.234,8.18
LOC003-U02,2026-01-09T00:30:00+00:00,1.578,0.262,9.34
LOC003-U02,2026-01-09T00:45:00+00:00,2.738,0.353,7.97
LOC003-U02,2026-01-09T01:00:00+00:00,2.106,0.29,11.43
LOC003-U02,2026-01-09T01:15:00+00:00,1.855,0.303,8.54
LOC003-U02,2026-01-09T01:30:00+00:00,2.058,0.37,10.73
LOC003-U02,2026-01-09T01:45:00+00:00,1.891,0.331,9.08
LOC003-U02,2026-01-09T02:00:00+00:00,1.979,0.221,11.37
LOC003-U02,2026-01-09T02:15:00+00:00,2.331,0.28,10.53
LOC003-U02,2026-01-09T02:30:00+00:00,2.36,0.348,9.77
LOC003-U02,2026-01-09T02:45:00+00:00,1.815,0.366,11.57
LOC003-U02,2026-01-09T03:00:00+00:00,1.97,0.273,10.6
LOC003-U02,2026-01-09T03:15:00+00:00,2.018,0.345,9.4
LOC003-U02,2026-01-09T03:30:00+00:00,0.966,0.248,9.33
LOC003-U02,2026-01-09T03:45:00+00:00,1.376,0.284,10.64
LOC036-U01,2026-01-08T10:00:00+00:00,2.878,0.351,8.41
LOC036-U01,2026-01-08T10:15:00+00:00,2.968,0.334,8.1
LOC036-U01,2026-01-08T10:30:00+00:00,2.398,0.3,9.59
LOC036-U01,2026-01-08T10:45:00+00:00,2.056,0.223,8.65
LOC036-U01,2026-01-08T11:00:00+00:00,2.589,0.346,9.75
LOC036-U01,2026-01-08T11:15:00+00:00,2.083,0.274,6.82
LOC036-U01,2026-01-08T11:30:00+00:00,1.449,0.336,8.86
LOC036-U01,2026-01-08T11:45:00+00:00,2.767,0.357,9.94
LOC036-U01,2026-01-08T12:00:00+00:00,1.742,0.226,8.27
LOC036-U01,2026-01-08T12:15:00+00:00,1.639,0.258,9.99
LOC036-U01,2026-01-08T12:30:00+00:00,1.216,0.345,9.29
LOC036-U01,2026-01-08T12:45:00+00:00,2.052,0.317,8.81
LOC036-U01,2026-01-08T13:00:00+00:00,1.776,0.237,8.68
LOC036-U01,2026-01-08T13:15:00+00:00,2.54,0.333,8.02
LOC036-U01,2026-01-08T13:30:00+00:00,1.994,0.224,9.69
LOC036-U01,2026-01-08T13:45:00+00:00,1.194,0.341,10.44
LOC036-U01,2026-01-08T14:00:00+00:00,1.784,0.241,10.21
LOC036-U01,2026-01-08T14:15:00+00:00,2.823,0.316,7.32
LOC036-U01,2026-01-08T14:30:00+00:00,2.639,0.257,10.75
LOC036-U01,2026-01-08T14:45:00+00:00,2.321,0.288,10.76
LOC036-U01,2026-01-08T15:00:00+00:00,2.63,0.296,10.07
LOC036-U01,2026-01-08T15:15:00+00:00,1.215,0.232,10.68
LOC036-U01,2026-01-08T15:30:00+00:00,1.823,0.306,9.15
LOC036-U01,2026-01-08T15:45:00+00:00,2.533,0.369,8.53
LOC036-U01,2026-01-08T16:00:00+00:00,1.923,0.363,9.01
LOC036-U01,2026-01-08T16:15:00+00:00,2.1,0.33,9.59
LOC036-U01,2026-01-08T16:30:00+00:00,0.782,0.298,8.01
LOC036-U01,2026-01-08T16:45:00+00:00,2.624,0.248,10.44
LOC036-U01,2026-01-08T17:00:00+00:00,2.272,0.366,10.74
LOC036-U01,2026-01-08T17:15:00+00:00,2.343,0.275,7.88
LOC036-U01,2026-01-08T17:30:00+00:00,1.241,0.344,7.72
LOC036-U01,2026-01-08T17:45:00+00:00,2.395,0.335,9.64
LOC036-U01,2026-01-08T18:00:00+00:00,1.792,0.319,7.17
LOC036-U01,2026-01-08T18:15:00+00:00,2.053,0.363,11.0
LOC036-U01,2026-01-08T18:30:00+00:00,1.643,0.252,10.12
LOC036-U01,2026-01-08T18:45:00+00:00,1.292,0.239,9.44
LOC036-U01,2026-01-08T19:00:00+00:00,2.688,0.261,11.17
LOC036-U01,2026-01-08T19:15:00+00:00,1.991,0.368,9.68
LOC036-U01,2026-01-08T19:30:00+00:00,1.647,0.332,10.86
LOC036-U01,2026-01-08T19:45:00+00:00,1.205,0.311,9.33
LOC036-U01,2026-01-08T20:00:00+00:00,2.569,0.223,7.08
LOC036-U01,2026-01-08T20:15:00+00:00,2.184,0.236,8.99
LOC036-U01,2026-01-08T20:30:00+00:00,1.95,0.313,11.06
LOC036-U01,2026-01-08T20:45:00+00:00,2.204,0.274,7.67
LOC036-U01,2026-01-08T21:00:00+00:00,2.54,0.251,7.66
LOC036-U01,2026-01-08T21:15:00+00:00,2.437,0.277,11.25
LOC036-U01,2026-01-08T21:30:00+00:00,1.925,0.363,8.75
LOC036-U01,2026-01-08T21:45:00+00:00,2.426,0.319,7.69
LOC036-U01,2026-01-08T22:00:00+00:00,1.287,0.316,7.34
LOC036-U01,2026-01-08T22:15:00+00:00,2.197,0.244,9.1
LOC036-U01,2026-01-08T22:30:00+00:00,1.891,0.378,6.72
LOC036-U01,2026-01-08T22:45:00+00:00,2.682,0.232,10.54
LOC036-U01,2026-01-08T23:00:00+00:00,1.971,0.289,10.91
LOC036-U01,2026-01-08T23:15:00+00:00,1.168,0.34,8.55
LOC036-U01,2026-01-08T23:30:00+00:00,2.283,0.252,9.27
LOC036-U01,2026-01-08T23:45:00+00:00,2.239,0.352,11.44
LOC036-U01,2026-01-09T00:00:00+00:00,1.84,0.317,8.5
LOC036-U01,2026-01-09T00:15:00+00:00,1.905,0.257,7.51
LOC036-U01,2026-01-09T00:30:00+00:00,3.69,0.262,10.76
LOC036-U01,2026-01-09T00:45:00+00:00,2.574,0.316,9.92
LOC036-U01,2026-01-09T01:00:00+00:00,2.133,0.353,8.23
LOC036-U01,2026-01-09T01:15:00+00:00,2.149,0.347,11.63
LOC036-U01,2026-01-09T01:30:00+00:00,2.16,0.226,9.46
LOC036-U01,2026-01-09T01:45:00+00:00,1.944,0.224,6.83
LOC036-U01,2026-01-09T02:00:00+00:00,2.327,0.273,9.35
LOC036-U01,2026-01-09T02:15:00+00:00,2.587,0.364,10.44
LOC036-U01,2026-01-09T02:30:00+00:00,1.289,0.241,8.91
LOC036-U01,2026-01-09T02:45:00+00:00,2.98,0.371,10.95
LOC036-U01,2026-01-09T03:00:00+00:00,1.391,0.329,7.25
LOC036-U01,2026-01-09T03:15:00+00:00,2.776,0.338,7.51
LOC036-U01,2026-01-09T03:30:00+00:00,1.978,0.298,9.07
LOC036-U01,2026-01-09T03:45:00+00:00,1.517,0.337,8.76
LOC035-U01,2026-01-08T10:00:00+00:00,1.978,0.354,11.46
LOC035-U01,2026-01-08T10:15:00+00:00,1.431,0.356,9.69
LOC035-U01,2026-01-08T10:30:00+00:00,1.354,0.282,8.0
LOC035-U01,2026-01-08T10:45:00+00:00,2.144,0.254,10.99
LOC035-U01,2026-01-08T11:00:00+00:00,2.1,0.279,9.86
LOC035-U01,2026-01-08T11:15:00+00:00,2.466,0.318,9.89
LOC035-U01,2026-01-08T11:30:00+00:00,1.88,0.25,10.8
LOC035-U01,2026-01-08T11:45:00+00:00,2.135,0.361,6.92
LOC035-U01,2026-01-08T12:00:00+00:00,2.044,0.34,11.15
LOC035-U01,2026-01-08T12:15:00+00:00,2.249,0.349,11.13
LOC035-U01,2026-01-08T12:30:00+00:00,2.255,0.223,8.88
LOC035-U01,2026-01-08T12:45:00+00:00,2.37,0.304,10.6
LOC035-U01,2026-01-08T13:00:00+00:00,2.173,0.294,10.52
LOC035-U01,2026-01-08T13:15:00+00:00,2.178,0.338,7.57
LOC035-U01,2026-01-08T13:30:00+00:00,2.728,0.346,9.6
LOC035-U01,2026-01-08T13:45:00+00:00,1.366,0.36,8.4
LOC035-U01,2026-01-08T14:00:00+00:00,1.732,0.328,9.42
LOC035-U01,2026-01-08T14:15:00+00:00,2.426,0.28,11.36
LOC035-U01,2026-01-08T14:30:00+00:00,1.639,0.369,7.77
LOC035-U01,2026-01-08T14:45:00+00:00,2.122,0.3,11.21
LOC035-U01,2026-01-08T15:00:00+00:00,2.271,0.346,7.77
LOC035-U01,2026-01-08T15:15:00+00:00,1.967,0.269,11.34
LOC035-U01,2026-01-08T15:30:00+00:00,1.649,0.251,8.87
LOC035-U01,2026-01-08T15:45:00+00:00,1.547,0.268,8.49
LOC035-U01,2026-01-08T16:00:00+00:00,2.289,0.222,10.05
LOC035-U01,2026-01-08T16:15:00+00:00,3.137,0.3,8.65
LOC035-U01,2026-01-08T16:30:00+00:00,2.065,0.353,10.86
LOC035-U01,2026-01-08T16:45:00+00:00,1.738,0.366,9.4
LOC035-U01,2026-01-08T17:00:00+00:00,2.436,0.249,11.13
LOC035-U01,2026-01-08T17:15:00+00:00,2.891,0.245,8.71
LOC035-U01,2026-01-08T17:30:00+00:00,2.387,0.264,10.75
LOC035-U01,2026-01-08T17:45:00+00:00,2.118,0.248,10.24
LOC035-U01,2026-01-08T18:00:00+00:00,2.58,0.371,10.98
LOC035-U01,2026-01-08T18:15:00+00:00,2.805,0.254,9.25
LOC035-U01,2026-01-08T18:30:00+00:00,1.92,0.243,10.07
LOC035-U01,2026-01-08T18:45:00+00:00,2.172,0.261,9.15
LOC035-U01,2026-01-08T19:00:00+00:00,1.239,0.243,7.17
LOC035-U01,2026-01-08T19:15:00+00:00,1.717,0.254,8.56
LOC035-U01,2026-01-08T19:30:00+00:00,1.471,0.354,6.97
LOC035-U01,2026-01-08T19:45:00+00:00,1.829,0.349,8.29
LOC035-U01,2026-01-08T20:00:00+00:00,1.644,0.259,9.94
LOC035-U01,2026-01-08T20:15:00+00:00,2.818,0.271,9.79
LOC035-U01,2026-01-08T20:30:00+00:00,2.209,0.287,7.99
LOC035-U01,2026-01-08T20:45:00+00:00,2.673,0.299,8.07
LOC035-U01,2026-01-08T21:00:00+00:00,1.778,0.321,8.99
LOC035-U01,2026-01-08T21:15:00+00:00,1.553,0.372,10.91
LOC035-U01,2026-01-08T21:30:00+00:00,2.228,0.295,10.2
LOC035-U01,2026-01-08T21:45:00+00:00,1.64,0.263,9.2
LOC035-U01,2026-01-08T22:00:00+00:00,2.077,0.265,9.42
LOC035-U01,2026-01-08T22:15:00+00:00,2.991,0.279,10.41
LOC035-U01,2026-01-08T22:30:00+00:00,2.817,0.307,10.69
LOC035-U01,2026-01-08T22:45:00+00:00,1.478,0.319,8.89
LOC035-U01,2026-01-08T23:00:00+00:00,1.804,0.23,7.71
LOC035-U01,2026-01-08T23:15:00+00:00,2.231,0.357,11.53
LOC035-U01,2026-01-08T23:30:00+00:00,2.117,0.371,8.67
LOC035-U01,2026-01-08T23:45:00+00:00,1.852,0.353,8.1
LOC035-U01,2026-01-09T00:00:00+00:00,2.215,0.272,8.88
LOC035-U01,2026-01-09T00:15:00+00:00,1.841,0.261,7.39
LOC035-U01,2026-01-09T00:30:00+00:00,2.325,0.347,7.89
LOC035-U01,2026-01-09T00:45:00+00:00,1.577,0.34,6.9
LOC035-U01,2026-01-09T01:00:00+00:00,1.076,0.302,8.88
LOC035-U01,2026-01-09T01:15:00+00:00,2.806,0.256,9.94
LOC035-U01,2026-01-09T01:30:00+00:00,1.458,0.342,9.22
LOC035-U01,2026-01-09T01:45:00+00:00,2.333,0.373,9.18
LOC035-U01,2026-01-09T02:00:00+00:00,2.874,0.359,10.22
LOC035-U01,2026-01-09T02:15:00+00:00,2.388,0.258,7.15
LOC035-U01,2026-01-09T02:30:00+00:00,1.585,0.357,7.25
LOC035-U01,2026-01-09T02:45:00+00:00,1.629,0.234,11.33
LOC035-U01,2026-01-09T03:00:00+00:00,1.889,0.343,10.33
LOC035-U01,2026-01-09T03:15:00+00:00,1.741,0.314,11.53
LOC035-U01,2026-01-09T03:30:00+00:00,2.417,0.363,11.74
LOC035-U01,2026-01-09T03:45:00+00:00,2.136,0.232,9.03
LOC001-U01,2026-01-08T10:00:00+00:00,1.746,0.34,10.45
LOC001-U01,2026-01-08T10:15:00+00:00,2.029,0.279,9.24
LOC001-U01,2026-01-08T10:30:00+00:00,2.374,0.33,11.01
LOC001-U01,2026-01-08T10:45:00+00:00,2.375,0.304,8.85
LOC001-U01,2026-01-08T11:00:00+00:00,1.879,0.232,10.34
LOC001-U01,2026-01-08T11:15:00+00:00,2.142,0.327,7.81
LOC001-U01,2026-01-08T11:30:00+00:00,2.188,0.362,6.96
LOC001-U01,2026-01-08T11:45:00+00:00,1.276,0.339,6.91
LOC001-U01,2026-01-08T12:00:00+00:00,1.543,0.26,11.33
LOC001-U01,2026-01-08T12:15:00+00:00,2.074,0.313,10.7
LOC001-U01,2026-01-08T12:30:00+00:00,2.209,0.291,7.53
LOC001-U01,2026-01-08T12:45:00+00:00,2.114,0.329,9.59
LOC001-U01,2026-01-08T13:00:00+00:00,1.859,0.364,7.03
LOC001-U01,2026-01-08T13:15:00+00:00,2.085,0.281,7.88
LOC001-U01,2026-01-08T13:30:00+00:00,1.147,0.228,8.08
LOC001-U01,2026-01-08T13:45:00+00:00,2.96,0.25,7.3
LOC001-U01,2026-01-08T14:00:00+00:00,2.948,0.352,9.45
LOC001-U01,2026-01-08T14:15:00+00:00,1.709,0.277,11.23
LOC001-U01,2026-01-08T14:30:00+00:00,2.964,0.24,8.14
LOC001-U01,2026-01-08T14:45:00+00:00,1.883,0.288,10.55
LOC001-U01,2026-01-08T15:00:00+00:00,2.506,0.277,8.33
LOC001-U01,2026-01-08T15:15:00+00:00,0.396,0.248,10.63
LOC001-U01,2026-01-08T15:30:00+00:00,1.713,0.258,10.29
LOC001-U01,2026-01-08T15:45:00+00:00,1.78,0.28,10.8
LOC001-U01,2026-01-08T16:00:00+00:00,1.814,0.259,8.94
LOC001-U01,2026-01-08T16:15:00+00:00,1.758,0.225,11.14
LOC001-U01,2026-01-08T16:30:00+00:00,2.659,0.333,9.15
LOC001-U01,2026-01-08T16:45:00+00:00,2.061,0.224,8.18
LOC001-U01,2026-01-08T17:00:00+00:00,1.27,0.241,9.68
LOC001-U01,2026-01-08T17:15:00+00:00,1.989,0.285,11.14
LOC001-U01,2026-01-08T17:30:00+00:00,1.745,0.248,11.29
LOC001-U01,2026-01-08T17:45:00+00:00,2.793,0.332,11.59
LOC001-U01,2026-01-08T18:00:00+00:00,2.458,0.371,9.15
LOC001-U01,2026-01-08T18:15:00+00:00,1.777,0.265,7.51
LOC001-U01,2026-01-08T18:30:00+00:00,1.835,0.223,11.14
LOC001-U01,2026-01-08T18:45:00+00:00,2.152,0.244,9.35
LOC001-U01,2026-01-08T19:00:00+00:00,2.402,0.257,10.18
LOC001-U01,2026-01-08T19:15:00+00:00,2.002,0.279,10.81
LOC001-U01,2026-01-08T19:30:00+00:00,1.646,0.338,10.97
LOC001-U01,2026-01-08T19:45:00+00:00,2.464,0.333,7.89
LOC001-U01,2026-01-08T20:00:00+00:00,1.852,0.362,10.82
LOC001-U01,2026-01-08T20:15:00+00:00,2.842,0.305,9.9
LOC001-U01,2026-01-08T20:30:00+00:00,2.101,0.254,10.28
LOC001-U01,2026-01-08T20:45:00+00:00,1.749,0.335,7.84
LOC001-U01,2026-01-08T21:00:00+00:00,1.675,0.375,7.98
LOC001-U01,2026-01-08T21:15:00+00:00,2.585,0.368,9.17
LOC001-U01,2026-01-08T21:30:00+00:00,2.243,0.349,9.29
LOC001-U01,2026-01-08T21:45:00+00:00,2.374,0.247,11.32
LOC001-U01,2026-01-08T22:00:00+00:00,2.61,0.28,11.28
LOC001-U01,2026-01-08T22:15:00+00:00,2.613,0.361,6.98
LOC001-U01,2026-01-08T22:30:00+00:00,1.729,0.236,11.0
LOC001-U01,2026-01-08T22:45:00+00:00,2.792,0.268,9.08
LOC001-U01,2026-01-08T23:00:00+00:00,2.176,0.303,9.58
LOC001-U01,2026-01-08T23:15:00+00:00,2.484,0.34,6.87
LOC001-U01,2026-01-08T23:30:00+00:00,2.029,0.284,8.55
LOC001-U01,2026-01-08T23:45:00+00:00,2.321,0.246,10.07
LOC001-U01,2026-01-09T00:00:00+00:00,1.78,0.233,7.3
LOC001-U01,2026-01-09T00:15:00+00:00,2.448,0.363,8.4
LOC001-U01,2026-01-09T00:30:00+00:00,1.003,0.296,11.28
LOC001-U01,2026-01-09T00:45:00+00:00,2.167,0.285,7.42
LOC001-U01,2026-01-09T01:00:00+00:00,1.514,0.297,10.43
LOC001-U01,2026-01-09T01:15:00+00:00,2.424,0.271,10.28
LOC001-U01,2026-01-09T01:30:00+00:00,1.951,0.299,10.56
LOC001-U01,2026-01-09T01:45:00+00:00,3.201,0.367,11.77
LOC001-U01,2026-01-09T02:00:00+00:00,2.685,0.352,7.07
LOC001-U01,2026-01-09T02:15:00+00:00,2.765,0.345,11.47
LOC001-U01,2026-01-09T02:30:00+00:00,2.455,0.253,11.16
LOC001-U01,2026-01-09T02:45:00+00:00,1.76,0.346,11.0
LOC001-U01,2026-01-09T03:00:00+00:00,2.564,0.368,7.11
LOC001-U01,2026-01-09T03:15:00+00:00,2.461,0.324,8.97
LOC001-U01,2026-01-09T03:30:00+00:00,1.772,0.279,11.43
LOC001-U01,2026-01-09T03:45:00+00:00,3.198,0.244,9.95
LOC017-U02,2026-01-08T10:00:00+00:00,2.053,0.272,8.99
LOC017-U02,2026-01-08T10:15:00+00:00,2.943,0.242,11.55
LOC017-U02,2026-01-08T10:30:00+00:00,1.654,0.35,9.29
LOC017-U02,2026-01-08T10:45:00+00:00,2.587,0.276,11.07
LOC017-U02,2026-01-08T11:00:00+00:00,2.467,0.308,8.9
LOC017-U02,2026-01-08T11:15:00+00:00,2.448,0.37,7.63
LOC017-U02,2026-01-08T11:30:00+00:00,1.338,0.347,8.11
LOC017-U02,2026-01-08T11:45:00+00:00,1.882,0.364,11.19
LOC017-U02,2026-01-08T12:00:00+00:00,2.139,0.295,7.87
LOC017-U02,2026-01-08T12:15:00+00:00,2.936,0.362,11.05
LOC017-U02,2026-01-08T12:30:00+00:00,3.338,0.319,7.53
LOC017-U02,2026-01-08T12:45:00+00:00,2.251,0.244,7.62
LOC017-U02,2026-01-08T13:00:00+00:00,2.124,0.359,8.44
LOC017-U02,2026-01-08T13:15:00+00:00,1.887,0.272,7.84
LOC017-U02,2026-01-08T13:30:00+00:00,1.571,0.253,7.39
LOC017-U02,2026-01-08T13:45:00+00:00,2.08,0.373,11.09
LOC017-U02,2026-01-08T14:00:00+00:00,2.171,0.252,10.91
LOC017-U02,2026-01-08T14:15:00+00:00,2.331,0.345,10.51
LOC017-U02,2026-01-08T14:30:00+00:00,1.948,0.359,8.92
LOC017-U02,2026-01-08T14:45:00+00:00,1.631,0.246,7.04
LOC017-U02,2026-01-08T15:00:00+00:00,1.524,0.228,9.95
LOC017-U02,2026-01-08T15:15:00+00:00,1.115,0.348,10.81
LOC017-U02,2026-01-08T15:30:00+00:00,2.878,0.225,7.74
LOC017-U02,2026-01-08T15:45:00+00:00,1.438,0.226,7.65
LOC017-U02,2026-01-08T16:00:00+00:00,2.415,0.372,11.53
LOC017-U02,2026-01-08T16:15:00+00:00,2.723,0.278,11.19
LOC017-U02,2026-01-08T16:30:00+00:00,1.483,0.311,9.01
LOC017-U02,2026-01-08T16:45:00+00:00,1.937,0.23,9.99
LOC017-U02,2026-01-08T17:00:00+00:00,2.32,0.319,10.86
LOC017-U02,2026-01-08T17:15:00+00:00,1.945,0.281,8.96
LOC017-U02,2026-01-08T17:30:00+00:00,3.718,0.312,7.8
LOC017-U02,2026-01-08T17:45:00+00:00,1.11,0.364,6.83
LOC017-U02,2026-01-08T18:00:00+00:00,2.958,0.342,8.07
LOC017-U02,2026-01-08T18:15:00+00:00,2.187,0.268,9.19
LOC017-U02,2026-01-08T18:30:00+00:00,1.589,0.264,8.1
LOC017-U02,2026-01-08T18:45:00+00:00,1.606,0.251,8.43
LOC017-U02,2026-01-08T19:00:00+00:00,2.19,0.245,6.92
LOC017-U02,2026-01-08T19:15:00+00:00,1.905,0.298,9.14
LOC017-U02,2026-01-08T19:30:00+00:00,1.432,0.315,7.16
LOC017-U02,2026-01-08T19:45:00+00:00,3.114,0.222,7.58
LOC017-U02,2026-01-08T20:00:00+00:00,2.781,0.344,7.94
LOC017-U02,2026-01-08T20:15:00+00:00,2.724,0.233,9.55
LOC017-U02,2026-01-08T20:30:00+00:00,2.326,0.239,7.95
LOC017-U02,2026-01-08T20:45:00+00:00,2.218,0.363,11.02
LOC017-U02,2026-01-08T21:00:00+00:00,1.693,0.32,8.12
LOC017-U02,2026-01-08T21:15:00+00:00,2.031,0.288,10.53
LOC017-U02,2026-01-08T21:30:00+00:00,2.36,0.229,9.52
LOC017-U02,2026-01-08T21:45:00+00:00,3.093,0.273,7.55
LOC017-U02,2026-01-08T22:00:00+00:00,1.771,0.291,7.12
LOC017-U02,2026-01-08T22:15:00+00:00,2.158,0.232,10.94
LOC017-U02,2026-01-08T22:30:00+00:00,2.239,0.375,11.79
LOC017-U02,2026-01-08T22:45:00+00:00,2.55,0.374,8.78
LOC017-U02,2026-01-08T23:00:00+00:00,1.981,0.314,7.68
LOC017-U02,2026-01-08T23:15:00+00:00,1.929,0.256,7.93
LOC017-U02,2026-01-08T23:30:00+00:00,1.362,0.222,10.97
LOC017-U02,2026-01-08T23:45:00+00:00,3.073,0.259,10.53
LOC017-U02,2026-01-09T00:00:00+00:00,2.429,0.313,7.99
LOC017-U02,2026-01-09T00:15:00+00:00,2.415,0.31,11.47
LOC017-U02,2026-01-09T00:30:00+00:00,2.29,0.25,9.14
LOC017-U02,2026-01-09T00:45:00+00:00,2.234,0.311,9.03
LOC017-U02,2026-01-09T01:00:00+00:00,1.73,0.323,9.37
LOC017-U02,2026-01-09T01:15:00+00:00,3.117,0.284,10.68
LOC017-U02,2026-01-09T01:30:00+00:00,1.739,0.259,8.85
LOC017-U02,2026-01-09T01:45:00+00:00,2.259,0.235,7.15
LOC017-U02,2026-01-09T02:00:00+00:00,1.348,0.274,8.63
LOC017-U02,2026-01-09T02:15:00+00:00,2.321,0.291,10.14
LOC017-U02,2026-01-09T02:30:00+00:00,2.467,0.285,9.47
LOC017-U02,2026-01-09T02:45:00+00:00,2.806,0.373,7.33
LOC017-U02,2026-01-09T03:00:00+00:00,1.251,0.265,10.89
LOC017-U02,2026-01-09T03:15:00+00:00,2.319,0.244,6.66
LOC017-U02,2026-01-09T03:30:00+00:00,1.972,0.311,7.18
LOC017-U02,2026-01-09T03:45:00+00:00,2.76,0.252,10.2
LOC013-U01,2026-01-08T10:00:00+00:00,1.863,0.316,8.25
LOC013-U01,2026-01-08T10:15:00+00:00,1.913,0.234,9.47
LOC013-U01,2026-01-08T10:30:00+00:00,1.589,0.302,9.53
LOC013-U01,2026-01-08T10:45:00+00:00,2.086,0.236,9.77
LOC013-U01,2026-01-08T11:00:00+00:00,2.493,0.378,11.34
LOC013-U01,2026-01-08T11:15:00+00:00,2.215,0.349,10.97
LOC013-U01,2026-01-08T11:30:00+00:00,1.351,0.314,11.11
LOC013-U01,2026-01-08T11:45:00+00:00,2.366,0.336,10.47
LOC013-U01,2026-01-08T12:00:00+00:00,1.622,0.327,8.77
LOC013-U01,2026-01-08T12:15:00+00:00,1.798,0.243,9.32
LOC013-U01,2026-01-08T12:30:00+00:00,2.021,0.264,7.1
LOC013-U01,2026-01-08T12:45:00+00:00,1.107,0.341,9.0
LOC013-U01,2026-01-08T13:00:00+00:00,1.804,0.337,7.16
LOC013-U01,2026-01-08T13:15:00+00:00,2.433,0.348,9.55
LOC013-U01,2026-01-08T13:30:00+00:00,1.953,0.235,8.8
LOC013-U01,2026-01-08T13:45:00+00:00,2.013,0.276,8.35
LOC013-U01,2026-01-08T14:00:00+00:00,2.551,0.271,10.94
LOC013-U01,2026-01-08T14:15:00+00:00,2.763,0.308,9.46
LOC013-U01,2026-01-08T14:30:00+00:00,1.642,0.35,9.8
LOC013-U01,2026-01-08T14:45:00+00:00,2.786,0.375,7.22
LOC013-U01,2026-01-08T15:00:00+00:00,1.421,0.374,11.25
LOC013-U01,2026-01-08T15:15:00+00:00,3.452,0.315,9.89
LOC013-U01,2026-01-08T15:30:00+00:00,1.605,0.256,10.7
LOC013-U01,2026-01-08T15:45:00+00:00,2.623,0.319,9.67
LOC013-U01,2026-01-08T16:00:00+00:00,2.792,0.353,11.49
LOC013-U01,2026-01-08T16:15:00+00:00,1.853,0.321,9.52
LOC013-U01,2026-01-08T16:30:00+00:00,2.475,0.237,6.65
LOC013-U01,2026-01-08T16:45:00+00:00,2.054,0.31,9.21
LOC013-U01,2026-01-08T17:00:00+00:00,2.136,0.354,9.28
LOC013-U01,2026-01-08T17:15:00+00:00,1.591,0.313,7.92
LOC013-U01,2026-01-08T17:30:00+00:00,2.158,0.239,11.27
LOC013-U01,2026-01-08T17:45:00+00:00,2.225,0.311,7.5
LOC013-U01,2026-01-08T18:00:00+00:00,2.053,0.375,11.17
LOC013-U01,2026-01-08T18:15:00+00:00,2.201,0.367,9.03
LOC013-U01,2026-01-08T18:30:00+00:00,2.996,0.366,11.92
LOC013-U01,2026-01-08T18:45:00+00:00,3.211,0.259,9.58
LOC013-U01,2026-01-08T19:00:00+00:00,2.146,0.318,9.07
LOC013-U01,2026-01-08T19:15:00+00:00,2.463,0.373,9.93
LOC013-U01,2026-01-08T19:30:00+00:00,1.838,0.275,9.48
LOC013-U01,2026-01-08T19:45:00+00:00,2.058,0.357,7.78
LOC013-U01,2026-01-08T20:00:00+00:00,2.192,0.341,10.96
LOC013-U01,2026-01-08T20:15:00+00:00,2.625,0.327,11.69
LOC013-U01,2026-01-08T20:30:00+00:00,2.553,0.244,10.34
LOC013-U01,2026-01-08T20:45:00+00:00,2.039,0.332,8.64
LOC013-U01,2026-01-08T21:00:00+00:00,2.78,0.347,11.31
LOC013-U01,2026-01-08T21:15:00+00:00,1.57,0.25,10.29
LOC013-U01,2026-01-08T21:30:00+00:00,1.961,0.236,10.77
LOC013-U01,2026-01-08T21:45:00+00:00,1.667,0.35,9.59
LOC013-U01,2026-01-08T22:00:00+00:00,2.837,0.355,7.67
LOC013-U01,2026-01-08T22:15:00+00:00,2.518,0.317,7.6
LOC013-U01,2026-01-08T22:30:00+00:00,2.876,0.254,10.82
LOC013-U01,2026-01-08T22:45:00+00:00,1.858,0.321,11.48
LOC013-U01,2026-01-08T23:00:00+00:00,2.556,0.327,8.87
LOC013-U01,2026-01-08T23:15:00+00:00,2.493,0.314,6.89
LOC013-U01,2026-01-08T23:30:00+00:00,2.13,0.361,9.51
LOC013-U01,2026-01-08T23:45:00+00:00,3.09,0.358,10.57
LOC013-U01,2026-01-09T00:00:00+00:00,1.145,0.315,10.7
LOC013-U01,2026-01-09T00:15:00+00:00,2.6,0.291,10.59
LOC013-U01,2026-01-09T00:30:00+00:00,3.025,0.232,8.82
LOC013-U01,2026-01-09T00:45:00+00:00,2.079,0.235,9.96
LOC013-U01,2026-01-09T01:00:00+00:00,1.226,0.288,7.02
LOC013-U01,2026-01-09T01:15:00+00:00,2.497,0.352,10.92
LOC013-U01,2026-01-09T01:30:00+00:00,2.387,0.331,10.0
LOC013-U01,2026-01-09T01:45:00+00:00,2.77,0.245,9.02
LOC013-U01,2026-01-09T02:00:00+00:00,2.309,0.256,9.31
LOC013-U01,2026-01-09T02:15:00+00:00,1.172,0.3,6.98
LOC013-U01,2026-01-09T02:30:00+00:00,2.057,0.349,7.42
LOC013-U01,2026-01-09T02:45:00+00:00,1.758,0.351,10.15
LOC013-U01,2026-01-09T03:00:00+00:00,3.203,0.262,8.71
LOC013-U01,2026-01-09T03:15:00+00:00,1.508,0.279,9.31
LOC013-U01,2026-01-09T03:30:00+00:00,1.36,0.373,9.22
LOC013-U01,2026-01-09T03:45:00+00:00,1.385,0.357,8.3
LOC013-U02,2026-01-08T10:00:00+00:00,1.588,0.303,9.88
LOC013-U02,2026-01-08T10:15:00+00:00,1.632,0.228,7.94
LOC013-U02,2026-01-08T10:30:00+00:00,2.049,0.32,9.98
LOC013-U02,2026-01-08T10:45:00+00:00,2.311,0.359,11.15
LOC013-U02,2026-01-08T11:00:00+00:00,2.136,0.258,7.55
LOC013-U02,2026-01-08T11:15:00+00:00,1.853,0.256,7.81
LOC013-U02,2026-01-08T11:30:00+00:00,2.235,0.372,7.94
LOC013-U02,2026-01-08T11:45:00+00:00,1.96,0.297,11.27
LOC013-U02,2026-01-08T12:00:00+00:00,1.402,0.378,9.79
LOC013-U02,2026-01-08T12:15:00+00:00,2.612,0.272,9.31
LOC013-U02,2026-01-08T12:30:00+00:00,2.076,0.333,6.76
LOC013-U02,2026-01-08T12:45:00+00:00,2.16,0.298,11.07
LOC013-U02,2026-01-08T13:00:00+00:00,2.278,0.221,10.37
LOC013-U02,2026-01-08T13:15:00+00:00,1.366,0.279,9.06
LOC013-U02,2026-01-08T13:30:00+00:00,2.555,0.34,10.81
LOC013-U02,2026-01-08T13:45:00+00:00,2.0,0.297,11.17
LOC013-U02,2026-01-08T14:00:00+00:00,2.378,0.292,10.59
LOC013-U02,2026-01-08T14:15:00+00:00,1.737,0.354,9.11
LOC013-U02,2026-01-08T14:30:00+00:00,2.425,0.322,10.46
LOC013-U02,2026-01-08T14:45:00+00:00,2.44,0.262,10.47
LOC013-U02,2026-01-08T15:00:00+00:00,2.741,0.331,9.2
LOC013-U02,2026-01-08T15:15:00+00:00,1.975,0.324,7.89
LOC013-U02,2026-01-08T15:30:00+00:00,2.385,0.332,9.32
LOC013-U02,2026-01-08T15:45:00+00:00,2.003,0.306,10.69
LOC013-U02,2026-01-08T16:00:00+00:00,2.498,0.258,8.68
LOC013-U02,2026-01-08T16:15:00+00:00,1.658,0.314,9.62
LOC013-U02,2026-01-08T16:30:00+00:00,2.93,0.359,11.7
LOC013-U02,2026-01-08T16:45:00+00:00,1.734,0.316,9.81
LOC013-U02,2026-01-08T17:00:00+00:00,3.405,0.342,8.0
LOC013-U02,2026-01-08T17:15:00+00:00,2.313,0.249,7.26
LOC013-U02,2026-01-08T17:30:00+00:00,1.497,0.308,9.19
LOC013-U02,2026-01-08T17:45:00+00:00,2.518,0.253,11.61
LOC013-U02,2026-01-08T18:00:00+00:00,2.163,0.282,7.73
LOC013-U02,2026-01-08T18:15:00+00:00,1.737,0.29,9.17
LOC013-U02,2026-01-08T18:30:00+00:00,1.528,0.293,9.38
LOC013-U02,2026-01-08T18:45:00+00:00,2.136,0.22,7.11
LOC013-U02,2026-01-08T19:00:00+00:00,3.289,0.225,8.78
LOC013-U02,2026-01-08T19:15:00+00:00,0.8,0.275,7.78
LOC013-U02,2026-01-08T19:30:00+00:00,1.679,0.338,8.11
LOC013-U02,2026-01-08T19:45:00+00:00,2.04,0.232,9.76
LOC013-U02,2026-01-08T20:00:00+00:00,2.249,0.228,9.29
LOC013-U02,2026-01-08T20:15:00+00:00,2.24,0.379,11.57
LOC013-U02,2026-01-08T20:30:00+00:00,2.273,0.312,10.6
LOC013-U02,2026-01-08T20:45:00+00:00,1.182,0.295,8.55
LOC013-U02,2026-01-08T21:00:00+00:00,2.557,0.317,10.09
LOC013-U02,2026-01-08T21:15:00+00:00,1.915,0.309,8.06
LOC013-U02,2026-01-08T21:30:00+00:00,2.351,0.27,6.72
LOC013-U02,2026-01-08T21:45:00+00:00,2.137,0.242,7.27
LOC013-U02,2026-01-08T22:00:00+00:00,2.373,0.314,8.33
LOC013-U02,2026-01-08T22:15:00+00:00,1.393,0.314,10.34
LOC013-U02,2026-01-08T22:30:00+00:00,2.19,0.251,6.88
LOC013-U02,2026-01-08T22:45:00+00:00,2.171,0.37,11.66
LOC013-U02,2026-01-08T23:00:00+00:00,3.075,0.346,9.79
LOC013-U02,2026-01-08T23:15:00+00:00,2.932,0.354,7.47
LOC013-U02,2026-01-08T23:30:00+00:00,2.524,0.356,10.71
LOC013-U02,2026-01-08T23:45:00+00:00,1.818,0.276,7.29
LOC013-U02,2026-01-09T00:00:00+00:00,2.335,0.235,6.83
LOC013-U02,2026-01-09T00:15:00+00:00,1.961,0.305,10.83
LOC013-U02,2026-01-09T00:30:00+00:00,2.87,0.379,11.29
LOC013-U02,2026-01-09T00:45:00+00:00,1.674,0.285,11.12
LOC013-U02,2026-01-09T01:00:00+00:00,1.563,0.333,7.8
LOC013-U02,2026-01-09T01:15:00+00:00,1.993,0.378,7.27
LOC013-U02,2026-01-09T01:30:00+00:00,2.24,0.352,11.7
LOC013-U02,2026-01-09T01:45:00+00:00,2.47,0.34,8.13
LOC013-U02,2026-01-09T02:00:00+00:00,1.722,0.365,7.62
LOC013-U02,2026-01-09T02:15:00+00:00,1.783,0.255,11.01
LOC013-U02,2026-01-09T02:30:00+00:00,1.466,0.312,8.1
LOC013-U02,2026-01-09T02:45:00+00:00,1.967,0.371,6.92
LOC013-U02,2026-01-09T03:00:00+00:00,1.999,0.237,9.02
LOC013-U02,2026-01-09T03:15:00+00:00,1.994,0.263,9.19
LOC013-U02,2026-01-09T03:30:00+00:00,2.713,0.237,9.48
LOC013-U02,2026-01-09T03:45:00+00:00,1.959,0.375,10.9
LOC038-U01,2026-01-08T10:00:00+00:00,1.275,0.302,9.85
LOC038-U01,2026-01-08T10:15:00+00:00,2.225,0.291,9.95
LOC038-U01,2026-01-08T10:30:00+00:00,2.031,0.369,10.81
LOC038-U01,2026-01-08T10:45:00+00:00,1.623,0.322,9.32
LOC038-U01,2026-01-08T11:00:00+00:00,1.842,0.279,11.27
LOC038-U01,2026-01-08T11:15:00+00:00,2.568,0.355,9.46
LOC038-U01,2026-01-08T11:30:00+00:00,1.719,0.272,7.02
LOC038-U01,2026-01-08T11:45:00+00:00,1.75,0.3,10.27
LOC038-U01,2026-01-08T12:00:00+00:00,2.242,0.362,9.54
LOC038-U01,2026-01-08T12:15:00+00:00,1.897,0.333,10.5
LOC038-U01,2026-01-08T12:30:00+00:00,2.151,0.276,7.73
LOC038-U01,2026-01-08T12:45:00+00:00,1.807,0.287,10.35
LOC038-U01,2026-01-08T13:00:00+00:00,1.83,0.358,11.56
LOC038-U01,2026-01-08T13:15:00+00:00,1.724,0.307,8.69
LOC038-U01,2026-01-08T13:30:00+00:00,1.684,0.235,10.92
LOC038-U01,2026-01-08T13:45:00+00:00,2.409,0.298,11.6
LOC038-U01,2026-01-08T14:00:00+00:00,1.589,0.365,11.29
LOC038-U01,2026-01-08T14:15:00+00:00,2.207,0.299,10.45
LOC038-U01,2026-01-08T14:30:00+00:00,1.754,0.331,7.87
LOC038-U01,2026-01-08T14:45:00+00:00,1.604,0.33,8.72
LOC038-U01,2026-01-08T15:00:00+00:00,2.875,0.241,11.53
LOC038-U01,2026-01-08T15:15:00+00:00,1.97,0.241,8.77
LOC038-U01,2026-01-08T15:30:00+00:00,1.946,0.295,8.69
LOC038-U01,2026-01-08T15:45:00+00:00,2.377,0.302,7.59
LOC038-U01,2026-01-08T16:00:00+00:00,1.888,0.353,8.72
LOC038-U01,2026-01-08T16:15:00+00:00,2.399,0.349,8.32
LOC038-U01,2026-01-08T16:30:00+00:00,0.877,0.295,7.81
LOC038-U01,2026-01-08T16:45:00+00:00,2.047,0.255,7.17
LOC038-U01,2026-01-08T17:00:00+00:00,1.708,0.377,10.79
LOC038-U01,2026-01-08T17:15:00+00:00,1.496,0.346,10.28
LOC038-U01,2026-01-08T17:30:00+00:00,2.183,0.255,6.83
LOC038-U01,2026-01-08T17:45:00+00:00,2.103,0.37,7.57
LOC038-U01,2026-01-08T18:00:00+00:00,1.98,0.248,6.66
LOC038-U01,2026-01-08T18:15:00+00:00,2.401,0.289,9.29
LOC038-U01,2026-01-08T18:30:00+00:00,2.292,0.278,7.49
LOC038-U01,2026-01-08T18:45:00+00:00,2.239,0.376,10.19
LOC038-U01,2026-01-08T19:00:00+00:00,1.636,0.221,7.41
LOC038-U01,2026-01-08T19:15:00+00:00,2.289,0.377,11.05
LOC038-U01,2026-01-08T19:30:00+00:00,2.408,0.377,8.49
LOC038-U01,2026-01-08T19:45:00+00:00,2.239,0.327,10.02
LOC038-U01,2026-01-08T20:00:00+00:00,2.405,0.328,11.14
LOC038-U01,2026-01-08T20:15:00+00:00,1.776,0.237,6.9
LOC038-U01,2026-01-08T20:30:00+00:00,2.319,0.293,6.86
LOC038-U01,2026-01-08T20:45:00+00:00,2.321,0.29,7.23
LOC038-U01,2026-01-08T21:00:00+00:00,2.312,0.227,8.86
LOC038-U01,2026-01-08T21:15:00+00:00,2.354,0.292,10.83
LOC038-U01,2026-01-08T21:30:00+00:00,1.63,0.226,7.38
LOC038-U01,2026-01-08T21:45:00+00:00,2.801,0.25,7.68
LOC038-U01,2026-01-08T22:00:00+00:00,1.734,0.28,10.03
LOC038-U01,2026-01-08T22:15:00+00:00,1.97,0.379,11.3
LOC038-U01,2026-01-08T22:30:00+00:00,0.947,0.333,8.98
LOC038-U01,2026-01-08T22:45:00+00:00,1.903,0.28,9.79
LOC038-U01,2026-01-08T23:00:00+00:00,1.859,0.335,8.01
LOC038-U01,2026-01-08T23:15:00+00:00,2.142,0.287,10.6
LOC038-U01,2026-01-08T23:30:00+00:00,1.645,0.272,9.87
LOC038-U01,2026-01-08T23:45:00+00:00,1.754,0.35,9.78
LOC038-U01,2026-01-09T00:00:00+00:00,1.963,0.314,10.06
LOC038-U01,2026-01-09T00:15:00+00:00,2.585,0.294,6.77
LOC038-U01,2026-01-09T00:30:00+00:00,2.158,0.254,9.46
LOC038-U01,2026-01-09T00:45:00+00:00,2.217,0.323,7.66
LOC038-U01,2026-01-09T01:00:00+00:00,1.725,0.272,6.6
LOC038-U01,2026-01-09T01:15:00+00:00,2.518,0.376,7.82
LOC038-U01,2026-01-09T01:30:00+00:00,1.601,0.326,9.27
LOC038-U01,2026-01-09T01:45:00+00:00,1.513,0.364,7.54
LOC038-U01,2026-01-09T02:00:00+00:00,3.193,0.352,9.82
LOC038-U01,2026-01-09T02:15:00+00:00,2.032,0.305,8.87
LOC038-U01,2026-01-09T02:30:00+00:00,1.229,0.308,8.29
LOC038-U01,2026-01-09T02:45:00+00:00,1.883,0.316,10.91
LOC038-U01,2026-01-09T03:00:00+00:00,2.194,0.293,10.26
LOC038-U01,2026-01-09T03:15:00+00:00,2.731,0.259,7.37
LOC038-U01,2026-01-09T03:30:00+00:00,2.725,0.227,6.88
LOC038-U01,2026-01-09T03:45:00+00:00,2.865,0.298,10.54
LOC008-U02,2026-01-08T10:00:00+00:00,1.471,0.306,8.59
LOC008-U02,2026-01-08T10:15:00+00:00,2.999,0.232,8.46
LOC008-U02,2026-01-08T10:30:00+00:00,1.523,0.286,9.18
LOC008-U02,2026-01-08T10:45:00+00:00,1.307,0.22,11.11
LOC008-U02,2026-01-08T11:00:00+00:00,2.707,0.228,8.48
LOC008-U02,2026-01-08T11:15:00+00:00,1.718,0.341,10.11
LOC008-U02,2026-01-08T11:30:00+00:00,1.671,0.234,9.75
LOC008-U02,2026-01-08T11:45:00+00:00,1.67,0.353,10.15
LOC008-U02,2026-01-08T12:00:00+00:00,1.834,0.302,10.28
LOC008-U02,2026-01-08T12:15:00+00:00,1.592,0.321,10.59
LOC008-U02,2026-01-08T12:30:00+00:00,1.854,0.374,11.12
LOC008-U02,2026-01-08T12:45:00+00:00,1.651,0.279,8.7
LOC008-U02,2026-01-08T13:00:00+00:00,2.057,0.363,8.56
LOC008-U02,2026-01-08T13:15:00+00:00,2.619,0.261,11.65
LOC008-U02,2026-01-08T13:30:00+00:00,2.494,0.379,8.17
LOC008-U02,2026-01-08T13:45:00+00:00,1.795,0.344,7.53
LOC008-U02,2026-01-08T14:00:00+00:00,2.713,0.354,11.36
LOC008-U02,2026-01-08T14:15:00+00:00,2.144,0.283,9.74
LOC008-U02,2026-01-08T14:30:00+00:00,2.729,0.259,8.96
LOC008-U02,2026-01-08T14:45:00+00:00,2.118,0.295,10.82
LOC008-U02,2026-01-08T15:00:00+00:00,2.558,0.343,9.88
LOC008-U02,2026-01-08T15:15:00+00:00,1.87,0.344,9.08
LOC008-U02,2026-01-08T15:30:00+00:00,2.008,0.377,9.99
LOC008-U02,2026-01-08T15:45:00+00:00,1.86,0.372,9.14
LOC008-U02,2026-01-08T16:00:00+00:00,2.327,0.259,11.2
LOC008-U02,2026-01-08T16:15:00+00:00,2.452,0.361,8.4
LOC008-U02,2026-01-08T16:30:00+00:00,1.178,0.338,7.35
LOC008-U02,2026-01-08T16:45:00+00:00,1.907,0.338,9.49
LOC008-U02,2026-01-08T17:00:00+00:00,2.362,0.225,7.12
LOC008-U02,2026-01-08T17:15:00+00:00,2.413,0.284,9.82
LOC008-U02,2026-01-08T17:30:00+00:00,2.718,0.329,7.61
LOC008-U02,2026-01-08T17:45:00+00:00,2.097,0.301,9.79
LOC008-U02,2026-01-08T18:00:00+00:00,2.331,0.281,6.77
LOC008-U02,2026-01-08T18:15:00+00:00,1.929,0.376,7.87
LOC008-U02,2026-01-08T18:30:00+00:00,2.114,0.375,10.75
LOC008-U02,2026-01-08T18:45:00+00:00,2.063,0.253,8.73
LOC008-U02,2026-01-08T19:00:00+00:00,1.874,0.241,11.43
LOC008-U02,2026-01-08T19:15:00+00:00,2.469,0.345,7.83
LOC008-U02,2026-01-08T19:30:00+00:00,1.874,0.229,6.98
LOC008-U02,2026-01-08T19:45:00+00:00,2.131,0.316,9.66
LOC008-U02,2026-01-08T20:00:00+00:00,2.252,0.369,10.65
LOC008-U02,2026-01-08T20:15:00+00:00,1.539,0.224,7.53
LOC008-U02,2026-01-08T20:30:00+00:00,2.405,0.316,8.33
LOC008-U02,2026-01-08T20:45:00+00:00,2.498,0.247,8.02
LOC008-U02,2026-01-08T21:00:00+00:00,1.739,0.377,9.9
LOC008-U02,2026-01-08T21:15:00+00:00,2.186,0.348,11.11
LOC008-U02,2026-01-08T21:30:00+00:00,1.788,0.346,10.99
LOC008-U02,2026-01-08T21:45:00+00:00,2.488,0.327,7.18
LOC008-U02,2026-01-08T22:00:00+00:00,2.018,0.231,10.47
LOC008-U02,2026-01-08T22:15:00+00:00,1.483,0.277,8.8
LOC008-U02,2026-01-08T22:30:00+00:00,1.141,0.296,7.33
LOC008-U02,2026-01-08T22:45:00+00:00,1.826,0.27,9.12
LOC008-U02,2026-01-08T23:00:00+00:00,1.94,0.235,10.66
LOC008-U02,2026-01-08T23:15:00+00:00,2.524,0.353,7.32
LOC008-U02,2026-01-08T23:30:00+00:00,2.374,0.37,8.06
LOC008-U02,2026-01-08T23:45:00+00:00,1.788,0.321,10.11
LOC008-U02,2026-01-09T00:00:00+00:00,1.448,0.247,9.21
LOC008-U02,2026-01-09T00:15:00+00:00,2.708,0.269,7.64
LOC008-U02,2026-01-09T00:30:00+00:00,2.012,0.294,7.19
LOC008-U02,2026-01-09T00:45:00+00:00,2.371,0.303,7.99
LOC008-U02,2026-01-09T01:00:00+00:00,1.613,0.304,6.6
LOC008-U02,2026-01-09T01:15:00+00:00,0.929,0.224,7.47
LOC008-U02,2026-01-09T01:30:00+00:00,2.783,0.318,7.12
LOC008-U02,2026-01-09T01:45:00+00:00,2.768,0.222,10.65
LOC008-U02,2026-01-09T02:00:00+00:00,2.634,0.288,10.66
LOC008-U02,2026-01-09T02:15:00+00:00,1.583,0.324,6.73
LOC008-U02,2026-01-09T02:30:00+00:00,1.554,0.277,8.75
LOC008-U02,2026-01-09T02:45:00+00:00,2.107,0.354,8.08
LOC008-U02,2026-01-09T03:00:00+00:00,2.157,0.372,7.19
LOC008-U02,2026-01-09T03:15:00+00:00,2.697,0.33,10.26
LOC008-U02,2026-01-09T03:30:00+00:00,1.766,0.236,11.41
LOC008-U02,2026-01-09T03:45:00+00:00,1.88,0.321,7.15
LOC014-U01,2026-01-08T10:00:00+00:00,2.703,0.345,9.36
LOC014-U01,2026-01-08T10:15:00+00:00,3.03,0.343,7.92
LOC014-U01,2026-01-08T10:30:00+00:00,1.925,0.368,9.39
LOC014-U01,2026-01-08T10:45:00+00:00,2.442,0.361,8.66
LOC014-U01,2026-01-08T11:00:00+00:00,2.458,0.355,7.91
LOC014-U01,2026-01-08T11:15:00+00:00,2.136,0.346,8.69
LOC014-U01,2026-01-08T11:30:00+00:00,1.565,0.371,8.85
LOC014-U01,2026-01-08T11:45:00+00:00,2.278,0.237,10.06
LOC014-U01,2026-01-08T12:00:00+00:00,1.956,0.327,9.9
LOC014-U01,2026-01-08T12:15:00+00:00,1.998,0.28,9.82
LOC014-U01,2026-01-08T12:30:00+00:00,2.719,0.226,8.14
LOC014-U01,2026-01-08T12:45:00+00:00,1.35,0.286,7.25
LOC014-U01,2026-01-08T13:00:00+00:00,1.999,0.346,8.66
LOC014-U01,2026-01-08T13:15:00+00:00,0.909,0.248,9.44
LOC014-U01,2026-01-08T13:30:00+00:00,1.993,0.274,9.55
LOC014-U01,2026-01-08T13:45:00+00:00,2.016,0.286,8.77
LOC014-U01,2026-01-08T14:00:00+00:00,1.46,0.329,8.2
LOC014-U01,2026-01-08T14:15:00+00:00,3.116,0.363,11.36
LOC014-U01,2026-01-08T14:30:00+00:00,2.332,0.22,8.42
LOC014-U01,2026-01-08T14:45:00+00:00,2.311,0.314,8.36
LOC014-U01,2026-01-08T15:00:00+00:00,1.666,0.295,10.16
LOC014-U01,2026-01-08T15:15:00+00:00,2.128,0.314,11.35
LOC014-U01,2026-01-08T15:30:00+00:00,1.573,0.247,11.08
LOC014-U01,2026-01-08T15:45:00+00:00,2.69,0.375,10.67
LOC014-U01,2026-01-08T16:00:00+00:00,2.209,0.297,10.16
LOC014-U01,2026-01-08T16:15:00+00:00,2.294,0.34,11.03
LOC014-U01,2026-01-08T16:30:00+00:00,1.915,0.327,10.44
LOC014-U01,2026-01-08T16:45:00+00:00,1.951,0.365,7.6
LOC014-U01,2026-01-08T17:00:00+00:00,2.544,0.311,8.42
LOC014-U01,2026-01-08T17:15:00+00:00,1.84,0.356,7.37
LOC014-U01,2026-01-08T17:30:00+00:00,1.657,0.315,7.48
LOC014-U01,2026-01-08T17:45:00+00:00,3.112,0.26,9.67
LOC014-U01,2026-01-08T18:00:00+00:00,1.552,0.37,11.01
LOC014-U01,2026-01-08T18:15:00+00:00,2.748,0.26,8.7
LOC014-U01,2026-01-08T18:30:00+00:00,2.544,0.329,7.31
LOC014-U01,2026-01-08T18:45:00+00:00,2.611,0.325,11.39
LOC014-U01,2026-01-08T19:00:00+00:00,2.15,0.233,9.23
LOC014-U01,2026-01-08T19:15:00+00:00,2.203,0.365,7.09
LOC014-U01,2026-01-08T19:30:00+00:00,2.058,0.32,11.25
LOC014-U01,2026-01-08T19:45:00+00:00,2.61,0.334,11.27
LOC014-U01,2026-01-08T20:00:00+00:00,2.186,0.229,10.2
LOC014-U01,2026-01-08T20:15:00+00:00,2.05,0.288,9.98
LOC014-U01,2026-01-08T20:30:00+00:00,1.441,0.283,7.65
LOC014-U01,2026-01-08T20:45:00+00:00,2.689,0.361,7.46
LOC014-U01,2026-01-08T21:00:00+00:00,2.421,0.27,11.48
LOC014-U01,2026-01-08T21:15:00+00:00,3.64,0.328,10.8
LOC014-U01,2026-01-08T21:30:00+00:00,1.967,0.298,6.62
LOC014-U01,2026-01-08T21:45:00+00:00,1.623,0.238,9.92
LOC014-U01,2026-01-08T22:00:00+00:00,1.012,0.275,8.24
LOC014-U01,2026-01-08T22:15:00+00:00,2.489,0.301,9.72
LOC014-U01,2026-01-08T22:30:00+00:00,2.024,0.353,7.78
LOC014-U01,2026-01-08T22:45:00+00:00,1.912,0.316,10.27
LOC014-U01,2026-01-08T23:00:00+00:00,2.068,0.225,6.84
LOC014-U01,2026-01-08T23:15:00+00:00,1.74,0.308,10.94
LOC014-U01,2026-01-08T23:30:00+00:00,1.761,0.366,11.06
LOC014-U01,2026-01-08T23:45:00+00:00,1.461,0.277,10.93
LOC014-U01,2026-01-09T00:00:00+00:00,2.561,0.34,9.99
LOC014-U01,2026-01-09T00:15:00+00:00,1.321,0.317,7.79
LOC014-U01,2026-01-09T00:30:00+00:00,2.363,0.313,9.57
LOC014-U01,2026-01-09T00:45:00+00:00,2.407,0.313,7.54
LOC014-U01,2026-01-09T01:00:00+00:00,1.844,0.325,10.61
LOC014-U01,2026-01-09T01:15:00+00:00,1.11,0.335,11.06
LOC014-U01,2026-01-09T01:30:00+00:00,2.651,0.266,11.6
LOC014-U01,2026-01-09T01:45:00+00:00,1.267,0.299,7.94
LOC014-U01,2026-01-09T02:00:00+00:00,1.506,0.365,9.21
LOC014-U01,2026-01-09T02:15:00+00:00,2.103,0.281,7.36
LOC014-U01,2026-01-09T02:30:00+00:00,2.281,0.369,7.63
LOC014-U01,2026-01-09T02:45:00+00:00,1.44,0.278,9.37
LOC014-U01,2026-01-09T03:00:00+00:00,2.353,0.349,10.11
LOC014-U01,2026-01-09T03:15:00+00:00,1.68,0.368,7.81
LOC014-U01,2026-01-09T03:30:00+00:00,2.251,0.326,9.16
LOC014-U01,2026-01-09T03:45:00+00:00,2.417,0.278,9.78
LOC009-U02,2026-01-08T10:00:00+00:00,1.939,0.347,11.62
LOC009-U02,2026-01-08T10:15:00+00:00,1.855,0.259,8.49
LOC009-U02,2026-01-08T10:30:00+00:00,1.46,0.294,7.49
LOC009-U02,2026-01-08T10:45:00+00:00,2.544,0.227,9.84
LOC009-U02,2026-01-08T11:00:00+00:00,2.131,0.227,11.19
LOC009-U02,2026-01-08T11:15:00+00:00,1.763,0.368,6.78
LOC009-U02,2026-01-08T11:30:00+00:00,2.147,0.324,9.48
LOC009-U02,2026-01-08T11:45:00+00:00,1.916,0.221,11.14
LOC009-U02,2026-01-08T12:00:00+00:00,2.164,0.28,8.14
LOC009-U02,2026-01-08T12:15:00+00:00,2.519,0.25,11.3
LOC009-U02,2026-01-08T12:30:00+00:00,2.599,0.255,9.67
LOC009-U02,2026-01-08T12:45:00+00:00,1.833,0.28,10.68
LOC009-U02,2026-01-08T13:00:00+00:00,2.021,0.339,7.82
LOC009-U02,2026-01-08T13:15:00+00:00,2.84,0.345,9.88
LOC009-U02,2026-01-08T13:30:00+00:00,1.881,0.31,10.17
LOC009-U02,2026-01-08T13:45:00+00:00,2.493,0.301,10.77
LOC009-U02,2026-01-08T14:00:00+00:00,2.214,0.306,9.63
LOC009-U02,2026-01-08T14:15:00+00:00,2.107,0.307,8.62
LOC009-U02,2026-01-08T14:30:00+00:00,2.277,0.358,11.07
LOC009-U02,2026-01-08T14:45:00+00:00,2.838,0.276,11.59
LOC009-U02,2026-01-08T15:00:00+00:00,1.654,0.346,8.55
LOC009-U02,2026-01-08T15:15:00+00:00,1.826,0.22,8.52
LOC009-U02,2026-01-08T15:30:00+00:00,1.941,0.293,8.42
LOC009-U02,2026-01-08T15:45:00+00:00,3.028,0.238,10.73
LOC009-U02,2026-01-08T16:00:00+00:00,2.521,0.281,10.76
LOC009-U02,2026-01-08T16:15:00+00:00,1.821,0.27,11.23
LOC009-U02,2026-01-08T16:30:00+00:00,2.112,0.297,7.54
LOC009-U02,2026-01-08T16:45:00+00:00,2.349,0.358,8.14
LOC009-U02,2026-01-08T17:00:00+00:00,2.038,0.278,7.28
LOC009-U02,2026-01-08T17:15:00+00:00,2.081,0.274,7.7
LOC009-U02,2026-01-08T17:30:00+00:00,2.108,0.275,8.33
LOC009-U02,2026-01-08T17:45:00+00:00,2.468,0.295,8.99
LOC009-U02,2026-01-08T18:00:00+00:00,1.856,0.329,10.89
LOC009-U02,2026-01-08T18:15:00+00:00,1.854,0.276,10.63
LOC009-U02,2026-01-08T18:30:00+00:00,2.335,0.237,6.97
LOC009-U02,2026-01-08T18:45:00+00:00,2.47,0.275,8.42
LOC009-U02,2026-01-08T19:00:00+00:00,1.641,0.361,9.71
LOC009-U02,2026-01-08T19:15:00+00:00,2.712,0.265,7.5
LOC009-U02,2026-01-08T19:30:00+00:00,1.681,0.26,11.42
LOC009-U02,2026-01-08T19:45:00+00:00,1.192,0.263,8.5
LOC009-U02,2026-01-08T20:00:00+00:00,1.275,0.318,10.34
LOC009-U02,2026-01-08T20:15:00+00:00,2.509,0.252,10.92
LOC009-U02,2026-01-08T20:30:00+00:00,2.374,0.369,7.37
LOC009-U02,2026-01-08T20:45:00+00:00,2.14,0.295,9.47
LOC009-U02,2026-01-08T21:00:00+00:00,2.387,0.37,10.06
LOC009-U02,2026-01-08T21:15:00+00:00,2.081,0.378,9.72
LOC009-U02,2026-01-08T21:30:00+00:00,1.649,0.277,7.17
LOC009-U02,2026-01-08T21:45:00+00:00,1.172,0.362,8.47
LOC009-U02,2026-01-08T22:00:00+00:00,1.578,0.267,9.52
LOC009-U02,2026-01-08T22:15:00+00:00,1.342,0.34,7.81
LOC009-U02,2026-01-08T22:30:00+00:00,1.218,0.342,6.87
LOC009-U02,2026-01-08T22:45:00+00:00,1.779,0.282,11.39
LOC009-U02,2026-01-08T23:00:00+00:00,2.383,0.372,9.77
LOC009-U02,2026-01-08T23:15:00+00:00,1.524,0.278,7.64
LOC009-U02,2026-01-08T23:30:00+00:00,1.626,0.324,10.3
LOC009-U02,2026-01-08T23:45:00+00:00,1.766,0.286,9.07
LOC009-U02,2026-01-09T00:00:00+00:00,3.044,0.276,9.99
LOC009-U02,2026-01-09T00:15:00+00:00,2.376,0.339,9.2
LOC009-U02,2026-01-09T00:30:00+00:00,2.229,0.225,6.86
LOC009-U02,2026-01-09T00:45:00+00:00,2.209,0.305,9.51
LOC009-U02,2026-01-09T01:00:00+00:00,1.964,0.341,8.85
LOC009-U02,2026-01-09T01:15:00+00:00,1.434,0.287,10.07
LOC009-U02,2026-01-09T01:30:00+00:00,1.503,0.331,6.59
LOC009-U02,2026-01-09T01:45:00+00:00,2.179,0.307,10.64
LOC009-U02,2026-01-09T02:00:00+00:00,2.429,0.293,11.39
LOC009-U02,2026-01-09T02:15:00+00:00,1.831,0.359,7.1
LOC009-U02,2026-01-09T02:30:00+00:00,1.617,0.277,7.9
LOC009-U02,2026-01-09T02:45:00+00:00,2.02,0.325,7.14
LOC009-U02,2026-01-09T03:00:00+00:00,2.171,0.294,9.18
LOC009-U02,2026-01-09T03:15:00+00:00,1.688,0.27,9.16
LOC009-U02,2026-01-09T03:30:00+00:00,2.977,0.34,8.95
LOC009-U02,2026-01-09T03:45:00+00:00,2.07,0.293,10.22
LOC014-U02,2026-01-08T10:00:00+00:00,2.647,0.311,7.42
LOC014-U02,2026-01-08T10:15:00+00:00,2.004,0.341,8.72
LOC014-U02,2026-01-08T10:30:00+00:00,2.046,0.298,7.01
LOC014-U02,2026-01-08T10:45:00+00:00,1.917,0.264,9.63
LOC014-U02,2026-01-08T11:00:00+00:00,1.602,0.305,9.89
LOC014-U02,2026-01-08T11:15:00+00:00,1.691,0.229,7.64
LOC014-U02,2026-01-08T11:30:00+00:00,1.997,0.35,11.28
LOC014-U02,2026-01-08T11:45:00+00:00,3.291,0.334,12.0
LOC014-U02,2026-01-08T12:00:00+00:00,2.073,0.288,9.74
LOC014-U02,2026-01-08T12:15:00+00:00,2.511,0.339,7.26
LOC014-U02,2026-01-08T12:30:00+00:00,2.169,0.269,8.9
LOC014-U02,2026-01-08T12:45:00+00:00,2.562,0.315,6.9
LOC014-U02,2026-01-08T13:00:00+00:00,2.08,0.258,9.53
LOC014-U02,2026-01-08T13:15:00+00:00,2.22,0.373,10.91
LOC014-U02,2026-01-08T13:30:00+00:00,2.159,0.346,7.13
LOC014-U02,2026-01-08T13:45:00+00:00,1.354,0.329,9.6
LOC014-U02,2026-01-08T14:00:00+00:00,2.459,0.287,10.26
LOC014-U02,2026-01-08T14:15:00+00:00,3.011,0.362,8.58
LOC014-U02,2026-01-08T14:30:00+00:00,1.872,0.34,9.97
LOC014-U02,2026-01-08T14:45:00+00:00,2.017,0.272,9.17
LOC014-U02,2026-01-08T15:00:00+00:00,2.154,0.35,8.4
LOC014-U02,2026-01-08T15:15:00+00:00,2.082,0.226,8.74
LOC014-U02,2026-01-08T15:30:00+00:00,2.029,0.375,10.26
LOC014-U02,2026-01-08T15:45:00+00:00,1.904,0.325,9.4
LOC014-U02,2026-01-08T16:00:00+00:00,1.867,0.294,6.62
LOC014-U02,2026-01-08T16:15:00+00:00,2.303,0.375,6.87
LOC014-U02,2026-01-08T16:30:00+00:00,2.819,0.301,9.26
LOC014-U02,2026-01-08T16:45:00+00:00,2.166,0.232,7.34
LOC014-U02,2026-01-08T17:00:00+00:00,1.839,0.236,7.12
LOC014-U02,2026-01-08T17:15:00+00:00,2.042,0.365,10.32
LOC014-U02,2026-01-08T17:30:00+00:00,2.892,0.227,7.89
LOC014-U02,2026-01-08T17:45:00+00:00,2.548,0.301,8.58
LOC014-U02,2026-01-08T18:00:00+00:00,1.942,0.365,11.0
LOC014-U02,2026-01-08T18:15:00+00:00,2.109,0.275,11.21
LOC014-U02,2026-01-08T18:30:00+00:00,1.96,0.341,11.49
LOC014-U02,2026-01-08T18:45:00+00:00,1.506,0.36,10.3
LOC014-U02,2026-01-08T19:00:00+00:00,1.911,0.321,6.79
LOC014-U02,2026-01-08T19:15:00+00:00,1.646,0.294,9.44
LOC014-U02,2026-01-08T19:30:00+00:00,2.774,0.354,8.89
LOC014-U02,2026-01-08T19:45:00+00:00,2.226,0.266,11.21
LOC014-U02,2026-01-08T20:00:00+00:00,2.286,0.363,7.53
LOC014-U02,2026-01-08T20:15:00+00:00,2.622,0.316,8.4
LOC014-U02,2026-01-08T20:30:00+00:00,1.467,0.346,10.53
LOC014-U02,2026-01-08T20:45:00+00:00,2.172,0.281,10.4
LOC014-U02,2026-01-08T21:00:00+00:00,1.893,0.231,9.34
LOC014-U02,2026-01-08T21:15:00+00:00,2.07,0.229,8.42
LOC014-U02,2026-01-08T21:30:00+00:00,2.449,0.348,7.92
LOC014-U02,2026-01-08T21:45:00+00:00,2.191,0.271,8.69
LOC014-U02,2026-01-08T22:00:00+00:00,1.803,0.28,11.11
LOC014-U02,2026-01-08T22:15:00+00:00,2.213,0.291,7.78
LOC014-U02,2026-01-08T22:30:00+00:00,3.175,0.344,8.26
LOC014-U02,2026-01-08T22:45:00+00:00,1.982,0.363,9.4
LOC014-U02,2026-01-08T23:00:00+00:00,2.475,0.298,6.82
LOC014-U02,2026-01-08T23:15:00+00:00,2.018,0.262,10.24
LOC014-U02,2026-01-08T23:30:00+00:00,1.241,0.259,7.2
LOC014-U02,2026-01-08T23:45:00+00:00,1.972,0.344,8.87
LOC014-U02,2026-01-09T00:00:00+00:00,2.095,0.241,11.49
LOC014-U02,2026-01-09T00:15:00+00:00,2.191,0.31,7.78
LOC014-U02,2026-01-09T00:30:00+00:00,2.29,0.27,7.14
LOC014-U02,2026-01-09T00:45:00+00:00,1.987,0.266,7.37
LOC014-U02,2026-01-09T01:00:00+00:00,2.324,0.379,9.29
LOC014-U02,2026-01-09T01:15:00+00:00,2.716,0.287,6.83
LOC014-U02,2026-01-09T01:30:00+00:00,1.818,0.296,11.5
LOC014-U02,2026-01-09T01:45:00+00:00,2.245,0.23,8.72
LOC014-U02,2026-01-09T02:00:00+00:00,3.035,0.245,10.66
LOC014-U02,2026-01-09T02:15:00+00:00,1.823,0.337,11.56
LOC014-U02,2026-01-09T02:30:00+00:00,1.831,0.378,8.37
LOC014-U02,2026-01-09T02:45:00+00:00,2.876,0.233,9.36
LOC014-U02,2026-01-09T03:00:00+00:00,2.227,0.244,10.83
LOC014-U02,2026-01-09T03:15:00+00:00,1.917,0.302,10.79
LOC014-U02,2026-01-09T03:30:00+00:00,1.426,0.354,10.76
LOC014-U02,2026-01-09T03:45:00+00:00,2.604,0.286,6.95
LOC022-U02,2026-01-08T10:00:00+00:00,2.231,0.309,10.59
LOC022-U02,2026-01-08T10:15:00+00:00,1.901,0.292,9.0
LOC022-U02,2026-01-08T10:30:00+00:00,2.0,0.29,7.48
LOC022-U02,2026-01-08T10:45:00+00:00,2.421,0.289,7.67
LOC022-U02,2026-01-08T11:00:00+00:00,2.004,0.331,9.55
LOC022-U02,2026-01-08T11:15:00+00:00,1.888,0.372,9.14
LOC022-U02,2026-01-08T11:30:00+00:00,2.076,0.342,11.6
LOC022-U02,2026-01-08T11:45:00+00:00,2.533,0.312,11.05
LOC022-U02,2026-01-08T12:00:00+00:00,2.879,0.241,6.99
LOC022-U02,2026-01-08T12:15:00+00:00,2.592,0.343,8.33
LOC022-U02,2026-01-08T12:30:00+00:00,1.807,0.275,8.43
LOC022-U02,2026-01-08T12:45:00+00:00,2.79,0.376,7.15
LOC022-U02,2026-01-08T13:00:00+00:00,1.046,0.364,10.48
LOC022-U02,2026-01-08T13:15:00+00:00,1.837,0.365,8.11
LOC022-U02,2026-01-08T13:30:00+00:00,1.508,0.224,7.27
LOC022-U02,2026-01-08T13:45:00+00:00,2.763,0.305,10.83
LOC022-U02,2026-01-08T14:00:00+00:00,2.034,0.329,9.58
LOC022-U02,2026-01-08T14:15:00+00:00,1.89,0.289,10.33
LOC022-U02,2026-01-08T14:30:00+00:00,2.278,0.34,10.88
LOC022-U02,2026-01-08T14:45:00+00:00,2.462,0.291,9.2
LOC022-U02,2026-01-08T15:00:00+00:00,2.398,0.344,10.35
LOC022-U02,2026-01-08T15:15:00+00:00,1.682,0.346,10.9
LOC022-U02,2026-01-08T15:30:00+00:00,2.16,0.256,6.71
LOC022-U02,2026-01-08T15:45:00+00:00,1.784,0.326,10.94
LOC022-U02,2026-01-08T16:00:00+00:00,1.456,0.369,10.63
LOC022-U02,2026-01-08T16:15:00+00:00,2.298,0.263,7.29
LOC022-U02,2026-01-08T16:30:00+00:00,1.496,0.222,8.99
LOC022-U02,2026-01-08T16:45:00+00:00,1.402,0.251,10.67
LOC022-U02,2026-01-08T17:00:00+00:00,2.133,0.358,11.58
LOC022-U02,2026-01-08T17:15:00+00:00,2.688,0.301,8.65
LOC022-U02,2026-01-08T17:30:00+00:00,2.176,0.307,8.33
LOC022-U02,2026-01-08T17:45:00+00:00,2.763,0.361,7.61
LOC022-U02,2026-01-08T18:00:00+00:00,1.623,0.319,6.58
LOC022-U02,2026-01-08T18:15:00+00:00,2.214,0.342,9.31
LOC022-U02,2026-01-08T18:30:00+00:00,1.567,0.297,10.7
LOC022-U02,2026-01-08T18:45:00+00:00,2.006,0.291,9.6
LOC022-U02,2026-01-08T19:00:00+00:00,2.348,0.282,8.36
LOC022-U02,2026-01-08T19:15:00+00:00,2.252,0.262,8.36
LOC022-U02,2026-01-08T19:30:00+00:00,2.168,0.329,9.87
LOC022-U02,2026-01-08T19:45:00+00:00,2.127,0.252,11.05
LOC022-U02,2026-01-08T20:00:00+00:00,1.849,0.221,7.39
LOC022-U02,2026-01-08T20:15:00+00:00,0.975,0.269,8.33
LOC022-U02,2026-01-08T20:30:00+00:00,1.961,0.222,7.87
LOC022-U02,2026-01-08T20:45:00+00:00,2.025,0.221,9.49
LOC022-U02,2026-01-08T21:00:00+00:00,1.86,0.27,8.5
LOC022-U02,2026-01-08T21:15:00+00:00,2.181,0.356,9.15
LOC022-U02,2026-01-08T21:30:00+00:00,1.901,0.277,10.6
LOC022-U02,2026-01-08T21:45:00+00:00,2.358,0.326,10.14
LOC022-U02,2026-01-08T22:00:00+00:00,1.778,0.301,10.86
LOC022-U02,2026-01-08T22:15:00+00:00,1.523,0.371,6.74
LOC022-U02,2026-01-08T22:30:00+00:00,1.843,0.355,8.09
LOC022-U02,2026-01-08T22:45:00+00:00,2.884,0.26,10.63
LOC022-U02,2026-01-08T23:00:00+00:00,1.525,0.247,6.58
LOC022-U02,2026-01-08T23:15:00+00:00,1.777,0.351,9.03
LOC022-U02,2026-01-08T23:30:00+00:00,1.923,0.335,10.14
LOC022-U02,2026-01-08T23:45:00+00:00,2.475,0.361,9.15
LOC022-U02,2026-01-09T00:00:00+00:00,2.676,0.324,10.25
LOC022-U02,2026-01-09T00:15:00+00:00,1.848,0.244,7.42
LOC022-U02,2026-01-09T00:30:00+00:00,2.91,0.377,10.02
LOC022-U02,2026-01-09T00:45:00+00:00,2.724,0.276,11.41
LOC022-U02,2026-01-09T01:00:00+00:00,2.159,0.266,8.84
LOC022-U02,2026-01-09T01:15:00+00:00,2.18,0.308,9.36
LOC022-U02,2026-01-09T01:30:00+00:00,1.4,0.272,8.09
LOC022-U02,2026-01-09T01:45:00+00:00,1.66,0.236,7.1
LOC022-U02,2026-01-09T02:00:00+00:00,2.17,0.334,7.67
LOC022-U02,2026-01-09T02:15:00+00:00,2.204,0.36,10.54
LOC022-U02,2026-01-09T02:30:00+00:00,2.208,0.371,10.27
LOC022-U02,2026-01-09T02:45:00+00:00,1.884,0.295,9.97
LOC022-U02,2026-01-09T03:00:00+00:00,1.387,0.348,8.72
LOC022-U02,2026-01-09T03:15:00+00:00,2.631,0.301,9.38
LOC022-U02,2026-01-09T03:30:00+00:00,1.538,0.298,6.85
LOC022-U02,2026-01-09T03:45:00+00:00,1.4,0.368,11.15
LOC030-U01,2026-01-09T10:00:00+00:00,1.495,0.33,10.89
LOC030-U01,2026-01-09T10:15:00+00:00,3.368,0.365,7.47
LOC030-U01,2026-01-09T10:30:00+00:00,2.675,0.342,8.53
LOC030-U01,2026-01-09T10:45:00+00:00,1.991,0.332,6.72
LOC030-U01,2026-01-09T11:00:00+00:00,2.467,0.309,8.69
LOC030-U01,2026-01-09T11:15:00+00:00,2.98,0.303,10.51
LOC030-U01,2026-01-09T11:30:00+00:00,2.719,0.259,10.59
LOC030-U01,2026-01-09T11:45:00+00:00,2.19,0.233,10.6
LOC030-U01,2026-01-09T12:00:00+00:00,2.619,0.365,7.28
LOC030-U01,2026-01-09T12:15:00+00:00,1.371,0.287,10.61
LOC030-U01,2026-01-09T12:30:00+00:00,2.286,0.259,10.73
LOC030-U01,2026-01-09T12:45:00+00:00,1.844,0.315,8.64
LOC030-U01,2026-01-09T13:00:00+00:00,2.295,0.347,7.79
LOC030-U01,2026-01-09T13:15:00+00:00,1.524,0.298,10.03
LOC030-U01,2026-01-09T13:30:00+00:00,1.862,0.373,11.49
LOC030-U01,2026-01-09T13:45:00+00:00,1.966,0.337,9.43
LOC030-U01,2026-01-09T14:00:00+00:00,2.61,0.331,10.99
LOC030-U01,2026-01-09T14:15:00+00:00,2.094,0.307,9.95
LOC030-U01,2026-01-09T14:30:00+00:00,1.3,0.368,8.06
LOC030-U01,2026-01-09T14:45:00+00:00,1.424,0.296,9.74
LOC030-U01,2026-01-09T15:00:00+00:00,3.01,0.31,11.29
LOC030-U01,2026-01-09T15:15:00+00:00,1.916,0.316,7.33
LOC030-U01,2026-01-09T15:30:00+00:00,1.55,0.228,8.39
LOC030-U01,2026-01-09T15:45:00+00:00,2.04,0.264,9.02
LOC030-U01,2026-01-09T16:00:00+00:00,2.398,0.323,9.82
LOC030-U01,2026-01-09T16:15:00+00:00,1.596,0.234,6.48
LOC030-U01,2026-01-09T16:30:00+00:00,1.173,0.306,10.88
LOC030-U01,2026-01-09T16:45:00+00:00,2.419,0.272,10.54
LOC030-U01,2026-01-09T17:00:00+00:00,1.219,0.348,8.45
LOC030-U01,2026-01-09T17:15:00+00:00,1.433,0.279,8.22
LOC030-U01,2026-01-09T17:30:00+00:00,1.553,0.377,8.53
LOC030-U01,2026-01-09T17:45:00+00:00,2.41,0.284,7.41
LOC030-U01,2026-01-09T18:00:00+00:00,1.91,0.255,9.27
LOC030-U01,2026-01-09T18:15:00+00:00,2.549,0.221,9.8
LOC030-U01,2026-01-09T18:30:00+00:00,1.651,0.234,6.41
LOC030-U01,2026-01-09T18:45:00+00:00,2.921,0.367,7.72
LOC030-U01,2026-01-09T19:00:00+00:00,2.692,0.289,10.03
LOC030-U01,2026-01-09T19:15:00+00:00,1.758,0.223,9.13
LOC030-U01,2026-01-09T19:30:00+00:00,2.571,0.33,8.53
LOC030-U01,2026-01-09T19:45:00+00:00,1.54,0.267,10.0
LOC030-U01,2026-01-09T20:00:00+00:00,1.173,0.224,10.83
LOC030-U01,2026-01-09T20:15:00+00:00,2.228,0.324,10.71
LOC030-U01,2026-01-09T20:30:00+00:00,2.159,0.376,8.43
LOC030-U01,2026-01-09T20:45:00+00:00,1.836,0.361,8.46
LOC030-U01,2026-01-09T21:00:00+00:00,2.322,0.297,7.17
LOC030-U01,2026-01-09T21:15:00+00:00,2.925,0.263,11.03
LOC030-U01,2026-01-09T21:30:00+00:00,2.491,0.301,9.14
LOC030-U01,2026-01-09T21:45:00+00:00,1.729,0.327,10.66
LOC030-U01,2026-01-09T22:00:00+00:00,2.595,0.284,11.37
LOC030-U01,2026-01-09T22:15:00+00:00,1.124,0.259,7.93
LOC030-U01,2026-01-09T22:30:00+00:00,1.666,0.317,7.03
LOC030-U01,2026-01-09T22:45:00+00:00,1.963,0.252,10.11
LOC030-U01,2026-01-09T23:00:00+00:00,1.93,0.244,9.76
LOC030-U01,2026-01-09T23:15:00+00:00,1.353,0.322,10.06
LOC030-U01,2026-01-09T23:30:00+00:00,2.25,0.329,9.43
LOC030-U01,2026-01-09T23:45:00+00:00,1.688,0.309,7.79
LOC030-U01,2026-01-10T00:00:00+00:00,2.396,0.268,11.27
LOC030-U01,2026-01-10T00:15:00+00:00,1.288,0.282,8.32
LOC030-U01,2026-01-10T00:30:00+00:00,2.48,0.352,11.2
LOC030-U01,2026-01-10T00:45:00+00:00,2.192,0.375,7.53
LOC030-U01,2026-01-10T01:00:00+00:00,2.191,0.232,7.52
LOC030-U01,2026-01-10T01:15:00+00:00,2.74,0.297,10.73
LOC030-U01,2026-01-10T01:30:00+00:00,1.443,0.313,9.31
LOC030-U01,2026-01-10T01:45:00+00:00,2.059,0.257,6.78
LOC030-U01,2026-01-10T02:00:00+00:00,1.981,0.252,8.07
LOC030-U01,2026-01-10T02:15:00+00:00,1.846,0.263,8.71
LOC030-U01,2026-01-10T02:30:00+00:00,2.716,0.29,10.06
LOC030-U01,2026-01-10T02:45:00+00:00,1.599,0.288,9.4
LOC030-U01,2026-01-10T03:00:00+00:00,2.636,0.245,11.28
LOC030-U01,2026-01-10T03:15:00+00:00,2.511,0.304,10.96
LOC030-U01,2026-01-10T03:30:00+00:00,2.19,0.333,11.2
LOC030-U01,2026-01-10T03:45:00+00:00,2.242,0.281,8.77
LOC028-U01,2026-01-09T10:00:00+00:00,2.007,0.322,7.34
LOC028-U01,2026-01-09T10:15:00+00:00,1.442,0.301,8.95
LOC028-U01,2026-01-09T10:30:00+00:00,1.46,0.331,7.08
LOC028-U01,2026-01-09T10:45:00+00:00,3.196,0.327,8.2
LOC028-U01,2026-01-09T11:00:00+00:00,2.576,0.303,9.68
LOC028-U01,2026-01-09T11:15:00+00:00,1.869,0.26,10.53
LOC028-U01,2026-01-09T11:30:00+00:00,1.769,0.257,10.7
LOC028-U01,2026-01-09T11:45:00+00:00,2.754,0.345,9.92
LOC028-U01,2026-01-09T12:00:00+00:00,1.786,0.351,10.97
LOC028-U01,2026-01-09T12:15:00+00:00,2.711,0.274,8.64
LOC028-U01,2026-01-09T12:30:00+00:00,2.281,0.376,10.65
LOC028-U01,2026-01-09T12:45:00+00:00,2.032,0.29,9.5
LOC028-U01,2026-01-09T13:00:00+00:00,2.977,0.374,8.96
LOC028-U01,2026-01-09T13:15:00+00:00,1.548,0.371,7.77
LOC028-U01,2026-01-09T13:30:00+00:00,2.318,0.304,11.01
LOC028-U01,2026-01-09T13:45:00+00:00,1.688,0.226,11.09
LOC028-U01,2026-01-09T14:00:00+00:00,2.942,0.282,10.79
LOC028-U01,2026-01-09T14:15:00+00:00,2.496,0.273,10.83
LOC028-U01,2026-01-09T14:30:00+00:00,1.839,0.265,7.45
LOC028-U01,2026-01-09T14:45:00+00:00,2.697,0.343,8.3
LOC028-U01,2026-01-09T15:00:00+00:00,2.513,0.241,8.9
LOC028-U01,2026-01-09T15:15:00+00:00,1.777,0.265,10.17
LOC028-U01,2026-01-09T15:30:00+00:00,2.762,0.335,9.25
LOC028-U01,2026-01-09T15:45:00+00:00,2.568,0.363,10.45
LOC028-U01,2026-01-09T16:00:00+00:00,1.938,0.261,6.75
LOC028-U01,2026-01-09T16:15:00+00:00,1.845,0.252,7.08
LOC028-U01,2026-01-09T16:30:00+00:00,2.029,0.348,10.5
LOC028-U01,2026-01-09T16:45:00+00:00,1.47,0.266,8.93
LOC028-U01,2026-01-09T17:00:00+00:00,1.804,0.237,9.31
LOC028-U01,2026-01-09T17:15:00+00:00,2.075,0.236,8.16
LOC028-U01,2026-01-09T17:30:00+00:00,2.264,0.33,7.58
LOC028-U01,2026-01-09T17:45:00+00:00,2.419,0.316,7.55
LOC028-U01,2026-01-09T18:00:00+00:00,2.033,0.351,8.03
LOC028-U01,2026-01-09T18:15:00+00:00,2.39,0.323,7.61
LOC028-U01,2026-01-09T18:30:00+00:00,1.703,0.369,9.16
LOC028-U01,2026-01-09T18:45:00+00:00,1.442,0.347,7.21
LOC028-U01,2026-01-09T19:00:00+00:00,2.425,0.237,9.71
LOC028-U01,2026-01-09T19:15:00+00:00,2.569,0.337,11.66
LOC028-U01,2026-01-09T19:30:00+00:00,1.865,0.237,9.21
LOC028-U01,2026-01-09T19:45:00+00:00,2.296,0.281,9.08
LOC028-U01,2026-01-09T20:00:00+00:00,2.816,0.376,10.46
LOC028-U01,2026-01-09T20:15:00+00:00,1.835,0.323,10.26
LOC028-U01,2026-01-09T20:30:00+00:00,1.88,0.306,10.79
LOC028-U01,2026-01-09T20:45:00+00:00,2.313,0.329,8.28
LOC028-U01,2026-01-09T21:00:00+00:00,1.636,0.27,8.49
LOC028-U01,2026-01-09T21:15:00+00:00,2.065,0.228,7.41
LOC028-U01,2026-01-09T21:30:00+00:00,2.584,0.304,7.91
LOC028-U01,2026-01-09T21:45:00+00:00,2.343,0.292,10.69
LOC028-U01,2026-01-09T22:00:00+00:00,1.922,0.348,8.78
LOC028-U01,2026-01-09T22:15:00+00:00,2.617,0.276,7.4
LOC028-U01,2026-01-09T22:30:00+00:00,1.961,0.358,7.33
LOC028-U01,2026-01-09T22:45:00+00:00,2.536,0.35,10.56
LOC028-U01,2026-01-09T23:00:00+00:00,2.254,0.247,7.16
LOC028-U01,2026-01-09T23:15:00+00:00,2.559,0.319,11.68
LOC028-U01,2026-01-09T23:30:00+00:00,1.723,0.36,8.21
LOC028-U01,2026-01-09T23:45:00+00:00,2.428,0.284,7.23
LOC028-U01,2026-01-10T00:00:00+00:00,2.291,0.242,11.27
LOC028-U01,2026-01-10T00:15:00+00:00,1.422,0.281,8.66
LOC028-U01,2026-01-10T00:30:00+00:00,1.774,0.273,11.07
LOC028-U01,2026-01-10T00:45:00+00:00,2.184,0.291,6.77
LOC028-U01,2026-01-10T01:00:00+00:00,2.472,0.252,9.51
LOC028-U01,2026-01-10T01:15:00+00:00,2.377,0.235,8.45
LOC028-U01,2026-01-10T01:30:00+00:00,2.919,0.34,8.24
LOC028-U01,2026-01-10T01:45:00+00:00,2.201,0.238,10.31
LOC028-U01,2026-01-10T02:00:00+00:00,1.74,0.318,6.93
LOC028-U01,2026-01-10T02:15:00+00:00,1.424,0.371,10.54
LOC028-U01,2026-01-10T02:30:00+00:00,1.608,0.315,8.86
LOC028-U01,2026-01-10T02:45:00+00:00,2.106,0.289,10.72
LOC028-U01,2026-01-10T03:00:00+00:00,1.751,0.368,8.13
LOC028-U01,2026-01-10T03:15:00+00:00,2.537,0.336,7.12
LOC028-U01,2026-01-10T03:30:00+00:00,2.46,0.256,8.86
LOC028-U01,2026-01-10T03:45:00+00:00,2.928,0.374,9.22
LOC022-U01,2026-01-09T10:00:00+00:00,1.222,0.325,11.17
LOC022-U01,2026-01-09T10:15:00+00:00,2.845,0.348,9.72
LOC022-U01,2026-01-09T10:30:00+00:00,1.655,0.322,8.35
LOC022-U01,2026-01-09T10:45:00+00:00,1.586,0.274,9.29
LOC022-U01,2026-01-09T11:00:00+00:00,2.157,0.245,11.31
LOC022-U01,2026-01-09T11:15:00+00:00,2.453,0.266,11.39
LOC022-U01,2026-01-09T11:30:00+00:00,1.347,0.362,7.93
LOC022-U01,2026-01-09T11:45:00+00:00,2.353,0.24,6.65
LOC022-U01,2026-01-09T12:00:00+00:00,1.597,0.262,7.03
LOC022-U01,2026-01-09T12:15:00+00:00,2.36,0.273,10.44
LOC022-U01,2026-01-09T12:30:00+00:00,2.428,0.301,10.3
LOC022-U01,2026-01-09T12:45:00+00:00,1.935,0.263,7.41
LOC022-U01,2026-01-09T13:00:00+00:00,2.409,0.238,9.57
LOC022-U01,2026-01-09T13:15:00+00:00,2.426,0.244,7.26
LOC022-U01,2026-01-09T13:30:00+00:00,1.794,0.348,7.84
LOC022-U01,2026-01-09T13:45:00+00:00,2.03,0.269,9.23
LOC022-U01,2026-01-09T14:00:00+00:00,1.112,0.227,8.72
LOC022-U01,2026-01-09T14:15:00+00:00,2.511,0.33,8.89
LOC022-U01,2026-01-09T14:30:00+00:00,2.841,0.358,8.59
LOC022-U01,2026-01-09T14:45:00+00:00,2.211,0.29,9.07
LOC022-U01,2026-01-09T15:00:00+00:00,2.56,0.241,6.99
LOC022-U01,2026-01-09T15:15:00+00:00,2.023,0.291,10.3
LOC022-U01,2026-01-09T15:30:00+00:00,1.937,0.36,9.3
LOC022-U01,2026-01-09T15:45:00+00:00,2.13,0.312,6.94
LOC022-U01,2026-01-09T16:00:00+00:00,1.909,0.255,7.75
LOC022-U01,2026-01-09T16:15:00+00:00,2.862,0.332,10.96
LOC022-U01,2026-01-09T16:30:00+00:00,0.884,0.223,9.23
LOC022-U01,2026-01-09T16:45:00+00:00,2.688,0.234,9.01
LOC022-U01,2026-01-09T17:00:00+00:00,1.865,0.26,7.64
LOC022-U01,2026-01-09T17:15:00+00:00,2.689,0.25,9.41
LOC022-U01,2026-01-09T17:30:00+00:00,2.206,0.32,8.08
LOC022-U01,2026-01-09T17:45:00+00:00,2.035,0.322,11.62
LOC022-U01,2026-01-09T18:00:00+00:00,2.439,0.305,7.71
LOC022-U01,2026-01-09T18:15:00+00:00,1.949,0.27,11.49
LOC022-U01,2026-01-09T18:30:00+00:00,2.136,0.283,10.73
LOC022-U01,2026-01-09T18:45:00+00:00,1.1,0.267,10.52
LOC022-U01,2026-01-09T19:00:00+00:00,0.849,0.376,9.48
LOC022-U01,2026-01-09T19:15:00+00:00,2.864,0.29,9.39
LOC022-U01,2026-01-09T19:30:00+00:00,2.219,0.331,10.24
LOC022-U01,2026-01-09T19:45:00+00:00,2.256,0.289,10.46
LOC022-U01,2026-01-09T20:00:00+00:00,2.324,0.342,11.68
LOC022-U01,2026-01-09T20:15:00+00:00,2.182,0.234,7.06
LOC022-U01,2026-01-09T20:30:00+00:00,1.862,0.227,9.78
LOC022-U01,2026-01-09T20:45:00+00:00,1.772,0.326,9.07
LOC022-U01,2026-01-09T21:00:00+00:00,2.776,0.292,11.6
LOC022-U01,2026-01-09T21:15:00+00:00,2.765,0.33,7.04
LOC022-U01,2026-01-09T21:30:00+00:00,1.513,0.365,11.22
LOC022-U01,2026-01-09T21:45:00+00:00,1.542,0.351,6.75
LOC022-U01,2026-01-09T22:00:00+00:00,2.104,0.292,7.64
LOC022-U01,2026-01-09T22:15:00+00:00,1.592,0.263,9.22
LOC022-U01,2026-01-09T22:30:00+00:00,1.892,0.313,9.03
LOC022-U01,2026-01-09T22:45:00+00:00,1.702,0.235,9.14
LOC022-U01,2026-01-09T23:00:00+00:00,2.389,0.357,10.69
LOC022-U01,2026-01-09T23:15:00+00:00,2.148,0.376,6.86
LOC022-U01,2026-01-09T23:30:00+00:00,2.203,0.355,8.49
LOC022-U01,2026-01-09T23:45:00+00:00,2.214,0.36,7.94
LOC022-U01,2026-01-10T00:00:00+00:00,2.804,0.29,8.03
LOC022-U01,2026-01-10T00:15:00+00:00,2.635,0.261,7.94
LOC022-U01,2026-01-10T00:30:00+00:00,2.432,0.232,6.88
LOC022-U01,2026-01-10T00:45:00+00:00,2.313,0.277,9.95
LOC022-U01,2026-01-10T01:00:00+00:00,1.508,0.279,8.01
LOC022-U01,2026-01-10T01:15:00+00:00,2.065,0.252,6.82
LOC022-U01,2026-01-10T01:30:00+00:00,2.167,0.295,10.4
LOC022-U01,2026-01-10T01:45:00+00:00,2.186,0.237,9.25
LOC022-U01,2026-01-10T02:00:00+00:00,2.227,0.305,6.89
LOC022-U01,2026-01-10T02:15:00+00:00,2.806,0.363,10.88
LOC022-U01,2026-01-10T02:30:00+00:00,1.982,0.35,10.05
LOC022-U01,2026-01-10T02:45:00+00:00,2.343,0.366,8.69
LOC022-U01,2026-01-10T03:00:00+00:00,2.167,0.229,7.68
LOC022-U01,2026-01-10T03:15:00+00:00,0.958,0.337,9.71
LOC022-U01,2026-01-10T03:30:00+00:00,2.563,0.303,8.79
LOC022-U01,2026-01-10T03:45:00+00:00,1.205,0.378,7.4
LOC034-U01,2026-01-09T10:00:00+00:00,2.376,0.277,10.28
LOC034-U01,2026-01-09T10:15:00+00:00,1.246,0.358,10.26
LOC034-U01,2026-01-09T10:30:00+00:00,2.303,0.315,10.75
LOC034-U01,2026-01-09T10:45:00+00:00,2.786,0.277,10.64
LOC034-U01,2026-01-09T11:00:00+00:00,2.118,0.359,8.73
LOC034-U01,2026-01-09T11:15:00+00:00,1.767,0.339,10.43
LOC034-U01,2026-01-09T11:30:00+00:00,2.272,0.266,10.6
LOC034-U01,2026-01-09T11:45:00+00:00,1.603,0.348,7.59
LOC034-U01,2026-01-09T12:00:00+00:00,2.568,0.241,9.09
LOC034-U01,2026-01-09T12:15:00+00:00,3.337,0.227,10.02
LOC034-U01,2026-01-09T12:30:00+00:00,1.366,0.377,6.69
LOC034-U01,2026-01-09T12:45:00+00:00,2.266,0.324,7.97
LOC034-U01,2026-01-09T13:00:00+00:00,2.011,0.281,8.48
LOC034-U01,2026-01-09T13:15:00+00:00,1.959,0.267,10.62
LOC034-U01,2026-01-09T13:30:00+00:00,2.095,0.247,11.48
LOC034-U01,2026-01-09T13:45:00+00:00,1.339,0.338,6.62
LOC034-U01,2026-01-09T14:00:00+00:00,1.654,0.321,6.67
LOC034-U01,2026-01-09T14:15:00+00:00,2.254,0.349,7.93
LOC034-U01,2026-01-09T14:30:00+00:00,2.632,0.333,8.19
LOC034-U01,2026-01-09T14:45:00+00:00,1.534,0.31,11.35
LOC034-U01,2026-01-09T15:00:00+00:00,1.83,0.256,8.18
LOC034-U01,2026-01-09T15:15:00+00:00,2.35,0.368,10.52
LOC034-U01,2026-01-09T15:30:00+00:00,1.997,0.237,8.51
LOC034-U01,2026-01-09T15:45:00+00:00,2.079,0.323,11.46
LOC034-U01,2026-01-09T16:00:00+00:00,1.713,0.316,9.71
LOC034-U01,2026-01-09T16:15:00+00:00,2.146,0.298,9.7
LOC034-U01,2026-01-09T16:30:00+00:00,2.674,0.377,10.46
LOC034-U01,2026-01-09T16:45:00+00:00,1.132,0.38,10.2
LOC034-U01,2026-01-09T17:00:00+00:00,2.112,0.297,8.48
LOC034-U01,2026-01-09T17:15:00+00:00,2.529,0.325,11.28
LOC034-U01,2026-01-09T17:30:00+00:00,2.106,0.237,8.98
LOC034-U01,2026-01-09T17:45:00+00:00,2.75,0.278,9.53
LOC034-U01,2026-01-09T18:00:00+00:00,1.217,0.327,8.71
LOC034-U01,2026-01-09T18:15:00+00:00,2.535,0.362,9.34
LOC034-U01,2026-01-09T18:30:00+00:00,2.071,0.363,11.71
LOC034-U01,2026-01-09T18:45:00+00:00,1.85,0.359,11.38
LOC034-U01,2026-01-09T19:00:00+00:00,1.181,0.288,7.12
LOC034-U01,2026-01-09T19:15:00+00:00,1.322,0.284,7.79
LOC034-U01,2026-01-09T19:30:00+00:00,2.433,0.366,10.74
LOC034-U01,2026-01-09T19:45:00+00:00,2.122,0.374,7.91
LOC034-U01,2026-01-09T20:00:00+00:00,2.741,0.344,11.19
LOC034-U01,2026-01-09T20:15:00+00:00,2.438,0.298,6.82
LOC034-U01,2026-01-09T20:30:00+00:00,2.363,0.251,7.96
LOC034-U01,2026-01-09T20:45:00+00:00,1.605,0.225,10.03
LOC034-U01,2026-01-09T21:00:00+00:00,1.848,0.268,7.27
LOC034-U01,2026-01-09T21:15:00+00:00,2.253,0.347,7.26
LOC034-U01,2026-01-09T21:30:00+00:00,2.037,0.345,7.84
LOC034-U01,2026-01-09T21:45:00+00:00,3.705,0.236,7.27
LOC034-U01,2026-01-09T22:00:00+00:00,2.994,0.352,10.5
LOC034-U01,2026-01-09T22:15:00+00:00,1.464,0.32,9.76
LOC034-U01,2026-01-09T22:30:00+00:00,2.53,0.32,9.01
LOC034-U01,2026-01-09T22:45:00+00:00,1.718,0.363,9.4
LOC034-U01,2026-01-09T23:00:00+00:00,2.608,0.371,9.6
LOC034-U01,2026-01-09T23:15:00+00:00,2.176,0.279,9.29
LOC034-U01,2026-01-09T23:30:00+00:00,2.36,0.299,10.87
LOC034-U01,2026-01-09T23:45:00+00:00,1.677,0.334,10.86
LOC034-U01,2026-01-10T00:00:00+00:00,1.989,0.273,8.49
LOC034-U01,2026-01-10T00:15:00+00:00,1.208,0.317,6.78
LOC034-U01,2026-01-10T00:30:00+00:00,3.087,0.227,10.78
LOC034-U01,2026-01-10T00:45:00+00:00,2.533,0.374,10.21
LOC034-U01,2026-01-10T01:00:00+00:00,2.875,0.265,6.81
LOC034-U01,2026-01-10T01:15:00+00:00,1.929,0.35,9.22
LOC034-U01,2026-01-10T01:30:00+00:00,2.804,0.318,8.94
LOC034-U01,2026-01-10T01:45:00+00:00,1.787,0.368,9.63
LOC034-U01,2026-01-10T02:00:00+00:00,2.405,0.295,7.73
LOC034-U01,2026-01-10T02:15:00+00:00,2.328,0.344,9.81
LOC034-U01,2026-01-10T02:30:00+00:00,1.551,0.299,9.82
LOC034-U01,2026-01-10T02:45:00+00:00,1.867,0.265,8.78
LOC034-U01,2026-01-10T03:00:00+00:00,2.335,0.333,8.46
LOC034-U01,2026-01-10T03:15:00+00:00,1.54,0.25,9.06
LOC034-U01,2026-01-10T03:30:00+00:00,1.341,0.327,8.56
LOC034-U01,2026-01-10T03:45:00+00:00,1.206,0.298,7.71
LOC003-U01,2026-01-09T10:00:00+00:00,2.708,0.299,7.15
LOC003-U01,2026-01-09T10:15:00+00:00,2.382,0.3,9.83
LOC003-U01,2026-01-09T10:30:00+00:00,1.733,0.288,6.79
LOC003-U01,2026-01-09T10:45:00+00:00,2.34,0.272,9.67
LOC003-U01,2026-01-09T11:00:00+00:00,2.615,0.291,9.87
LOC003-U01,2026-01-09T11:15:00+00:00,1.947,0.276,10.67
LOC003-U01,2026-01-09T11:30:00+00:00,1.324,0.259,10.04
LOC003-U01,2026-01-09T11:45:00+00:00,1.541,0.278,7.45
LOC003-U01,2026-01-09T12:00:00+00:00,1.364,0.272,6.7
LOC003-U01,2026-01-09T12:15:00+00:00,1.805,0.36,11.01
LOC003-U01,2026-01-09T12:30:00+00:00,2.112,0.231,10.47
LOC003-U01,2026-01-09T12:45:00+00:00,1.995,0.312,11.6
LOC003-U01,2026-01-09T13:00:00+00:00,2.344,0.355,8.78
LOC003-U01,2026-01-09T13:15:00+00:00,2.731,0.226,6.74
LOC003-U01,2026-01-09T13:30:00+00:00,1.233,0.377,10.51
LOC003-U01,2026-01-09T13:45:00+00:00,3.37,0.359,10.57
LOC003-U01,2026-01-09T14:00:00+00:00,2.46,0.262,7.22
LOC003-U01,2026-01-09T14:15:00+00:00,2.206,0.269,10.01
LOC003-U01,2026-01-09T14:30:00+00:00,2.421,0.31,11.18
LOC003-U01,2026-01-09T14:45:00+00:00,2.091,0.23,9.06
LOC003-U01,2026-01-09T15:00:00+00:00,1.683,0.224,10.95
LOC003-U01,2026-01-09T15:15:00+00:00,2.377,0.265,9.66
LOC003-U01,2026-01-09T15:30:00+00:00,2.646,0.233,7.04
LOC003-U01,2026-01-09T15:45:00+00:00,1.829,0.323,11.35
LOC003-U01,2026-01-09T16:00:00+00:00,1.69,0.286,10.61
LOC003-U01,2026-01-09T16:15:00+00:00,1.879,0.324,11.14
LOC003-U01,2026-01-09T16:30:00+00:00,1.939,0.352,10.03
LOC003-U01,2026-01-09T16:45:00+00:00,1.464,0.238,10.8
LOC003-U01,2026-01-09T17:00:00+00:00,1.98,0.268,7.39
LOC003-U01,2026-01-09T17:15:00+00:00,1.787,0.277,9.25
LOC003-U01,2026-01-09T17:30:00+00:00,1.158,0.286,9.01
LOC003-U01,2026-01-09T17:45:00+00:00,1.38,0.27,6.97
LOC003-U01,2026-01-09T18:00:00+00:00,1.993,0.336,9.58
LOC003-U01,2026-01-09T18:15:00+00:00,2.366,0.269,9.5
LOC003-U01,2026-01-09T18:30:00+00:00,2.46,0.348,8.96
LOC003-U01,2026-01-09T18:45:00+00:00,2.189,0.372,6.88
LOC003-U01,2026-01-09T19:00:00+00:00,2.632,0.304,8.93
LOC003-U01,2026-01-09T19:15:00+00:00,1.879,0.268,7.11
LOC003-U01,2026-01-09T19:30:00+00:00,2.108,0.245,11.46
LOC003-U01,2026-01-09T19:45:00+00:00,2.833,0.234,11.03
LOC003-U01,2026-01-09T20:00:00+00:00,3.144,0.345,11.05
LOC003-U01,2026-01-09T20:15:00+00:00,1.914,0.27,8.67
LOC003-U01,2026-01-09T20:30:00+00:00,2.529,0.375,10.9
LOC003-U01,2026-01-09T20:45:00+00:00,0.817,0.324,7.93
LOC003-U01,2026-01-09T21:00:00+00:00,2.267,0.347,7.97
LOC003-U01,2026-01-09T21:15:00+00:00,2.033,0.246,8.91
LOC003-U01,2026-01-09T21:30:00+00:00,1.796,0.28,8.05
LOC003-U01,2026-01-09T21:45:00+00:00,2.532,0.369,9.69
LOC003-U01,2026-01-09T22:00:00+00:00,2.245,0.259,9.62
LOC003-U01,2026-01-09T22:15:00+00:00,2.042,0.306,11.55
LOC003-U01,2026-01-09T22:30:00+00:00,2.673,0.249,9.53
LOC003-U01,2026-01-09T22:45:00+00:00,2.158,0.261,7.7
LOC003-U01,2026-01-09T23:00:00+00:00,2.037,0.368,6.76
LOC003-U01,2026-01-09T23:15:00+00:00,3.182,0.351,11.25
LOC003-U01,2026-01-09T23:30:00+00:00,2.265,0.253,9.38
LOC003-U01,2026-01-09T23:45:00+00:00,2.164,0.337,11.33
LOC003-U01,2026-01-10T00:00:00+00:00,2.175,0.296,11.06
LOC003-U01,2026-01-10T00:15:00+00:00,2.569,0.274,8.33
LOC003-U01,2026-01-10T00:30:00+00:00,2.276,0.354,9.15
LOC003-U01,2026-01-10T00:45:00+00:00,2.086,0.269,8.64
LOC003-U01,2026-01-10T01:00:00+00:00,1.803,0.223,9.66
LOC003-U01,2026-01-10T01:15:00+00:00,1.669,0.335,6.97
LOC003-U01,2026-01-10T01:30:00+00:00,1.338,0.376,7.52
LOC003-U01,2026-01-10T01:45:00+00:00,1.79,0.287,8.33
LOC003-U01,2026-01-10T02:00:00+00:00,2.71,0.253,10.72
LOC003-U01,2026-01-10T02:15:00+00:00,1.897,0.312,9.78
LOC003-U01,2026-01-10T02:30:00+00:00,1.554,0.375,10.44
LOC003-U01,2026-01-10T02:45:00+00:00,1.677,0.254,9.17
LOC003-U01,2026-01-10T03:00:00+00:00,1.76,0.308,7.86
LOC003-U01,2026-01-10T03:15:00+00:00,2.207,0.247,7.02
LOC003-U01,2026-01-10T03:30:00+00:00,2.561,0.237,6.7
LOC003-U01,2026-01-10T03:45:00+00:00,1.335,0.341,9.0
LOC004-U02,2026-01-09T10:00:00+00:00,1.707,0.301,8.42
LOC004-U02,2026-01-09T10:15:00+00:00,1.982,0.307,8.48
LOC004-U02,2026-01-09T10:30:00+00:00,2.228,0.376,10.7
LOC004-U02,2026-01-09T10:45:00+00:00,1.891,0.372,8.68
LOC004-U02,2026-01-09T11:00:00+00:00,2.072,0.313,7.54
LOC004-U02,2026-01-09T11:15:00+00:00,2.156,0.365,7.75
LOC004-U02,2026-01-09T11:30:00+00:00,1.678,0.325,8.3
LOC004-U02,2026-01-09T11:45:00+00:00,2.951,0.239,10.8
LOC004-U02,2026-01-09T12:00:00+00:00,2.336,0.246,9.0
LOC004-U02,2026-01-09T12:15:00+00:00,1.977,0.38,7.89
LOC004-U02,2026-01-09T12:30:00+00:00,1.372,0.227,9.35
LOC004-U02,2026-01-09T12:45:00+00:00,1.767,0.306,7.61
LOC004-U02,2026-01-09T13:00:00+00:00,1.836,0.253,10.6
LOC004-U02,2026-01-09T13:15:00+00:00,1.871,0.233,6.59
LOC004-U02,2026-01-09T13:30:00+00:00,1.774,0.238,6.9
LOC004-U02,2026-01-09T13:45:00+00:00,1.726,0.237,6.91
LOC004-U02,2026-01-09T14:00:00+00:00,1.828,0.343,6.74
LOC004-U02,2026-01-09T14:15:00+00:00,1.207,0.308,8.76
LOC004-U02,2026-01-09T14:30:00+00:00,2.338,0.344,9.26
LOC004-U02,2026-01-09T14:45:00+00:00,2.999,0.357,10.04
LOC004-U02,2026-01-09T15:00:00+00:00,1.932,0.369,8.14
LOC004-U02,2026-01-09T15:15:00+00:00,1.846,0.277,7.6
LOC004-U02,2026-01-09T15:30:00+00:00,2.151,0.327,11.27
LOC004-U02,2026-01-09T15:45:00+00:00,1.409,0.357,9.65
LOC004-U02,2026-01-09T16:00:00+00:00,1.91,0.254,6.58
LOC004-U02,2026-01-09T16:15:00+00:00,2.511,0.274,10.42
LOC004-U02,2026-01-09T16:30:00+00:00,1.861,0.233,6.58
LOC004-U02,2026-01-09T16:45:00+00:00,2.836,0.251,10.17
LOC004-U02,2026-01-09T17:00:00+00:00,2.3,0.378,8.11
LOC004-U02,2026-01-09T17:15:00+00:00,2.17,0.234,7.67
LOC004-U02,2026-01-09T17:30:00+00:00,3.147,0.232,9.34
LOC004-U02,2026-01-09T17:45:00+00:00,1.928,0.263,7.33
LOC004-U02,2026-01-09T18:00:00+00:00,0.987,0.227,10.5
LOC004-U02,2026-01-09T18:15:00+00:00,1.674,0.276,8.45
LOC004-U02,2026-01-09T18:30:00+00:00,2.42,0.285,9.1
LOC004-U02,2026-01-09T18:45:00+00:00,1.9,0.319,9.32
LOC004-U02,2026-01-09T19:00:00+00:00,2.435,0.331,10.93
LOC004-U02,2026-01-09T19:15:00+00:00,2.093,0.236,8.14
LOC004-U02,2026-01-09T19:30:00+00:00,2.637,0.241,8.43
LOC004-U02,2026-01-09T19:45:00+00:00,1.686,0.355,10.66
LOC004-U02,2026-01-09T20:00:00+00:00,2.563,0.322,9.95
LOC004-U02,2026-01-09T20:15:00+00:00,1.105,0.27,10.76
LOC004-U02,2026-01-09T20:30:00+00:00,1.609,0.33,9.22
LOC004-U02,2026-01-09T20:45:00+00:00,2.248,0.375,10.79
LOC004-U02,2026-01-09T21:00:00+00:00,2.074,0.251,10.28
LOC004-U02,2026-01-09T21:15:00+00:00,2.275,0.296,8.49
LOC004-U02,2026-01-09T21:30:00+00:00,1.166,0.228,9.16
LOC004-U02,2026-01-09T21:45:00+00:00,2.619,0.276,10.43
LOC004-U02,2026-01-09T22:00:00+00:00,2.188,0.277,7.14
LOC004-U02,2026-01-09T22:15:00+00:00,2.307,0.376,10.75
LOC004-U02,2026-01-09T22:30:00+00:00,2.451,0.246,7.19
LOC004-U02,2026-01-09T22:45:00+00:00,2.44,0.284,10.75
LOC004-U02,2026-01-09T23:00:00+00:00,2.548,0.29,10.07
LOC004-U02,2026-01-09T23:15:00+00:00,2.351,0.252,9.47
LOC004-U02,2026-01-09T23:30:00+00:00,2.122,0.31,7.85
LOC004-U02,2026-01-09T23:45:00+00:00,0.456,0.3,7.44
LOC004-U02,2026-01-10T00:00:00+00:00,1.743,0.264,8.7
LOC004-U02,2026-01-10T00:15:00+00:00,1.757,0.222,8.41
LOC004-U02,2026-01-10T00:30:00+00:00,1.786,0.274,10.58
LOC004-U02,2026-01-10T00:45:00+00:00,2.032,0.338,11.55
LOC004-U02,2026-01-10T01:00:00+00:00,2.13,0.309,10.75
LOC004-U02,2026-01-10T01:15:00+00:00,2.431,0.326,11.54
LOC004-U02,2026-01-10T01:30:00+00:00,2.759,0.302,11.04
LOC004-U02,2026-01-10T01:45:00+00:00,2.411,0.378,9.2
LOC004-U02,2026-01-10T02:00:00+00:00,1.697,0.252,11.22
LOC004-U02,2026-01-10T02:15:00+00:00,1.99,0.289,7.13
LOC004-U02,2026-01-10T02:30:00+00:00,2.606,0.256,7.05
LOC004-U02,2026-01-10T02:45:00+00:00,2.103,0.371,9.81
LOC004-U02,2026-01-10T03:00:00+00:00,1.402,0.262,8.57
LOC004-U02,2026-01-10T03:15:00+00:00,2.622,0.255,8.39
LOC004-U02,2026-01-10T03:30:00+00:00,2.348,0.247,7.86
LOC004-U02,2026-01-10T03:45:00+00:00,2.491,0.272,10.95
LOC019-U02,2026-01-09T10:00:00+00:00,2.881,0.365,11.16
LOC019-U02,2026-01-09T10:15:00+00:00,1.991,0.258,6.59
LOC019-U02,2026-01-09T10:30:00+00:00,2.491,0.222,6.58
LOC019-U02,2026-01-09T10:45:00+00:00,2.49,0.296,9.48
LOC019-U02,2026-01-09T11:00:00+00:00,1.45,0.311,9.83
LOC019-U02,2026-01-09T11:15:00+00:00,2.479,0.274,9.38
LOC019-U02,2026-01-09T11:30:00+00:00,2.279,0.365,8.81
LOC019-U02,2026-01-09T11:45:00+00:00,2.538,0.254,8.98
LOC019-U02,2026-01-09T12:00:00+00:00,2.332,0.377,7.76
LOC019-U02,2026-01-09T12:15:00+00:00,2.231,0.264,9.73
LOC019-U02,2026-01-09T12:30:00+00:00,2.258,0.253,8.28
LOC019-U02,2026-01-09T12:45:00+00:00,1.646,0.37,9.64
LOC019-U02,2026-01-09T13:00:00+00:00,1.813,0.231,8.64
LOC019-U02,2026-01-09T13:15:00+00:00,1.714,0.243,8.37
LOC019-U02,2026-01-09T13:30:00+00:00,2.357,0.283,7.75
LOC019-U02,2026-01-09T13:45:00+00:00,2.432,0.368,8.37
LOC019-U02,2026-01-09T14:00:00+00:00,2.235,0.257,6.65
LOC019-U02,2026-01-09T14:15:00+00:00,1.913,0.33,7.22
LOC019-U02,2026-01-09T14:30:00+00:00,1.831,0.313,7.98
LOC019-U02,2026-01-09T14:45:00+00:00,2.296,0.303,8.11
LOC019-U02,2026-01-09T15:00:00+00:00,1.634,0.263,10.43
LOC019-U02,2026-01-09T15:15:00+00:00,2.112,0.231,9.59
LOC019-U02,2026-01-09T15:30:00+00:00,2.123,0.362,10.19
LOC019-U02,2026-01-09T15:45:00+00:00,1.971,0.359,7.64
LOC019-U02,2026-01-09T16:00:00+00:00,2.269,0.246,6.78
LOC019-U02,2026-01-09T16:15:00+00:00,2.168,0.224,6.59
LOC019-U02,2026-01-09T16:30:00+00:00,1.975,0.297,7.94
LOC019-U02,2026-01-09T16:45:00+00:00,1.114,0.348,10.77
LOC019-U02,2026-01-09T17:00:00+00:00,2.076,0.283,11.05
LOC019-U02,2026-01-09T17:15:00+00:00,1.425,0.322,8.92
LOC019-U02,2026-01-09T17:30:00+00:00,2.854,0.367,7.7
LOC019-U02,2026-01-09T17:45:00+00:00,2.266,0.289,6.7
LOC019-U02,2026-01-09T18:00:00+00:00,1.44,0.235,8.71
LOC019-U02,2026-01-09T18:15:00+00:00,1.867,0.375,7.41
LOC019-U02,2026-01-09T18:30:00+00:00,1.837,0.29,9.69
LOC019-U02,2026-01-09T18:45:00+00:00,1.812,0.264,11.16
LOC019-U02,2026-01-09T19:00:00+00:00,2.156,0.262,11.17
LOC019-U02,2026-01-09T19:15:00+00:00,2.42,0.328,7.21
LOC019-U02,2026-01-09T19:30:00+00:00,2.229,0.326,10.41
LOC019-U02,2026-01-09T19:45:00+00:00,1.629,0.331,8.01
LOC019-U02,2026-01-09T20:00:00+00:00,1.203,0.332,11.18
LOC019-U02,2026-01-09T20:15:00+00:00,2.575,0.328,7.13
LOC019-U02,2026-01-09T20:30:00+00:00,2.001,0.342,8.39
LOC019-U02,2026-01-09T20:45:00+00:00,1.282,0.363,7.85
LOC019-U02,2026-01-09T21:00:00+00:00,1.759,0.301,6.74
LOC019-U02,2026-01-09T21:15:00+00:00,1.926,0.235,7.21
LOC019-U02,2026-01-09T21:30:00+00:00,1.817,0.284,7.56
LOC019-U02,2026-01-09T21:45:00+00:00,1.791,0.232,8.38
LOC019-U02,2026-01-09T22:00:00+00:00,3.028,0.379,10.46
LOC019-U02,2026-01-09T22:15:00+00:00,1.153,0.364,7.17
LOC019-U02,2026-01-09T22:30:00+00:00,2.334,0.318,9.86
LOC019-U02,2026-01-09T22:45:00+00:00,1.69,0.249,8.76
LOC019-U02,2026-01-09T23:00:00+00:00,1.228,0.361,9.75
LOC019-U02,2026-01-09T23:15:00+00:00,1.784,0.248,6.51
LOC019-U02,2026-01-09T23:30:00+00:00,2.652,0.341,7.54
LOC019-U02,2026-01-09T23:45:00+00:00,1.033,0.257,7.35
LOC019-U02,2026-01-10T00:00:00+00:00,1.687,0.3,8.5
LOC019-U02,2026-01-10T00:15:00+00:00,1.262,0.233,9.07
LOC019-U02,2026-01-10T00:30:00+00:00,1.091,0.272,10.35
LOC019-U02,2026-01-10T00:45:00+00:00,2.488,0.285,8.98
LOC019-U02,2026-01-10T01:00:00+00:00,1.394,0.256,9.27
LOC019-U02,2026-01-10T01:15:00+00:00,1.256,0.344,7.8
LOC019-U02,2026-01-10T01:30:00+00:00,2.623,0.276,10.2
LOC019-U02,2026-01-10T01:45:00+00:00,3.252,0.23,8.83
LOC019-U02,2026-01-10T02:00:00+00:00,1.646,0.317,11.44
LOC019-U02,2026-01-10T02:15:00+00:00,2.206,0.329,9.1
LOC019-U02,2026-01-10T02:30:00+00:00,2.402,0.338,7.54
LOC019-U02,2026-01-10T02:45:00+00:00,2.569,0.336,11.49
LOC019-U02,2026-01-10T03:00:00+00:00,2.247,0.295,10.27
LOC019-U02,2026-01-10T03:15:00+00:00,0.674,0.314,10.32
LOC019-U02,2026-01-10T03:30:00+00:00,2.264,0.34,8.16
LOC019-U02,2026-01-10T03:45:00+00:00,2.369,0.314,9.67
LOC024-U01,2026-01-09T10:00:00+00:00,1.476,0.262,10.2
LOC024-U01,2026-01-09T10:15:00+00:00,2.315,0.241,8.73
LOC024-U01,2026-01-09T10:30:00+00:00,2.088,0.267,10.7
LOC024-U01,2026-01-09T10:45:00+00:00,2.607,0.319,11.83
LOC024-U01,2026-01-09T11:00:00+00:00,2.291,0.222,7.34
LOC024-U01,2026-01-09T11:15:00+00:00,1.234,0.307,6.56
LOC024-U01,2026-01-09T11:30:00+00:00,3.096,0.318,8.8
LOC024-U01,2026-01-09T11:45:00+00:00,1.911,0.345,7.29
LOC024-U01,2026-01-09T12:00:00+00:00,2.326,0.34,8.46
LOC024-U01,2026-01-09T12:15:00+00:00,2.224,0.305,7.36
LOC024-U01,2026-01-09T12:30:00+00:00,2.684,0.296,8.12
LOC024-U01,2026-01-09T12:45:00+00:00,1.855,0.352,6.99
LOC024-U01,2026-01-09T13:00:00+00:00,1.911,0.235,9.81
LOC024-U01,2026-01-09T13:15:00+00:00,2.622,0.237,7.11
LOC024-U01,2026-01-09T13:30:00+00:00,1.975,0.274,8.59
LOC024-U01,2026-01-09T13:45:00+00:00,2.072,0.369,9.75
LOC024-U01,2026-01-09T14:00:00+00:00,2.215,0.364,7.4
LOC024-U01,2026-01-09T14:15:00+00:00,2.193,0.351,11.35
LOC024-U01,2026-01-09T14:30:00+00:00,1.946,0.236,7.66
LOC024-U01,2026-01-09T14:45:00+00:00,2.483,0.255,7.43
LOC024-U01,2026-01-09T15:00:00+00:00,2.391,0.354,9.19
LOC024-U01,2026-01-09T15:15:00+00:00,2.494,0.344,8.46
LOC024-U01,2026-01-09T15:30:00+00:00,2.185,0.359,10.88
LOC024-U01,2026-01-09T15:45:00+00:00,2.128,0.253,7.69
LOC024-U01,2026-01-09T16:00:00+00:00,2.994,0.228,9.9
LOC024-U01,2026-01-09T16:15:00+00:00,2.316,0.36,9.83
LOC024-U01,2026-01-09T16:30:00+00:00,3.093,0.261,7.56
LOC024-U01,2026-01-09T16:45:00+00:00,1.975,0.379,10.76
LOC024-U01,2026-01-09T17:00:00+00:00,2.014,0.362,11.51
LOC024-U01,2026-01-09T17:15:00+00:00,1.782,0.339,10.57
LOC024-U01,2026-01-09T17:30:00+00:00,2.295,0.289,10.4
LOC024-U01,2026-01-09T17:45:00+00:00,2.635,0.251,6.9
LOC024-U01,2026-01-09T18:00:00+00:00,1.466,0.367,8.52
LOC024-U01,2026-01-09T18:15:00+00:00,2.969,0.373,9.97
LOC024-U01,2026-01-09T18:30:00+00:00,2.093,0.332,10.33
LOC024-U01,2026-01-09T18:45:00+00:00,1.588,0.369,9.06
LOC024-U01,2026-01-09T19:00:00+00:00,2.11,0.289,6.66
LOC024-U01,2026-01-09T19:15:00+00:00,2.731,0.253,9.59
LOC024-U01,2026-01-09T19:30:00+00:00,2.097,0.273,6.75
LOC024-U01,2026-01-09T19:45:00+00:00,1.608,0.284,9.01
LOC024-U01,2026-01-09T20:00:00+00:00,2.026,0.271,9.74
LOC024-U01,2026-01-09T20:15:00+00:00,2.644,0.283,10.79
LOC024-U01,2026-01-09T20:30:00+00:00,1.594,0.331,11.34
LOC024-U01,2026-01-09T20:45:00+00:00,1.665,0.347,11.14
LOC024-U01,2026-01-09T21:00:00+00:00,1.576,0.249,6.89
LOC024-U01,2026-01-09T21:15:00+00:00,2.002,0.255,11.13
LOC024-U01,2026-01-09T21:30:00+00:00,1.691,0.319,9.15
LOC024-U01,2026-01-09T21:45:00+00:00,2.056,0.297,7.36
LOC024-U01,2026-01-09T22:00:00+00:00,2.334,0.26,10.87
LOC024-U01,2026-01-09T22:15:00+00:00,2.166,0.237,8.69
LOC024-U01,2026-01-09T22:30:00+00:00,1.679,0.25,9.1
LOC024-U01,2026-01-09T22:45:00+00:00,1.845,0.376,11.06
LOC024-U01,2026-01-09T23:00:00+00:00,2.376,0.34,7.72
LOC024-U01,2026-01-09T23:15:00+00:00,2.204,0.267,9.63
LOC024-U01,2026-01-09T23:30:00+00:00,1.653,0.376,8.73
LOC024-U01,2026-01-09T23:45:00+00:00,2.65,0.355,9.0
LOC024-U01,2026-01-10T00:00:00+00:00,1.833,0.356,9.57
LOC024-U01,2026-01-10T00:15:00+00:00,1.759,0.297,7.62
LOC024-U01,2026-01-10T00:30:00+00:00,1.909,0.318,10.98
LOC024-U01,2026-01-10T00:45:00+00:00,1.934,0.348,9.57
LOC024-U01,2026-01-10T01:00:00+00:00,2.081,0.305,9.67
LOC024-U01,2026-01-10T01:15:00+00:00,1.872,0.283,6.87
LOC024-U01,2026-01-10T01:30:00+00:00,2.081,0.269,6.87
LOC024-U01,2026-01-10T01:45:00+00:00,1.896,0.267,7.21
LOC024-U01,2026-01-10T02:00:00+00:00,1.519,0.252,6.97
LOC024-U01,2026-01-10T02:15:00+00:00,1.684,0.373,10.27
LOC024-U01,2026-01-10T02:30:00+00:00,1.295,0.258,8.31
LOC024-U01,2026-01-10T02:45:00+00:00,2.285,0.327,8.35
LOC024-U01,2026-01-10T03:00:00+00:00,2.661,0.255,8.56
LOC024-U01,2026-01-10T03:15:00+00:00,2.233,0.244,11.37
LOC024-U01,2026-01-10T03:30:00+00:00,2.267,0.247,7.41
LOC024-U01,2026-01-10T03:45:00+00:00,2.162,0.365,10.11
LOC033-U01,2026-01-09T10:00:00+00:00,1.505,0.233,7.82
LOC033-U01,2026-01-09T10:15:00+00:00,1.857,0.343,11.3
LOC033-U01,2026-01-09T10:30:00+00:00,2.868,0.262,10.36
LOC033-U01,2026-01-09T10:45:00+00:00,2.099,0.3,8.31
LOC033-U01,2026-01-09T11:00:00+00:00,2.018,0.253,8.34
LOC033-U01,2026-01-09T11:15:00+00:00,2.48,0.278,9.51
LOC033-U01,2026-01-09T11:30:00+00:00,1.905,0.298,11.57
LOC033-U01,2026-01-09T11:45:00+00:00,2.472,0.349,10.75
LOC033-U01,2026-01-09T12:00:00+00:00,2.099,0.312,9.22
LOC033-U01,2026-01-09T12:15:00+00:00,1.695,0.309,8.72
LOC033-U01,2026-01-09T12:30:00+00:00,2.844,0.299,8.88
LOC033-U01,2026-01-09T12:45:00+00:00,2.568,0.33,7.68
LOC033-U01,2026-01-09T13:00:00+00:00,3.126,0.275,7.64
LOC033-U01,2026-01-09T13:15:00+00:00,2.474,0.257,11.43
LOC033-U01,2026-01-09T13:30:00+00:00,2.719,0.239,10.23
LOC033-U01,2026-01-09T13:45:00+00:00,3.241,0.343,7.26
LOC033-U01,2026-01-09T14:00:00+00:00,1.83,0.234,6.52
LOC033-U01,2026-01-09T14:15:00+00:00,2.063,0.27,10.09
LOC033-U01,2026-01-09T14:30:00+00:00,2.576,0.374,10.48
LOC033-U01,2026-01-09T14:45:00+00:00,2.503,0.234,9.72
LOC033-U01,2026-01-09T15:00:00+00:00,2.42,0.373,11.68
LOC033-U01,2026-01-09T15:15:00+00:00,1.957,0.3,10.04
LOC033-U01,2026-01-09T15:30:00+00:00,1.669,0.236,10.08
LOC033-U01,2026-01-09T15:45:00+00:00,1.657,0.339,6.69
LOC033-U01,2026-01-09T16:00:00+00:00,2.136,0.222,10.52
LOC033-U01,2026-01-09T16:15:00+00:00,2.36,0.257,11.6
LOC033-U01,2026-01-09T16:30:00+00:00,2.594,0.252,9.98
LOC033-U01,2026-01-09T16:45:00+00:00,2.535,0.276,7.72
LOC033-U01,2026-01-09T17:00:00+00:00,1.553,0.325,6.78
LOC033-U01,2026-01-09T17:15:00+00:00,1.895,0.309,6.79
LOC033-U01,2026-01-09T17:30:00+00:00,2.708,0.377,10.9
LOC033-U01,2026-01-09T17:45:00+00:00,2.182,0.283,7.3
LOC033-U01,2026-01-09T18:00:00+00:00,1.849,0.301,10.66
LOC033-U01,2026-01-09T18:15:00+00:00,1.238,0.235,11.04
LOC033-U01,2026-01-09T18:30:00+00:00,2.268,0.316,8.88
LOC033-U01,2026-01-09T18:45:00+00:00,2.433,0.319,8.97
LOC033-U01,2026-01-09T19:00:00+00:00,2.027,0.243,6.96
LOC033-U01,2026-01-09T19:15:00+00:00,2.248,0.329,6.96
LOC033-U01,2026-01-09T19:30:00+00:00,1.915,0.241,10.85
LOC033-U01,2026-01-09T19:45:00+00:00,1.779,0.366,9.02
LOC033-U01,2026-01-09T20:00:00+00:00,1.561,0.226,6.92
LOC033-U01,2026-01-09T20:15:00+00:00,1.61,0.366,10.65
LOC033-U01,2026-01-09T20:30:00+00:00,0.891,0.228,9.91
LOC033-U01,2026-01-09T20:45:00+00:00,1.701,0.371,10.04
LOC033-U01,2026-01-09T21:00:00+00:00,1.46,0.296,10.38
LOC033-U01,2026-01-09T21:15:00+00:00,0.878,0.35,10.76
LOC033-U01,2026-01-09T21:30:00+00:00,2.684,0.23,7.57
LOC033-U01,2026-01-09T21:45:00+00:00,2.53,0.242,9.15
LOC033-U01,2026-01-09T22:00:00+00:00,2.649,0.224,10.1
LOC033-U01,2026-01-09T22:15:00+00:00,1.157,0.277,8.2
LOC033-U01,2026-01-09T22:30:00+00:00,1.435,0.28,11.23
LOC033-U01,2026-01-09T22:45:00+00:00,1.687,0.227,10.9
LOC033-U01,2026-01-09T23:00:00+00:00,1.978,0.359,7.75
LOC033-U01,2026-01-09T23:15:00+00:00,2.531,0.351,7.14
LOC033-U01,2026-01-09T23:30:00+00:00,1.598,0.303,6.64
LOC033-U01,2026-01-09T23:45:00+00:00,3.273,0.257,9.2
LOC033-U01,2026-01-10T00:00:00+00:00,1.435,0.334,8.65
LOC033-U01,2026-01-10T00:15:00+00:00,2.167,0.375,11.5
LOC033-U01,2026-01-10T00:30:00+00:00,1.037,0.221,9.49
LOC033-U01,2026-01-10T00:45:00+00:00,2.083,0.339,8.27
LOC033-U01,2026-01-10T01:00:00+00:00,2.36,0.341,9.3
LOC033-U01,2026-01-10T01:15:00+00:00,1.75,0.337,9.94
LOC033-U01,2026-01-10T01:30:00+00:00,2.121,0.34,10.6
LOC033-U01,2026-01-10T01:45:00+00:00,2.026,0.299,7.49
LOC033-U01,2026-01-10T02:00:00+00:00,2.482,0.309,8.25
LOC033-U01,2026-01-10T02:15:00+00:00,3.019,0.294,8.18
LOC033-U01,2026-01-10T02:30:00+00:00,3.257,0.269,11.78
LOC033-U01,2026-01-10T02:45:00+00:00,1.218,0.369,8.94
LOC033-U01,2026-01-10T03:00:00+00:00,2.569,0.372,8.07
LOC033-U01,2026-01-10T03:15:00+00:00,2.432,0.221,7.74
LOC033-U01,2026-01-10T03:30:00+00:00,2.496,0.227,7.51
LOC033-U01,2026-01-10T03:45:00+00:00,2.147,0.267,9.49
LOC038-U02,2026-01-09T10:00:00+00:00,2.99,0.345,7.91
LOC038-U02,2026-01-09T10:15:00+00:00,2.069,0.281,11.09
LOC038-U02,2026-01-09T10:30:00+00:00,2.491,0.276,10.47
LOC038-U02,2026-01-09T10:45:00+00:00,2.065,0.361,7.66
LOC038-U02,2026-01-09T11:00:00+00:00,2.231,0.272,11.16
LOC038-U02,2026-01-09T11:15:00+00:00,2.258,0.376,8.62
LOC038-U02,2026-01-09T11:30:00+00:00,2.552,0.276,10.94
LOC038-U02,2026-01-09T11:45:00+00:00,2.183,0.344,8.07
LOC038-U02,2026-01-09T12:00:00+00:00,1.794,0.289,8.66
LOC038-U02,2026-01-09T12:15:00+00:00,1.868,0.233,6.73
LOC038-U02,2026-01-09T12:30:00+00:00,1.463,0.306,10.95
LOC038-U02,2026-01-09T12:45:00+00:00,2.002,0.267,7.11
LOC038-U02,2026-01-09T13:00:00+00:00,2.802,0.343,7.27
LOC038-U02,2026-01-09T13:15:00+00:00,2.449,0.238,10.92
LOC038-U02,2026-01-09T13:30:00+00:00,1.833,0.27,7.74
LOC038-U02,2026-01-09T13:45:00+00:00,2.53,0.351,7.56
LOC038-U02,2026-01-09T14:00:00+00:00,1.57,0.378,10.21
LOC038-U02,2026-01-09T14:15:00+00:00,2.385,0.235,8.42
LOC038-U02,2026-01-09T14:30:00+00:00,3.021,0.277,9.23
LOC038-U02,2026-01-09T14:45:00+00:00,1.704,0.234,10.42
LOC038-U02,2026-01-09T15:00:00+00:00,1.564,0.277,7.66
LOC038-U02,2026-01-09T15:15:00+00:00,2.075,0.347,10.2
LOC038-U02,2026-01-09T15:30:00+00:00,1.304,0.319,9.64
LOC038-U02,2026-01-09T15:45:00+00:00,1.781,0.287,8.88
LOC038-U02,2026-01-09T16:00:00+00:00,1.152,0.252,8.25
LOC038-U02,2026-01-09T16:15:00+00:00,0.793,0.306,11.13
LOC038-U02,2026-01-09T16:30:00+00:00,2.538,0.275,7.01
LOC038-U02,2026-01-09T16:45:00+00:00,1.714,0.348,10.66
LOC038-U02,2026-01-09T17:00:00+00:00,1.127,0.261,9.98
LOC038-U02,2026-01-09T17:15:00+00:00,1.361,0.332,7.81
LOC038-U02,2026-01-09T17:30:00+00:00,1.923,0.251,7.27
LOC038-U02,2026-01-09T17:45:00+00:00,3.121,0.303,11.37
LOC038-U02,2026-01-09T18:00:00+00:00,1.573,0.29,11.21
LOC038-U02,2026-01-09T18:15:00+00:00,3.257,0.363,9.86
LOC038-U02,2026-01-09T18:30:00+00:00,2.484,0.34,9.1
LOC038-U02,2026-01-09T18:45:00+00:00,2.957,0.269,7.98
LOC038-U02,2026-01-09T19:00:00+00:00,1.575,0.303,8.51
LOC038-U02,2026-01-09T19:15:00+00:00,2.348,0.336,9.01
LOC038-U02,2026-01-09T19:30:00+00:00,1.849,0.326,7.53
LOC038-U02,2026-01-09T19:45:00+00:00,2.524,0.228,8.18
LOC038-U02,2026-01-09T20:00:00+00:00,2.143,0.247,6.82
LOC038-U02,2026-01-09T20:15:00+00:00,1.39,0.245,10.97
LOC038-U02,2026-01-09T20:30:00+00:00,2.505,0.346,8.63
LOC038-U02,2026-01-09T20:45:00+00:00,0.403,0.257,9.26
LOC038-U02,2026-01-09T21:00:00+00:00,1.831,0.377,9.37
LOC038-U02,2026-01-09T21:15:00+00:00,1.27,0.272,9.41
LOC038-U02,2026-01-09T21:30:00+00:00,3.112,0.268,11.41
LOC038-U02,2026-01-09T21:45:00+00:00,2.155,0.283,8.9
LOC038-U02,2026-01-09T22:00:00+00:00,2.424,0.364,9.41
LOC038-U02,2026-01-09T22:15:00+00:00,2.354,0.333,10.04
LOC038-U02,2026-01-09T22:30:00+00:00,2.351,0.332,6.93
LOC038-U02,2026-01-09T22:45:00+00:00,2.159,0.303,7.52
LOC038-U02,2026-01-09T23:00:00+00:00,2.295,0.354,9.96
LOC038-U02,2026-01-09T23:15:00+00:00,2.414,0.236,9.09
LOC038-U02,2026-01-09T23:30:00+00:00,1.523,0.363,7.38
LOC038-U02,2026-01-09T23:45:00+00:00,2.732,0.228,8.06
LOC038-U02,2026-01-10T00:00:00+00:00,2.08,0.31,8.67
LOC038-U02,2026-01-10T00:15:00+00:00,2.684,0.373,9.78
LOC038-U02,2026-01-10T00:30:00+00:00,1.732,0.331,11.17
LOC038-U02,2026-01-10T00:45:00+00:00,2.703,0.294,10.6
LOC038-U02,2026-01-10T01:00:00+00:00,2.179,0.253,7.6
LOC038-U02,2026-01-10T01:15:00+00:00,1.941,0.234,11.14
LOC038-U02,2026-01-10T01:30:00+00:00,2.71,0.365,9.63
LOC038-U02,2026-01-10T01:45:00+00:00,1.294,0.235,8.23
LOC038-U02,2026-01-10T02:00:00+00:00,1.915,0.32,8.47
LOC038-U02,2026-01-10T02:15:00+00:00,1.444,0.271,10.04
LOC038-U02,2026-01-10T02:30:00+00:00,1.78,0.259,11.06
LOC038-U02,2026-01-10T02:45:00+00:00,1.679,0.264,9.13
LOC038-U02,2026-01-10T03:00:00+00:00,1.609,0.307,8.16
LOC038-U02,2026-01-10T03:15:00+00:00,2.478,0.326,10.81
LOC038-U02,2026-01-10T03:30:00+00:00,2.251,0.282,8.85
LOC038-U02,2026-01-10T03:45:00+00:00,2.393,0.344,8.12
LOC027-U02,2026-01-09T10:00:00+00:00,1.322,0.343,8.98
LOC027-U02,2026-01-09T10:15:00+00:00,1.575,0.336,9.96
LOC027-U02,2026-01-09T10:30:00+00:00,2.038,0.27,9.56
LOC027-U02,2026-01-09T10:45:00+00:00,1.937,0.252,10.9
LOC027-U02,2026-01-09T11:00:00+00:00,2.838,0.347,9.66
LOC027-U02,2026-01-09T11:15:00+00:00,1.846,0.243,8.67
LOC027-U02,2026-01-09T11:30:00+00:00,2.589,0.316,9.8
LOC027-U02,2026-01-09T11:45:00+00:00,1.975,0.342,7.14
LOC027-U02,2026-01-09T12:00:00+00:00,1.602,0.307,10.71
LOC027-U02,2026-01-09T12:15:00+00:00,1.272,0.353,9.09
LOC027-U02,2026-01-09T12:30:00+00:00,2.401,0.256,10.2
LOC027-U02,2026-01-09T12:45:00+00:00,2.542,0.347,10.85
LOC027-U02,2026-01-09T13:00:00+00:00,2.631,0.346,8.15
LOC027-U02,2026-01-09T13:15:00+00:00,1.394,0.29,6.59
LOC027-U02,2026-01-09T13:30:00+00:00,2.553,0.262,11.44
LOC027-U02,2026-01-09T13:45:00+00:00,2.137,0.252,10.7
LOC027-U02,2026-01-09T14:00:00+00:00,1.95,0.22,11.37
LOC027-U02,2026-01-09T14:15:00+00:00,2.51,0.249,9.56
LOC027-U02,2026-01-09T14:30:00+00:00,2.188,0.36,8.53
LOC027-U02,2026-01-09T14:45:00+00:00,2.377,0.266,7.47
LOC027-U02,2026-01-09T15:00:00+00:00,1.469,0.266,10.22
LOC027-U02,2026-01-09T15:15:00+00:00,2.754,0.233,6.87
LOC027-U02,2026-01-09T15:30:00+00:00,1.555,0.233,7.39
LOC027-U02,2026-01-09T15:45:00+00:00,2.236,0.23,11.07
LOC027-U02,2026-01-09T16:00:00+00:00,2.139,0.25,6.78
LOC027-U02,2026-01-09T16:15:00+00:00,2.241,0.326,9.66
LOC027-U02,2026-01-09T16:30:00+00:00,1.322,0.247,7.48
LOC027-U02,2026-01-09T16:45:00+00:00,2.501,0.269,11.12
LOC027-U02,2026-01-09T17:00:00+00:00,1.863,0.285,9.67
LOC027-U02,2026-01-09T17:15:00+00:00,1.834,0.239,7.89
LOC027-U02,2026-01-09T17:30:00+00:00,2.247,0.3,11.39
LOC027-U02,2026-01-09T17:45:00+00:00,1.115,0.247,9.4
LOC027-U02,2026-01-09T18:00:00+00:00,1.476,0.259,8.7
LOC027-U02,2026-01-09T18:15:00+00:00,1.606,0.248,9.5
LOC027-U02,2026-01-09T18:30:00+00:00,1.765,0.311,7.87
LOC027-U02,2026-01-09T18:45:00+00:00,1.123,0.337,10.67
LOC027-U02,2026-01-09T19:00:00+00:00,2.172,0.306,11.66
LOC027-U02,2026-01-09T19:15:00+00:00,2.482,0.229,11.35
LOC027-U02,2026-01-09T19:30:00+00:00,1.356,0.286,8.02
LOC027-U02,2026-01-09T19:45:00+00:00,2.093,0.336,9.25
LOC027-U02,2026-01-09T20:00:00+00:00,2.572,0.305,11.27
LOC027-U02,2026-01-09T20:15:00+00:00,1.964,0.345,11.4
LOC027-U02,2026-01-09T20:30:00+00:00,2.583,0.299,7.72
LOC027-U02,2026-01-09T20:45:00+00:00,2.302,0.259,8.01
LOC027-U02,2026-01-09T21:00:00+00:00,1.694,0.262,8.04
LOC027-U02,2026-01-09T21:15:00+00:00,2.868,0.238,9.68
LOC027-U02,2026-01-09T21:30:00+00:00,2.235,0.263,7.37
LOC027-U02,2026-01-09T21:45:00+00:00,1.955,0.29,9.34
LOC027-U02,2026-01-09T22:00:00+00:00,1.631,0.324,6.75
LOC027-U02,2026-01-09T22:15:00+00:00,2.118,0.338,7.39
LOC027-U02,2026-01-09T22:30:00+00:00,2.144,0.357,9.43
LOC027-U02,2026-01-09T22:45:00+00:00,2.909,0.275,10.17
LOC027-U02,2026-01-09T23:00:00+00:00,2.05,0.374,10.55
LOC027-U02,2026-01-09T23:15:00+00:00,1.894,0.292,8.59
LOC027-U02,2026-01-09T23:30:00+00:00,1.739,0.354,7.98
LOC027-U02,2026-01-09T23:45:00+00:00,2.413,0.359,10.11
LOC027-U02,2026-01-10T00:00:00+00:00,2.069,0.269,7.45
LOC027-U02,2026-01-10T00:15:00+00:00,1.685,0.272,8.01
LOC027-U02,2026-01-10T00:30:00+00:00,1.226,0.244,7.36
LOC027-U02,2026-01-10T00:45:00+00:00,0.669,0.249,8.26
LOC027-U02,2026-01-10T01:00:00+00:00,2.289,0.255,8.8
LOC027-U02,2026-01-10T01:15:00+00:00,1.381,0.348,9.53
LOC027-U02,2026-01-10T01:30:00+00:00,1.821,0.239,7.65
LOC027-U02,2026-01-10T01:45:00+00:00,2.679,0.342,7.82
LOC027-U02,2026-01-10T02:00:00+00:00,1.673,0.314,7.91
LOC027-U02,2026-01-10T02:15:00+00:00,2.664,0.328,8.52
LOC027-U02,2026-01-10T02:30:00+00:00,3.653,0.367,8.45
LOC027-U02,2026-01-10T02:45:00+00:00,1.621,0.348,8.05
LOC027-U02,2026-01-10T03:00:00+00:00,1.605,0.254,7.32
LOC027-U02,2026-01-10T03:15:00+00:00,1.765,0.241,7.36
LOC027-U02,2026-01-10T03:30:00+00:00,2.742,0.239,8.76
LOC027-U02,2026-01-10T03:45:00+00:00,1.443,0.247,10.63
LOC003-U02,2026-01-09T10:00:00+00:00,1.666,0.369,11.46
LOC003-U02,2026-01-09T10:15:00+00:00,2.51,0.33,10.98
LOC003-U02,2026-01-09T10:30:00+00:00,1.424,0.329,11.41
LOC003-U02,2026-01-09T10:45:00+00:00,1.739,0.32,7.38
LOC003-U02,2026-01-09T11:00:00+00:00,2.039,0.242,6.85
LOC003-U02,2026-01-09T11:15:00+00:00,1.482,0.244,11.08
LOC003-U02,2026-01-09T11:30:00+00:00,2.329,0.229,11.14
LOC003-U02,2026-01-09T11:45:00+00:00,2.311,0.244,6.81
LOC003-U02,2026-01-09T12:00:00+00:00,1.915,0.315,6.66
LOC003-U02,2026-01-09T12:15:00+00:00,2.26,0.339,10.41
LOC003-U02,2026-01-09T12:30:00+00:00,2.091,0.329,9.17
LOC003-U02,2026-01-09T12:45:00+00:00,2.081,0.291,11.59
LOC003-U02,2026-01-09T13:00:00+00:00,2.034,0.242,7.67
LOC003-U02,2026-01-09T13:15:00+00:00,1.531,0.344,7.45
LOC003-U02,2026-01-09T13:30:00+00:00,2.683,0.323,7.6
LOC003-U02,2026-01-09T13:45:00+00:00,1.946,0.241,10.32
LOC003-U02,2026-01-09T14:00:00+00:00,2.259,0.251,8.53
LOC003-U02,2026-01-09T14:15:00+00:00,2.243,0.258,10.28
LOC003-U02,2026-01-09T14:30:00+00:00,1.656,0.334,8.16
LOC003-U02,2026-01-09T14:45:00+00:00,2.082,0.327,11.2
LOC003-U02,2026-01-09T15:00:00+00:00,2.346,0.28,7.71
LOC003-U02,2026-01-09T15:15:00+00:00,1.942,0.251,6.5
LOC003-U02,2026-01-09T15:30:00+00:00,1.752,0.289,9.11
LOC003-U02,2026-01-09T15:45:00+00:00,1.288,0.308,9.5
LOC003-U02,2026-01-09T16:00:00+00:00,2.682,0.265,11.25
LOC003-U02,2026-01-09T16:15:00+00:00,2.538,0.346,10.42
LOC003-U02,2026-01-09T16:30:00+00:00,1.94,0.235,7.55
LOC003-U02,2026-01-09T16:45:00+00:00,2.153,0.267,10.61
LOC003-U02,2026-01-09T17:00:00+00:00,1.915,0.349,11.0
LOC003-U02,2026-01-09T17:15:00+00:00,1.844,0.255,6.92
LOC003-U02,2026-01-09T17:30:00+00:00,2.663,0.247,10.26
LOC003-U02,2026-01-09T17:45:00+00:00,2.809,0.262,6.74
LOC003-U02,2026-01-09T18:00:00+00:00,1.895,0.324,11.21
LOC003-U02,2026-01-09T18:15:00+00:00,1.652,0.302,10.51
LOC003-U02,2026-01-09T18:30:00+00:00,2.585,0.329,7.49
LOC003-U02,2026-01-09T18:45:00+00:00,1.223,0.334,9.17
LOC003-U02,2026-01-09T19:00:00+00:00,1.452,0.295,7.42
LOC003-U02,2026-01-09T19:15:00+00:00,2.254,0.322,8.67
LOC003-U02,2026-01-09T19:30:00+00:00,1.674,0.276,8.85
LOC003-U02,2026-01-09T19:45:00+00:00,1.782,0.261,7.31
LOC003-U02,2026-01-09T20:00:00+00:00,2.878,0.321,9.92
LOC003-U02,2026-01-09T20:15:00+00:00,1.107,0.316,8.96
LOC003-U02,2026-01-09T20:30:00+00:00,2.794,0.28,10.52
LOC003-U02,2026-01-09T20:45:00+00:00,1.974,0.283,9.83
LOC003-U02,2026-01-09T21:00:00+00:00,2.001,0.339,9.9
LOC003-U02,2026-01-09T21:15:00+00:00,1.643,0.328,10.78
LOC003-U02,2026-01-09T21:30:00+00:00,2.259,0.359,11.48
LOC003-U02,2026-01-09T21:45:00+00:00,1.653,0.291,9.51
LOC003-U02,2026-01-09T22:00:00+00:00,2.618,0.367,10.65
LOC003-U02,2026-01-09T22:15:00+00:00,2.35,0.23,11.33
LOC003-U02,2026-01-09T22:30:00+00:00,2.696,0.278,10.48
LOC003-U02,2026-01-09T22:45:00+00:00,2.7,0.355,11.53
LOC003-U02,2026-01-09T23:00:00+00:00,1.842,0.311,9.75
LOC003-U02,2026-01-09T23:15:00+00:00,2.499,0.231,6.96
LOC003-U02,2026-01-09T23:30:00+00:00,1.175,0.342,6.68
LOC003-U02,2026-01-09T23:45:00+00:00,2.4,0.282,6.95
LOC003-U02,2026-01-10T00:00:00+00:00,1.785,0.299,11.1
LOC003-U02,2026-01-10T00:15:00+00:00,2.152,0.232,8.78
LOC003-U02,2026-01-10T00:30:00+00:00,1.723,0.285,10.87
LOC003-U02,2026-01-10T00:45:00+00:00,2.658,0.358,10.82
LOC003-U02,2026-01-10T01:00:00+00:00,2.74,0.302,9.48
LOC003-U02,2026-01-10T01:15:00+00:00,2.098,0.238,6.86
LOC003-U02,2026-01-10T01:30:00+00:00,2.124,0.313,11.25
LOC003-U02,2026-01-10T01:45:00+00:00,2.351,0.237,9.86
LOC003-U02,2026-01-10T02:00:00+00:00,1.326,0.305,8.69
LOC003-U02,2026-01-10T02:15:00+00:00,1.954,0.351,8.5
LOC003-U02,2026-01-10T02:30:00+00:00,2.64,0.312,9.21
LOC003-U02,2026-01-10T02:45:00+00:00,2.267,0.254,7.54
LOC003-U02,2026-01-10T03:00:00+00:00,2.358,0.33,10.95
LOC003-U02,2026-01-10T03:15:00+00:00,1.467,0.335,9.95
LOC003-U02,2026-01-10T03:30:00+00:00,2.103,0.318,6.74
LOC003-U02,2026-01-10T03:45:00+00:00,1.857,0.27,9.33
LOC036-U01,2026-01-09T10:00:00+00:00,2.918,0.279,6.97
LOC036-U01,2026-01-09T10:15:00+00:00,1.798,0.225,7.83
LOC036-U01,2026-01-09T10:30:00+00:00,2.869,0.311,10.56
LOC036-U01,2026-01-09T10:45:00+00:00,2.742,0.278,7.81
LOC036-U01,2026-01-09T11:00:00+00:00,0.83,0.368,8.64
LOC036-U01,2026-01-09T11:15:00+00:00,2.252,0.292,9.64
LOC036-U01,2026-01-09T11:30:00+00:00,1.591,0.374,11.31
LOC036-U01,2026-01-09T11:45:00+00:00,2.119,0.37,10.21
LOC036-U01,2026-01-09T12:00:00+00:00,2.508,0.353,9.15
LOC036-U01,2026-01-09T12:15:00+00:00,2.237,0.373,11.09
LOC036-U01,2026-01-09T12:30:00+00:00,2.392,0.366,11.07
LOC036-U01,2026-01-09T12:45:00+00:00,2.12,0.221,10.86
LOC036-U01,2026-01-09T13:00:00+00:00,1.808,0.376,10.2
LOC036-U01,2026-01-09T13:15:00+00:00,1.721,0.285,7.03
LOC036-U01,2026-01-09T13:30:00+00:00,1.753,0.33,6.59
LOC036-U01,2026-01-09T13:45:00+00:00,1.356,0.296,6.87
LOC036-U01,2026-01-09T14:00:00+00:00,2.131,0.284,10.85
LOC036-U01,2026-01-09T14:15:00+00:00,1.817,0.278,7.06
LOC036-U01,2026-01-09T14:30:00+00:00,2.541,0.237,9.98
LOC036-U01,2026-01-09T14:45:00+00:00,3.015,0.31,7.17
LOC036-U01,2026-01-09T15:00:00+00:00,1.589,0.221,8.76
LOC036-U01,2026-01-09T15:15:00+00:00,2.047,0.332,6.83
LOC036-U01,2026-01-09T15:30:00+00:00,2.475,0.357,9.94
LOC036-U01,2026-01-09T15:45:00+00:00,2.172,0.27,8.2
LOC036-U01,2026-01-09T16:00:00+00:00,1.421,0.227,7.47
LOC036-U01,2026-01-09T16:15:00+00:00,2.221,0.27,9.43
LOC036-U01,2026-01-09T16:30:00+00:00,2.281,0.264,7.15
LOC036-U01,2026-01-09T16:45:00+00:00,3.008,0.379,11.89
LOC036-U01,2026-01-09T17:00:00+00:00,2.204,0.373,10.19
LOC036-U01,2026-01-09T17:15:00+00:00,1.938,0.367,11.18
LOC036-U01,2026-01-09T17:30:00+00:00,2.028,0.253,9.03
LOC036-U01,2026-01-09T17:45:00+00:00,1.958,0.244,10.18
LOC036-U01,2026-01-09T18:00:00+00:00,1.998,0.337,7.55
LOC036-U01,2026-01-09T18:15:00+00:00,2.316,0.247,7.14
LOC036-U01,2026-01-09T18:30:00+00:00,2.049,0.22,9.15
LOC036-U01,2026-01-09T18:45:00+00:00,1.656,0.328,10.35
LOC036-U01,2026-01-09T19:00:00+00:00,2.537,0.352,10.62
LOC036-U01,2026-01-09T19:15:00+00:00,1.83,0.349,8.77
LOC036-U01,2026-01-09T19:30:00+00:00,1.869,0.236,10.28
LOC036-U01,2026-01-09T19:45:00+00:00,2.033,0.304,9.14
LOC036-U01,2026-01-09T20:00:00+00:00,2.361,0.352,9.38
LOC036-U01,2026-01-09T20:15:00+00:00,1.282,0.283,10.1
LOC036-U01,2026-01-09T20:30:00+00:00,2.048,0.305,7.37
LOC036-U01,2026-01-09T20:45:00+00:00,1.666,0.304,8.33
LOC036-U01,2026-01-09T21:00:00+00:00,2.153,0.227,7.2
LOC036-U01,2026-01-09T21:15:00+00:00,1.784,0.224,7.02
LOC036-U01,2026-01-09T21:30:00+00:00,1.741,0.236,8.04
LOC036-U01,2026-01-09T21:45:00+00:00,1.787,0.221,7.97
LOC036-U01,2026-01-09T22:00:00+00:00,1.964,0.376,8.9
LOC036-U01,2026-01-09T22:15:00+00:00,2.917,0.346,11.33
LOC036-U01,2026-01-09T22:30:00+00:00,1.646,0.258,7.95
LOC036-U01,2026-01-09T22:45:00+00:00,2.169,0.334,11.3
LOC036-U01,2026-01-09T23:00:00+00:00,2.135,0.28,9.13
LOC036-U01,2026-01-09T23:15:00+00:00,1.886,0.315,8.06
LOC036-U01,2026-01-09T23:30:00+00:00,1.54,0.276,8.89
LOC036-U01,2026-01-09T23:45:00+00:00,1.89,0.237,10.16
LOC036-U01,2026-01-10T00:00:00+00:00,2.108,0.248,6.79
LOC036-U01,2026-01-10T00:15:00+00:00,0.913,0.299,10.57
LOC036-U01,2026-01-10T00:30:00+00:00,1.192,0.22,6.83
LOC036-U01,2026-01-10T00:45:00+00:00,2.512,0.269,8.45
LOC036-U01,2026-01-10T01:00:00+00:00,1.945,0.352,8.7
LOC036-U01,2026-01-10T01:15:00+00:00,2.883,0.247,11.47
LOC036-U01,2026-01-10T01:30:00+00:00,1.754,0.355,7.08
LOC036-U01,2026-01-10T01:45:00+00:00,1.451,0.379,6.69
LOC036-U01,2026-01-10T02:00:00+00:00,2.57,0.287,8.67
LOC036-U01,2026-01-10T02:15:00+00:00,2.281,0.223,11.36
LOC036-U01,2026-01-10T02:30:00+00:00,2.643,0.34,7.41
LOC036-U01,2026-01-10T02:45:00+00:00,1.854,0.236,6.57
LOC036-U01,2026-01-10T03:00:00+00:00,2.581,0.307,8.39
LOC036-U01,2026-01-10T03:15:00+00:00,2.027,0.358,10.99
LOC036-U01,2026-01-10T03:30:00+00:00,1.613,0.244,6.65
LOC036-U01,2026-01-10T03:45:00+00:00,2.214,0.232,8.14
LOC035-U01,2026-01-09T10:00:00+00:00,2.799,0.314,8.12
LOC035-U01,2026-01-09T10:15:00+00:00,2.105,0.311,6.84
LOC035-U01,2026-01-09T10:30:00+00:00,1.796,0.249,9.49
LOC035-U01,2026-01-09T10:45:00+00:00,2.181,0.346,10.63
LOC035-U01,2026-01-09T11:00:00+00:00,1.592,0.3,11.02
LOC035-U01,2026-01-09T11:15:00+00:00,2.061,0.326,11.19
LOC035-U01,2026-01-09T11:30:00+00:00,1.211,0.356,10.51
LOC035-U01,2026-01-09T11:45:00+00:00,1.86,0.288,10.54
LOC035-U01,2026-01-09T12:00:00+00:00,1.514,0.333,7.93
LOC035-U01,2026-01-09T12:15:00+00:00,2.082,0.265,9.34
LOC035-U01,2026-01-09T12:30:00+00:00,2.543,0.31,8.58
LOC035-U01,2026-01-09T12:45:00+00:00,2.493,0.297,11.19
LOC035-U01,2026-01-09T13:00:00+00:00,2.2,0.293,9.88
LOC035-U01,2026-01-09T13:15:00+00:00,2.346,0.298,8.03
LOC035-U01,2026-01-09T13:30:00+00:00,2.744,0.333,8.33
LOC035-U01,2026-01-09T13:45:00+00:00,2.483,0.263,7.33
LOC035-U01,2026-01-09T14:00:00+00:00,2.5,0.306,6.79
LOC035-U01,2026-01-09T14:15:00+00:00,3.242,0.291,8.7
LOC035-U01,2026-01-09T14:30:00+00:00,1.488,0.268,9.13
LOC035-U01,2026-01-09T14:45:00+00:00,1.896,0.239,8.32
LOC035-U01,2026-01-09T15:00:00+00:00,2.621,0.278,10.05
LOC035-U01,2026-01-09T15:15:00+00:00,0.85,0.352,6.88
LOC035-U01,2026-01-09T15:30:00+00:00,2.268,0.297,8.04
LOC035-U01,2026-01-09T15:45:00+00:00,1.445,0.303,8.15
LOC035-U01,2026-01-09T16:00:00+00:00,2.773,0.372,9.01
LOC035-U01,2026-01-09T16:15:00+00:00,2.42,0.22,11.38
LOC035-U01,2026-01-09T16:30:00+00:00,2.318,0.36,7.44
LOC035-U01,2026-01-09T16:45:00+00:00,2.161,0.32,8.49
LOC035-U01,2026-01-09T17:00:00+00:00,2.142,0.242,10.89
LOC035-U01,2026-01-09T17:15:00+00:00,2.348,0.222,9.11
LOC035-U01,2026-01-09T17:30:00+00:00,2.684,0.231,9.35
LOC035-U01,2026-01-09T17:45:00+00:00,1.179,0.336,9.11
LOC035-U01,2026-01-09T18:00:00+00:00,2.252,0.338,10.49
LOC035-U01,2026-01-09T18:15:00+00:00,2.712,0.348,10.76
LOC035-U01,2026-01-09T18:30:00+00:00,1.826,0.253,10.43
LOC035-U01,2026-01-09T18:45:00+00:00,2.657,0.229,8.68
LOC035-U01,2026-01-09T19:00:00+00:00,2.119,0.289,10.0
LOC035-U01,2026-01-09T19:15:00+00:00,1.725,0.333,10.05
LOC035-U01,2026-01-09T19:30:00+00:00,1.421,0.24,10.15
LOC035-U01,2026-01-09T19:45:00+00:00,1.772,0.372,7.3
LOC035-U01,2026-01-09T20:00:00+00:00,1.524,0.295,9.1
LOC035-U01,2026-01-09T20:15:00+00:00,3.166,0.356,11.94
LOC035-U01,2026-01-09T20:30:00+00:00,1.531,0.338,8.76
LOC035-U01,2026-01-09T20:45:00+00:00,1.865,0.248,8.25
LOC035-U01,2026-01-09T21:00:00+00:00,1.289,0.226,7.33
LOC035-U01,2026-01-09T21:15:00+00:00,2.858,0.267,7.68
LOC035-U01,2026-01-09T21:30:00+00:00,1.392,0.33,7.41
LOC035-U01,2026-01-09T21:45:00+00:00,2.241,0.312,7.41
LOC035-U01,2026-01-09T22:00:00+00:00,1.767,0.353,8.04
LOC035-U01,2026-01-09T22:15:00+00:00,2.852,0.327,9.01
LOC035-U01,2026-01-09T22:30:00+00:00,2.673,0.36,9.44
LOC035-U01,2026-01-09T22:45:00+00:00,1.67,0.32,6.92
LOC035-U01,2026-01-09T23:00:00+00:00,1.542,0.361,8.3
LOC035-U01,2026-01-09T23:15:00+00:00,1.918,0.373,11.5
LOC035-U01,2026-01-09T23:30:00+00:00,1.706,0.348,9.82
LOC035-U01,2026-01-09T23:45:00+00:00,2.173,0.272,8.9
LOC035-U01,2026-01-10T00:00:00+00:00,2.68,0.28,8.51
LOC035-U01,2026-01-10T00:15:00+00:00,2.41,0.343,9.38
LOC035-U01,2026-01-10T00:30:00+00:00,2.853,0.309,11.55
LOC035-U01,2026-01-10T00:45:00+00:00,2.468,0.29,7.98
LOC035-U01,2026-01-10T01:00:00+00:00,1.983,0.298,7.94
LOC035-U01,2026-01-10T01:15:00+00:00,2.187,0.226,10.87
LOC035-U01,2026-01-10T01:30:00+00:00,1.772,0.289,9.89
LOC035-U01,2026-01-10T01:45:00+00:00,1.696,0.336,7.71
LOC035-U01,2026-01-10T02:00:00+00:00,3.037,0.24,10.69
LOC035-U01,2026-01-10T02:15:00+00:00,2.287,0.367,11.45
LOC035-U01,2026-01-10T02:30:00+00:00,1.817,0.23,11.15
LOC035-U01,2026-01-10T02:45:00+00:00,2.334,0.359,7.78
LOC035-U01,2026-01-10T03:00:00+00:00,2.688,0.292,8.95
LOC035-U01,2026-01-10T03:15:00+00:00,1.819,0.244,10.2
LOC035-U01,2026-01-10T03:30:00+00:00,2.237,0.276,10.18
LOC035-U01,2026-01-10T03:45:00+00:00,2.809,0.261,8.25
LOC001-U01,2026-01-09T10:00:00+00:00,1.466,0.311,6.57
LOC001-U01,2026-01-09T10:15:00+00:00,2.66,0.311,11.64
LOC001-U01,2026-01-09T10:30:00+00:00,2.018,0.271,8.41
LOC001-U01,2026-01-09T10:45:00+00:00,2.08,0.299,11.15
LOC001-U01,2026-01-09T11:00:00+00:00,2.263,0.359,7.01
LOC001-U01,2026-01-09T11:15:00+00:00,1.715,0.226,9.43
LOC001-U01,2026-01-09T11:30:00+00:00,1.602,0.281,8.32
LOC001-U01,2026-01-09T11:45:00+00:00,2.404,0.254,10.68
LOC001-U01,2026-01-09T12:00:00+00:00,1.631,0.277,7.23
LOC001-U01,2026-01-09T12:15:00+00:00,3.514,0.367,10.19
LOC001-U01,2026-01-09T12:30:00+00:00,2.619,0.234,10.88
LOC001-U01,2026-01-09T12:45:00+00:00,2.262,0.26,10.41
LOC001-U01,2026-01-09T13:00:00+00:00,1.684,0.255,9.28
LOC001-U01,2026-01-09T13:15:00+00:00,2.382,0.259,7.86
LOC001-U01,2026-01-09T13:30:00+00:00,2.385,0.279,10.34
LOC001-U01,2026-01-09T13:45:00+00:00,1.789,0.326,10.78
LOC001-U01,2026-01-09T14:00:00+00:00,1.859,0.343,10.72
LOC001-U01,2026-01-09T14:15:00+00:00,1.715,0.38,8.52
LOC001-U01,2026-01-09T14:30:00+00:00,1.829,0.322,9.84
LOC001-U01,2026-01-09T14:45:00+00:00,2.642,0.337,9.71
LOC001-U01,2026-01-09T15:00:00+00:00,2.11,0.379,9.23
LOC001-U01,2026-01-09T15:15:00+00:00,1.582,0.269,8.96
LOC001-U01,2026-01-09T15:30:00+00:00,2.436,0.327,10.48
LOC001-U01,2026-01-09T15:45:00+00:00,2.007,0.371,10.62
LOC001-U01,2026-01-09T16:00:00+00:00,1.639,0.354,8.41
LOC001-U01,2026-01-09T16:15:00+00:00,1.674,0.272,11.12
LOC001-U01,2026-01-09T16:30:00+00:00,1.584,0.303,7.64
LOC001-U01,2026-01-09T16:45:00+00:00,2.218,0.263,11.3
LOC001-U01,2026-01-09T17:00:00+00:00,1.493,0.359,7.02
LOC001-U01,2026-01-09T17:15:00+00:00,1.032,0.228,10.87
LOC001-U01,2026-01-09T17:30:00+00:00,2.12,0.337,7.83
LOC001-U01,2026-01-09T17:45:00+00:00,2.813,0.293,10.59
LOC001-U01,2026-01-09T18:00:00+00:00,2.062,0.316,9.45
LOC001-U01,2026-01-09T18:15:00+00:00,2.299,0.276,9.24
LOC001-U01,2026-01-09T18:30:00+00:00,2.826,0.275,10.98
LOC001-U01,2026-01-09T18:45:00+00:00,1.958,0.269,7.3
LOC001-U01,2026-01-09T19:00:00+00:00,1.774,0.318,11.02
LOC001-U01,2026-01-09T19:15:00+00:00,2.166,0.372,10.3
LOC001-U01,2026-01-09T19:30:00+00:00,1.175,0.233,8.36
LOC001-U01,2026-01-09T19:45:00+00:00,1.825,0.302,6.88
LOC001-U01,2026-01-09T20:00:00+00:00,0.687,0.344,7.81
LOC001-U01,2026-01-09T20:15:00+00:00,0.663,0.362,8.84
LOC001-U01,2026-01-09T20:30:00+00:00,1.598,0.27,8.01
LOC001-U01,2026-01-09T20:45:00+00:00,2.105,0.334,7.05
LOC001-U01,2026-01-09T21:00:00+00:00,2.462,0.281,7.08
LOC001-U01,2026-01-09T21:15:00+00:00,2.378,0.36,11.71
LOC001-U01,2026-01-09T21:30:00+00:00,2.008,0.279,6.82
LOC001-U01,2026-01-09T21:45:00+00:00,1.846,0.364,8.57
LOC001-U01,2026-01-09T22:00:00+00:00,2.647,0.328,11.4
LOC001-U01,2026-01-09T22:15:00+00:00,2.485,0.303,8.22
LOC001-U01,2026-01-09T22:30:00+00:00,2.538,0.275,7.67
LOC001-U01,2026-01-09T22:45:00+00:00,2.289,0.357,6.85
LOC001-U01,2026-01-09T23:00:00+00:00,2.378,0.329,6.84
LOC001-U01,2026-01-09T23:15:00+00:00,2.27,0.28,7.74
LOC001-U01,2026-01-09T23:30:00+00:00,2.472,0.248,8.3
LOC001-U01,2026-01-09T23:45:00+00:00,2.945,0.324,7.53
LOC001-U01,2026-01-10T00:00:00+00:00,2.431,0.359,10.66
LOC001-U01,2026-01-10T00:15:00+00:00,2.263,0.262,9.54
LOC001-U01,2026-01-10T00:30:00+00:00,2.945,0.355,8.69
LOC001-U01,2026-01-10T00:45:00+00:00,2.55,0.37,11.32
LOC001-U01,2026-01-10T01:00:00+00:00,2.326,0.27,9.94
LOC001-U01,2026-01-10T01:15:00+00:00,1.461,0.238,8.81
LOC001-U01,2026-01-10T01:30:00+00:00,1.472,0.35,9.32
LOC001-U01,2026-01-10T01:45:00+00:00,2.519,0.303,7.44
LOC001-U01,2026-01-10T02:00:00+00:00,1.707,0.267,8.26
LOC001-U01,2026-01-10T02:15:00+00:00,2.722,0.309,7.51
LOC001-U01,2026-01-10T02:30:00+00:00,1.884,0.291,11.35
LOC001-U01,2026-01-10T02:45:00+00:00,1.813,0.231,6.58
LOC001-U01,2026-01-10T03:00:00+00:00,1.575,0.247,7.4
LOC001-U01,2026-01-10T03:15:00+00:00,2.298,0.283,10.11
LOC001-U01,2026-01-10T03:30:00+00:00,2.559,0.341,10.39
LOC001-U01,2026-01-10T03:45:00+00:00,2.694,0.275,7.14
LOC017-U02,2026-01-09T10:00:00+00:00,2.499,0.248,7.5
LOC017-U02,2026-01-09T10:15:00+00:00,1.722,0.289,7.88
LOC017-U02,2026-01-09T10:30:00+00:00,2.264,0.369,10.78
LOC017-U02,2026-01-09T10:45:00+00:00,2.915,0.323,11.62
LOC017-U02,2026-01-09T11:00:00+00:00,2.663,0.374,9.84
LOC017-U02,2026-01-09T11:15:00+00:00,3.239,0.332,8.84
LOC017-U02,2026-01-09T11:30:00+00:00,2.339,0.237,8.14
LOC017-U02,2026-01-09T11:45:00+00:00,2.454,0.267,7.72
LOC017-U02,2026-01-09T12:00:00+00:00,1.765,0.249,9.99
LOC017-U02,2026-01-09T12:15:00+00:00,1.712,0.277,8.47
LOC017-U02,2026-01-09T12:30:00+00:00,2.123,0.295,8.75
LOC017-U02,2026-01-09T12:45:00+00:00,2.723,0.223,11.45
LOC017-U02,2026-01-09T13:00:00+00:00,2.649,0.352,10.82
LOC017-U02,2026-01-09T13:15:00+00:00,1.899,0.278,10.6
LOC017-U02,2026-01-09T13:30:00+00:00,2.831,0.238,7.45
LOC017-U02,2026-01-09T13:45:00+00:00,1.603,0.274,6.88
LOC017-U02,2026-01-09T14:00:00+00:00,2.592,0.273,6.92
LOC017-U02,2026-01-09T14:15:00+00:00,1.998,0.309,8.61
LOC017-U02,2026-01-09T14:30:00+00:00,1.51,0.359,10.93
LOC017-U02,2026-01-09T14:45:00+00:00,1.52,0.363,6.74
LOC017-U02,2026-01-09T15:00:00+00:00,2.131,0.342,8.62
LOC017-U02,2026-01-09T15:15:00+00:00,2.001,0.254,8.21
LOC017-U02,2026-01-09T15:30:00+00:00,2.917,0.37,9.14
LOC017-U02,2026-01-09T15:45:00+00:00,2.321,0.244,11.56
LOC017-U02,2026-01-09T16:00:00+00:00,2.972,0.321,9.26
LOC017-U02,2026-01-09T16:15:00+00:00,1.994,0.338,10.17
LOC017-U02,2026-01-09T16:30:00+00:00,1.517,0.236,6.46
LOC017-U02,2026-01-09T16:45:00+00:00,2.9,0.244,10.08
LOC017-U02,2026-01-09T17:00:00+00:00,2.133,0.373,6.82
LOC017-U02,2026-01-09T17:15:00+00:00,1.516,0.341,6.81
LOC017-U02,2026-01-09T17:30:00+00:00,2.182,0.257,8.87
LOC017-U02,2026-01-09T17:45:00+00:00,2.039,0.256,9.31
LOC017-U02,2026-01-09T18:00:00+00:00,1.703,0.261,10.7
LOC017-U02,2026-01-09T18:15:00+00:00,1.409,0.33,7.26
LOC017-U02,2026-01-09T18:30:00+00:00,2.73,0.3,7.55
LOC017-U02,2026-01-09T18:45:00+00:00,1.704,0.247,8.2
LOC017-U02,2026-01-09T19:00:00+00:00,2.3,0.349,7.5
LOC017-U02,2026-01-09T19:15:00+00:00,2.418,0.372,10.12
LOC017-U02,2026-01-09T19:30:00+00:00,1.986,0.367,7.08
LOC017-U02,2026-01-09T19:45:00+00:00,1.26,0.235,6.62
LOC017-U02,2026-01-09T20:00:00+00:00,2.088,0.272,8.83
LOC017-U02,2026-01-09T20:15:00+00:00,1.825,0.335,8.48
LOC017-U02,2026-01-09T20:30:00+00:00,1.469,0.25,6.88
LOC017-U02,2026-01-09T20:45:00+00:00,2.551,0.276,9.21
LOC017-U02,2026-01-09T21:00:00+00:00,2.473,0.225,6.83
LOC017-U02,2026-01-09T21:15:00+00:00,1.9,0.236,6.66
LOC017-U02,2026-01-09T21:30:00+00:00,2.273,0.292,10.65
LOC017-U02,2026-01-09T21:45:00+00:00,2.038,0.333,9.95
LOC017-U02,2026-01-09T22:00:00+00:00,1.442,0.336,8.82
LOC017-U02,2026-01-09T22:15:00+00:00,2.484,0.301,11.22
LOC017-U02,2026-01-09T22:30:00+00:00,1.926,0.278,6.99
LOC017-U02,2026-01-09T22:45:00+00:00,1.843,0.25,8.98
LOC017-U02,2026-01-09T23:00:00+00:00,3.366,0.311,10.66
LOC017-U02,2026-01-09T23:15:00+00:00,2.381,0.283,6.88
LOC017-U02,2026-01-09T23:30:00+00:00,1.981,0.362,9.39
LOC017-U02,2026-01-09T23:45:00+00:00,1.782,0.269,10.05
LOC017-U02,2026-01-10T00:00:00+00:00,2.469,0.341,8.47
LOC017-U02,2026-01-10T00:15:00+00:00,2.581,0.362,11.14
LOC017-U02,2026-01-10T00:30:00+00:00,2.251,0.319,9.32
LOC017-U02,2026-01-10T00:45:00+00:00,1.727,0.245,10.57
LOC017-U02,2026-01-10T01:00:00+00:00,1.795,0.362,7.52
LOC017-U02,2026-01-10T01:15:00+00:00,2.099,0.354,8.82
LOC017-U02,2026-01-10T01:30:00+00:00,1.599,0.244,8.14
LOC017-U02,2026-01-10T01:45:00+00:00,3.058,0.357,8.59
LOC017-U02,2026-01-10T02:00:00+00:00,2.571,0.265,6.8
LOC017-U02,2026-01-10T02:15:00+00:00,1.731,0.233,9.02
LOC017-U02,2026-01-10T02:30:00+00:00,1.117,0.37,6.7
LOC017-U02,2026-01-10T02:45:00+00:00,1.958,0.323,7.47
LOC017-U02,2026-01-10T03:00:00+00:00,1.951,0.331,9.72
LOC017-U02,2026-01-10T03:15:00+00:00,2.005,0.316,9.56
LOC017-U02,2026-01-10T03:30:00+00:00,1.701,0.329,7.53
LOC017-U02,2026-01-10T03:45:00+00:00,2.257,0.298,10.94
LOC013-U01,2026-01-09T10:00:00+00:00,3.036,0.322,7.45
LOC013-U01,2026-01-09T10:15:00+00:00,1.14,0.333,10.17
LOC013-U01,2026-01-09T10:30:00+00:00,1.951,0.32,7.15
LOC013-U01,2026-01-09T10:45:00+00:00,2.26,0.306,8.5
LOC013-U01,2026-01-09T11:00:00+00:00,1.883,0.333,10.48
LOC013-U01,2026-01-09T11:15:00+00:00,1.952,0.227,9.86
LOC013-U01,2026-01-09T11:30:00+00:00,1.854,0.345,9.04
LOC013-U01,2026-01-09T11:45:00+00:00,2.547,0.345,10.44
LOC013-U01,2026-01-09T12:00:00+00:00,2.068,0.248,10.49
LOC013-U01,2026-01-09T12:15:00+00:00,2.255,0.244,10.0
LOC013-U01,2026-01-09T12:30:00+00:00,1.482,0.23,6.62
LOC013-U01,2026-01-09T12:45:00+00:00,2.188,0.36,10.26
LOC013-U01,2026-01-09T13:00:00+00:00,1.089,0.282,7.88
LOC013-U01,2026-01-09T13:15:00+00:00,3.206,0.306,10.92
LOC013-U01,2026-01-09T13:30:00+00:00,3.1,0.341,11.99
LOC013-U01,2026-01-09T13:45:00+00:00,2.576,0.255,11.39
LOC013-U01,2026-01-09T14:00:00+00:00,2.697,0.225,7.25
LOC013-U01,2026-01-09T14:15:00+00:00,1.754,0.31,8.27
LOC013-U01,2026-01-09T14:30:00+00:00,1.326,0.28,7.82
LOC013-U01,2026-01-09T14:45:00+00:00,1.953,0.275,7.19
LOC013-U01,2026-01-09T15:00:00+00:00,2.613,0.266,7.62
LOC013-U01,2026-01-09T15:15:00+00:00,1.511,0.298,7.19
LOC013-U01,2026-01-09T15:30:00+00:00,2.39,0.335,10.25
LOC013-U01,2026-01-09T15:45:00+00:00,2.528,0.329,8.83
LOC013-U01,2026-01-09T16:00:00+00:00,1.724,0.318,9.56
LOC013-U01,2026-01-09T16:15:00+00:00,2.677,0.299,9.06
LOC013-U01,2026-01-09T16:30:00+00:00,2.947,0.26,11.66
LOC013-U01,2026-01-09T16:45:00+00:00,1.32,0.372,11.48
LOC013-U01,2026-01-09T17:00:00+00:00,1.466,0.227,8.93
LOC013-U01,2026-01-09T17:15:00+00:00,2.812,0.356,9.62
LOC013-U01,2026-01-09T17:30:00+00:00,2.448,0.365,11.54
LOC013-U01,2026-01-09T17:45:00+00:00,1.603,0.344,8.12
LOC013-U01,2026-01-09T18:00:00+00:00,2.522,0.358,10.89
LOC013-U01,2026-01-09T18:15:00+00:00,2.274,0.38,9.6
LOC013-U01,2026-01-09T18:30:00+00:00,1.625,0.268,8.12
LOC013-U01,2026-01-09T18:45:00+00:00,2.208,0.255,9.87
LOC013-U01,2026-01-09T19:00:00+00:00,1.952,0.267,9.33
LOC013-U01,2026-01-09T19:15:00+00:00,2.117,0.234,8.48
LOC013-U01,2026-01-09T19:30:00+00:00,2.338,0.357,10.72
LOC013-U01,2026-01-09T19:45:00+00:00,2.025,0.373,9.81
LOC013-U01,2026-01-09T20:00:00+00:00,2.315,0.325,11.14
LOC013-U01,2026-01-09T20:15:00+00:00,1.689,0.31,7.93
LOC013-U01,2026-01-09T20:30:00+00:00,2.626,0.36,9.51
LOC013-U01,2026-01-09T20:45:00+00:00,2.647,0.262,8.63
LOC013-U01,2026-01-09T21:00:00+00:00,2.042,0.272,7.02
LOC013-U01,2026-01-09T21:15:00+00:00,2.278,0.37,11.79
LOC013-U01,2026-01-09T21:30:00+00:00,2.353,0.338,9.01
LOC013-U01,2026-01-09T21:45:00+00:00,1.835,0.298,7.53
LOC013-U01,2026-01-09T22:00:00+00:00,2.477,0.358,7.57
LOC013-U01,2026-01-09T22:15:00+00:00,2.58,0.256,6.69
LOC013-U01,2026-01-09T22:30:00+00:00,1.878,0.314,7.26
LOC013-U01,2026-01-09T22:45:00+00:00,1.695,0.341,9.56
LOC013-U01,2026-01-09T23:00:00+00:00,2.439,0.349,9.67
LOC013-U01,2026-01-09T23:15:00+00:00,1.842,0.235,7.09
LOC013-U01,2026-01-09T23:30:00+00:00,2.148,0.375,8.21
LOC013-U01,2026-01-09T23:45:00+00:00,1.896,0.246,9.22
LOC013-U01,2026-01-10T00:00:00+00:00,1.364,0.305,7.06
LOC013-U01,2026-01-10T00:15:00+00:00,2.568,0.336,9.12
LOC013-U01,2026-01-10T00:30:00+00:00,2.312,0.299,9.05
LOC013-U01,2026-01-10T00:45:00+00:00,2.519,0.265,10.67
LOC013-U01,2026-01-10T01:00:00+00:00,2.212,0.319,8.84
LOC013-U01,2026-01-10T01:15:00+00:00,1.878,0.374,9.4
LOC013-U01,2026-01-10T01:30:00+00:00,2.691,0.293,8.8
LOC013-U01,2026-01-10T01:45:00+00:00,2.79,0.224,10.72
LOC013-U01,2026-01-10T02:00:00+00:00,2.37,0.264,10.16
LOC013-U01,2026-01-10T02:15:00+00:00,2.203,0.233,7.76
LOC013-U01,2026-01-10T02:30:00+00:00,1.333,0.346,7.77
LOC013-U01,2026-01-10T02:45:00+00:00,1.892,0.323,11.59
LOC013-U01,2026-01-10T03:00:00+00:00,2.108,0.234,7.6
LOC013-U01,2026-01-10T03:15:00+00:00,3.456,0.288,9.07
LOC013-U01,2026-01-10T03:30:00+00:00,1.406,0.262,10.62
LOC013-U01,2026-01-10T03:45:00+00:00,2.385,0.339,10.56
LOC013-U02,2026-01-09T10:00:00+00:00,2.199,0.371,9.81
LOC013-U02,2026-01-09T10:15:00+00:00,2.341,0.281,8.4
LOC013-U02,2026-01-09T10:30:00+00:00,2.002,0.265,8.32
LOC013-U02,2026-01-09T10:45:00+00:00,2.175,0.362,8.73
LOC013-U02,2026-01-09T11:00:00+00:00,2.151,0.283,9.51
LOC013-U02,2026-01-09T11:15:00+00:00,0.946,0.266,6.71
LOC013-U02,2026-01-09T11:30:00+00:00,2.347,0.239,10.14
LOC013-U02,2026-01-09T11:45:00+00:00,1.643,0.321,9.33
LOC013-U02,2026-01-09T12:00:00+00:00,1.704,0.377,8.14
LOC013-U02,2026-01-09T12:15:00+00:00,2.4,0.362,10.37
LOC013-U02,2026-01-09T12:30:00+00:00,1.699,0.373,7.04
LOC013-U02,2026-01-09T12:45:00+00:00,2.515,0.233,7.07
LOC013-U02,2026-01-09T13:00:00+00:00,2.559,0.28,10.23
LOC013-U02,2026-01-09T13:15:00+00:00,0.737,0.277,9.11
LOC013-U02,2026-01-09T13:30:00+00:00,2.368,0.306,7.72
LOC013-U02,2026-01-09T13:45:00+00:00,1.198,0.278,7.5
LOC013-U02,2026-01-09T14:00:00+00:00,1.501,0.325,7.86
LOC013-U02,2026-01-09T14:15:00+00:00,2.866,0.311,11.78
LOC013-U02,2026-01-09T14:30:00+00:00,3.047,0.379,9.45
LOC013-U02,2026-01-09T14:45:00+00:00,2.285,0.369,9.85
LOC013-U02,2026-01-09T15:00:00+00:00,1.84,0.266,9.69
LOC013-U02,2026-01-09T15:15:00+00:00,2.749,0.281,8.39
LOC013-U02,2026-01-09T15:30:00+00:00,2.297,0.323,8.62
LOC013-U02,2026-01-09T15:45:00+00:00,3.31,0.3,10.02
LOC013-U02,2026-01-09T16:00:00+00:00,2.601,0.239,10.33
LOC013-U02,2026-01-09T16:15:00+00:00,2.349,0.269,9.01
LOC013-U02,2026-01-09T16:30:00+00:00,2.258,0.317,11.08
LOC013-U02,2026-01-09T16:45:00+00:00,2.225,0.232,9.95
LOC013-U02,2026-01-09T17:00:00+00:00,1.059,0.271,10.78
LOC013-U02,2026-01-09T17:15:00+00:00,2.726,0.35,11.72
LOC013-U02,2026-01-09T17:30:00+00:00,2.132,0.32,7.82
LOC013-U02,2026-01-09T17:45:00+00:00,2.723,0.258,8.49
LOC013-U02,2026-01-09T18:00:00+00:00,1.932,0.317,8.5
LOC013-U02,2026-01-09T18:15:00+00:00,2.247,0.36,7.23
LOC013-U02,2026-01-09T18:30:00+00:00,2.114,0.284,7.92
LOC013-U02,2026-01-09T18:45:00+00:00,1.948,0.31,8.21
LOC013-U02,2026-01-09T19:00:00+00:00,1.601,0.339,8.91
LOC013-U02,2026-01-09T19:15:00+00:00,2.32,0.361,11.32
LOC013-U02,2026-01-09T19:30:00+00:00,2.614,0.348,8.81
LOC013-U02,2026-01-09T19:45:00+00:00,2.459,0.315,7.17
LOC013-U02,2026-01-09T20:00:00+00:00,2.78,0.22,11.6
LOC013-U02,2026-01-09T20:15:00+00:00,1.69,0.312,11.41
LOC013-U02,2026-01-09T20:30:00+00:00,2.683,0.225,9.94
LOC013-U02,2026-01-09T20:45:00+00:00,2.342,0.379,10.04
LOC013-U02,2026-01-09T21:00:00+00:00,0.81,0.293,6.81
LOC013-U02,2026-01-09T21:15:00+00:00,2.178,0.3,9.59
LOC013-U02,2026-01-09T21:30:00+00:00,1.474,0.254,11.32
LOC013-U02,2026-01-09T21:45:00+00:00,1.93,0.325,10.05
LOC013-U02,2026-01-09T22:00:00+00:00,2.095,0.26,8.6
LOC013-U02,2026-01-09T22:15:00+00:00,2.042,0.378,9.22
LOC013-U02,2026-01-09T22:30:00+00:00,2.787,0.275,8.89
LOC013-U02,2026-01-09T22:45:00+00:00,1.968,0.364,8.25
LOC013-U02,2026-01-09T23:00:00+00:00,1.983,0.262,8.98
LOC013-U02,2026-01-09T23:15:00+00:00,2.307,0.379,8.92
LOC013-U02,2026-01-09T23:30:00+00:00,1.754,0.332,8.05
LOC013-U02,2026-01-09T23:45:00+00:00,2.402,0.293,10.59
LOC013-U02,2026-01-10T00:00:00+00:00,2.262,0.309,11.17
LOC013-U02,2026-01-10T00:15:00+00:00,2.623,0.235,10.12
LOC013-U02,2026-01-10T00:30:00+00:00,1.44,0.369,9.92
LOC013-U02,2026-01-10T00:45:00+00:00,2.287,0.265,8.59
LOC013-U02,2026-01-10T01:00:00+00:00,1.648,0.237,11.25
LOC013-U02,2026-01-10T01:15:00+00:00,2.695,0.312,10.11
LOC013-U02,2026-01-10T01:30:00+00:00,1.808,0.267,8.34
LOC013-U02,2026-01-10T01:45:00+00:00,2.394,0.241,8.39
LOC013-U02,2026-01-10T02:00:00+00:00,2.719,0.317,9.05
LOC013-U02,2026-01-10T02:15:00+00:00,2.038,0.254,11.45
LOC013-U02,2026-01-10T02:30:00+00:00,2.029,0.331,11.15
LOC013-U02,2026-01-10T02:45:00+00:00,1.961,0.306,10.64
LOC013-U02,2026-01-10T03:00:00+00:00,2.025,0.312,6.91
LOC013-U02,2026-01-10T03:15:00+00:00,1.021,0.268,7.15
LOC013-U02,2026-01-10T03:30:00+00:00,2.03,0.229,9.26
LOC013-U02,2026-01-10T03:45:00+00:00,2.081,0.363,6.83
LOC038-U01,2026-01-09T10:00:00+00:00,1.115,0.231,11.21
LOC038-U01,2026-01-09T10:15:00+00:00,2.087,0.326,10.01
LOC038-U01,2026-01-09T10:30:00+00:00,2.128,0.295,8.66
LOC038-U01,2026-01-09T10:45:00+00:00,2.309,0.237,7.6
LOC038-U01,2026-01-09T11:00:00+00:00,1.133,0.293,8.0
LOC038-U01,2026-01-09T11:15:00+00:00,1.591,0.377,9.36
LOC038-U01,2026-01-09T11:30:00+00:00,2.398,0.225,6.68
LOC038-U01,2026-01-09T11:45:00+00:00,2.648,0.229,11.27
LOC038-U01,2026-01-09T12:00:00+00:00,1.89,0.243,10.96
LOC038-U01,2026-01-09T12:15:00+00:00,1.518,0.248,11.26
LOC038-U01,2026-01-09T12:30:00+00:00,3.349,0.266,9.41
LOC038-U01,2026-01-09T12:45:00+00:00,1.96,0.324,10.34
LOC038-U01,2026-01-09T13:00:00+00:00,2.881,0.233,8.43
LOC038-U01,2026-01-09T13:15:00+00:00,1.905,0.249,9.51
LOC038-U01,2026-01-09T13:30:00+00:00,1.946,0.262,8.84
LOC038-U01,2026-01-09T13:45:00+00:00,2.952,0.307,10.09
LOC038-U01,2026-01-09T14:00:00+00:00,2.397,0.226,7.38
LOC038-U01,2026-01-09T14:15:00+00:00,2.821,0.378,7.26
LOC038-U01,2026-01-09T14:30:00+00:00,2.189,0.238,8.09
LOC038-U01,2026-01-09T14:45:00+00:00,2.203,0.377,11.75
LOC038-U01,2026-01-09T15:00:00+00:00,1.721,0.22,9.1
LOC038-U01,2026-01-09T15:15:00+00:00,1.525,0.247,9.31
LOC038-U01,2026-01-09T15:30:00+00:00,1.276,0.329,8.33
LOC038-U01,2026-01-09T15:45:00+00:00,3.296,0.245,7.39
LOC038-U01,2026-01-09T16:00:00+00:00,2.068,0.279,11.51
LOC038-U01,2026-01-09T16:15:00+00:00,1.917,0.332,7.83
LOC038-U01,2026-01-09T16:30:00+00:00,1.248,0.289,6.61
LOC038-U01,2026-01-09T16:45:00+00:00,1.739,0.337,11.5
LOC038-U01,2026-01-09T17:00:00+00:00,0.777,0.292,7.57
LOC038-U01,2026-01-09T17:15:00+00:00,2.353,0.347,7.75
LOC038-U01,2026-01-09T17:30:00+00:00,2.326,0.365,10.67
LOC038-U01,2026-01-09T17:45:00+00:00,1.342,0.326,6.67
LOC038-U01,2026-01-09T18:00:00+00:00,2.096,0.252,11.42
LOC038-U01,2026-01-09T18:15:00+00:00,1.863,0.242,8.33
LOC038-U01,2026-01-09T18:30:00+00:00,2.167,0.365,10.7
LOC038-U01,2026-01-09T18:45:00+00:00,1.984,0.326,10.59
LOC038-U01,2026-01-09T19:00:00+00:00,2.602,0.278,11.57
LOC038-U01,2026-01-09T19:15:00+00:00,2.919,0.311,7.97
LOC038-U01,2026-01-09T19:30:00+00:00,3.427,0.296,8.1
LOC038-U01,2026-01-09T19:45:00+00:00,2.371,0.372,10.89
LOC038-U01,2026-01-09T20:00:00+00:00,2.212,0.295,10.22
LOC038-U01,2026-01-09T20:15:00+00:00,1.829,0.252,8.96
LOC038-U01,2026-01-09T20:30:00+00:00,2.885,0.253,11.71
LOC038-U01,2026-01-09T20:45:00+00:00,2.579,0.239,9.2
LOC038-U01,2026-01-09T21:00:00+00:00,2.024,0.239,7.1
LOC038-U01,2026-01-09T21:15:00+00:00,2.154,0.372,10.95
LOC038-U01,2026-01-09T21:30:00+00:00,2.494,0.244,6.95
LOC038-U01,2026-01-09T21:45:00+00:00,2.382,0.304,9.9
LOC038-U01,2026-01-09T22:00:00+00:00,2.664,0.27,10.21
LOC038-U01,2026-01-09T22:15:00+00:00,2.136,0.338,10.76
LOC038-U01,2026-01-09T22:30:00+00:00,1.942,0.378,10.64
LOC038-U01,2026-01-09T22:45:00+00:00,1.89,0.375,11.11
LOC038-U01,2026-01-09T23:00:00+00:00,1.585,0.307,8.86
LOC038-U01,2026-01-09T23:15:00+00:00,2.399,0.257,11.25
LOC038-U01,2026-01-09T23:30:00+00:00,1.805,0.364,8.66
LOC038-U01,2026-01-09T23:45:00+00:00,2.529,0.227,8.92
LOC038-U01,2026-01-10T00:00:00+00:00,2.427,0.243,9.93
LOC038-U01,2026-01-10T00:15:00+00:00,2.304,0.234,10.58
LOC038-U01,2026-01-10T00:30:00+00:00,1.969,0.274,10.7
LOC038-U01,2026-01-10T00:45:00+00:00,2.11,0.37,8.97
LOC038-U01,2026-01-10T01:00:00+00:00,2.297,0.365,11.78
LOC038-U01,2026-01-10T01:15:00+00:00,1.499,0.352,7.83
LOC038-U01,2026-01-10T01:30:00+00:00,2.286,0.328,11.64
LOC038-U01,2026-01-10T01:45:00+00:00,1.669,0.283,8.75
LOC038-U01,2026-01-10T02:00:00+00:00,2.336,0.316,10.74
LOC038-U01,2026-01-10T02:15:00+00:00,2.378,0.234,6.64
LOC038-U01,2026-01-10T02:30:00+00:00,1.874,0.342,9.27
LOC038-U01,2026-01-10T02:45:00+00:00,1.164,0.352,10.41
LOC038-U01,2026-01-10T03:00:00+00:00,2.318,0.288,11.58
LOC038-U01,2026-01-10T03:15:00+00:00,2.396,0.379,11.0
LOC038-U01,2026-01-10T03:30:00+00:00,2.823,0.307,8.43
LOC038-U01,2026-01-10T03:45:00+00:00,1.82,0.371,9.07
LOC008-U02,2026-01-09T10:00:00+00:00,1.605,0.323,11.46
LOC008-U02,2026-01-09T10:15:00+00:00,2.775,0.368,8.18
LOC008-U02,2026-01-09T10:30:00+00:00,1.46,0.27,6.71
LOC008-U02,2026-01-09T10:45:00+00:00,2.872,0.221,9.49
LOC008-U02,2026-01-09T11:00:00+00:00,2.334,0.344,7.53
LOC008-U02,2026-01-09T11:15:00+00:00,1.724,0.27,9.17
LOC008-U02,2026-01-09T11:30:00+00:00,2.279,0.304,11.6
LOC008-U02,2026-01-09T11:45:00+00:00,3.16,0.26,9.81
LOC008-U02,2026-01-09T12:00:00+00:00,1.84,0.234,7.93
LOC008-U02,2026-01-09T12:15:00+00:00,2.447,0.25,8.68
LOC008-U02,2026-01-09T12:30:00+00:00,2.083,0.308,7.91
LOC008-U02,2026-01-09T12:45:00+00:00,2.458,0.295,10.14
LOC008-U02,2026-01-09T13:00:00+00:00,2.33,0.237,7.96
LOC008-U02,2026-01-09T13:15:00+00:00,2.372,0.377,7.49
LOC008-U02,2026-01-09T13:30:00+00:00,1.291,0.23,8.38
LOC008-U02,2026-01-09T13:45:00+00:00,1.889,0.344,11.54
LOC008-U02,2026-01-09T14:00:00+00:00,1.525,0.272,10.91
LOC008-U02,2026-01-09T14:15:00+00:00,2.543,0.366,9.91
LOC008-U02,2026-01-09T14:30:00+00:00,2.316,0.341,8.28
LOC008-U02,2026-01-09T14:45:00+00:00,2.145,0.316,8.36
LOC008-U02,2026-01-09T15:00:00+00:00,2.029,0.344,8.83
LOC008-U02,2026-01-09T15:15:00+00:00,2.198,0.271,8.48
LOC008-U02,2026-01-09T15:30:00+00:00,2.437,0.25,8.76
LOC008-U02,2026-01-09T15:45:00+00:00,1.302,0.264,10.34
LOC008-U02,2026-01-09T16:00:00+00:00,1.579,0.244,9.52
LOC008-U02,2026-01-09T16:15:00+00:00,1.782,0.255,7.3
LOC008-U02,2026-01-09T16:30:00+00:00,1.545,0.34,11.39
LOC008-U02,2026-01-09T16:45:00+00:00,2.492,0.342,11.53
LOC008-U02,2026-01-09T17:00:00+00:00,1.172,0.254,6.77
LOC008-U02,2026-01-09T17:15:00+00:00,2.647,0.309,7.65
LOC008-U02,2026-01-09T17:30:00+00:00,1.685,0.252,7.65
LOC008-U02,2026-01-09T17:45:00+00:00,2.128,0.341,9.01
LOC008-U02,2026-01-09T18:00:00+00:00,2.783,0.343,8.82
LOC008-U02,2026-01-09T18:15:00+00:00,3.012,0.341,8.0
LOC008-U02,2026-01-09T18:30:00+00:00,1.564,0.221,7.8
LOC008-U02,2026-01-09T18:45:00+00:00,2.328,0.233,11.38
LOC008-U02,2026-01-09T19:00:00+00:00,2.335,0.34,10.04
LOC008-U02,2026-01-09T19:15:00+00:00,2.025,0.247,9.62
LOC008-U02,2026-01-09T19:30:00+00:00,2.257,0.29,10.11
LOC008-U02,2026-01-09T19:45:00+00:00,2.21,0.262,9.22
LOC008-U02,2026-01-09T20:00:00+00:00,1.767,0.264,6.67
LOC008-U02,2026-01-09T20:15:00+00:00,3.032,0.359,10.35
LOC008-U02,2026-01-09T20:30:00+00:00,2.155,0.234,7.09
LOC008-U02,2026-01-09T20:45:00+00:00,2.402,0.245,11.58
LOC008-U02,2026-01-09T21:00:00+00:00,2.209,0.305,11.41
LOC008-U02,2026-01-09T21:15:00+00:00,1.772,0.295,8.09
LOC008-U02,2026-01-09T21:30:00+00:00,1.699,0.308,9.2
LOC008-U02,2026-01-09T21:45:00+00:00,2.082,0.291,8.93
LOC008-U02,2026-01-09T22:00:00+00:00,2.297,0.347,7.61
LOC008-U02,2026-01-09T22:15:00+00:00,1.828,0.344,10.43
LOC008-U02,2026-01-09T22:30:00+00:00,2.731,0.273,7.06
LOC008-U02,2026-01-09T22:45:00+00:00,2.369,0.272,8.52
LOC008-U02,2026-01-09T23:00:00+00:00,2.213,0.33,9.35
LOC008-U02,2026-01-09T23:15:00+00:00,1.992,0.284,10.33
LOC008-U02,2026-01-09T23:30:00+00:00,2.005,0.291,8.65
LOC008-U02,2026-01-09T23:45:00+00:00,2.135,0.355,8.63
LOC008-U02,2026-01-10T00:00:00+00:00,2.123,0.233,11.14
LOC008-U02,2026-01-10T00:15:00+00:00,1.887,0.255,8.91
LOC008-U02,2026-01-10T00:30:00+00:00,1.041,0.363,10.16
LOC008-U02,2026-01-10T00:45:00+00:00,1.806,0.254,11.26
LOC008-U02,2026-01-10T01:00:00+00:00,2.395,0.308,9.29
LOC008-U02,2026-01-10T01:15:00+00:00,2.518,0.342,7.06
LOC008-U02,2026-01-10T01:30:00+00:00,1.713,0.273,10.27
LOC008-U02,2026-01-10T01:45:00+00:00,1.265,0.376,9.31
LOC008-U02,2026-01-10T02:00:00+00:00,2.217,0.221,7.29
LOC008-U02,2026-01-10T02:15:00+00:00,1.205,0.277,9.96
LOC008-U02,2026-01-10T02:30:00+00:00,2.495,0.371,8.62
LOC008-U02,2026-01-10T02:45:00+00:00,1.987,0.253,10.27
LOC008-U02,2026-01-10T03:00:00+00:00,1.879,0.306,7.95
LOC008-U02,2026-01-10T03:15:00+00:00,2.497,0.238,8.37
LOC008-U02,2026-01-10T03:30:00+00:00,1.977,0.282,6.95
LOC008-U02,2026-01-10T03:45:00+00:00,1.632,0.375,9.76
LOC014-U01,2026-01-09T10:00:00+00:00,2.621,0.224,7.6
LOC014-U01,2026-01-09T10:15:00+00:00,1.575,0.336,11.22
LOC014-U01,2026-01-09T10:30:00+00:00,2.598,0.32,8.52
LOC014-U01,2026-01-09T10:45:00+00:00,2.255,0.27,8.85
LOC014-U01,2026-01-09T11:00:00+00:00,3.076,0.34,11.27
LOC014-U01,2026-01-09T11:15:00+00:00,1.559,0.229,6.44
LOC014-U01,2026-01-09T11:30:00+00:00,1.876,0.334,9.14
LOC014-U01,2026-01-09T11:45:00+00:00,1.747,0.349,8.28
LOC014-U01,2026-01-09T12:00:00+00:00,2.761,0.267,8.99
LOC014-U01,2026-01-09T12:15:00+00:00,1.838,0.325,6.93
LOC014-U01,2026-01-09T12:30:00+00:00,2.182,0.28,10.26
LOC014-U01,2026-01-09T12:45:00+00:00,3.021,0.333,10.35
LOC014-U01,2026-01-09T13:00:00+00:00,1.612,0.302,6.98
LOC014-U01,2026-01-09T13:15:00+00:00,2.394,0.368,8.55
LOC014-U01,2026-01-09T13:30:00+00:00,1.736,0.243,11.11
LOC014-U01,2026-01-09T13:45:00+00:00,1.894,0.285,9.44
LOC014-U01,2026-01-09T14:00:00+00:00,2.81,0.369,8.86
LOC014-U01,2026-01-09T14:15:00+00:00,2.732,0.275,8.24
LOC014-U01,2026-01-09T14:30:00+00:00,1.516,0.362,9.08
LOC014-U01,2026-01-09T14:45:00+00:00,2.032,0.228,10.81
LOC014-U01,2026-01-09T15:00:00+00:00,1.621,0.342,7.16
LOC014-U01,2026-01-09T15:15:00+00:00,2.54,0.288,9.03
LOC014-U01,2026-01-09T15:30:00+00:00,2.502,0.23,7.28
LOC014-U01,2026-01-09T15:45:00+00:00,2.239,0.297,11.53
LOC014-U01,2026-01-09T16:00:00+00:00,2.092,0.33,10.17
LOC014-U01,2026-01-09T16:15:00+00:00,2.407,0.277,8.35
LOC014-U01,2026-01-09T16:30:00+00:00,2.226,0.29,7.76
LOC014-U01,2026-01-09T16:45:00+00:00,2.412,0.368,7.86
LOC014-U01,2026-01-09T17:00:00+00:00,2.323,0.331,7.05
LOC014-U01,2026-01-09T17:15:00+00:00,3.16,0.25,7.59
LOC014-U01,2026-01-09T17:30:00+00:00,2.704,0.344,9.64
LOC014-U01,2026-01-09T17:45:00+00:00,3.427,0.313,11.17
LOC014-U01,2026-01-09T18:00:00+00:00,2.239,0.307,10.17
LOC014-U01,2026-01-09T18:15:00+00:00,2.201,0.291,11.63
LOC014-U01,2026-01-09T18:30:00+00:00,1.991,0.264,8.32
LOC014-U01,2026-01-09T18:45:00+00:00,1.281,0.309,8.31
LOC014-U01,2026-01-09T19:00:00+00:00,2.649,0.238,7.46
LOC014-U01,2026-01-09T19:15:00+00:00,2.648,0.228,6.81
LOC014-U01,2026-01-09T19:30:00+00:00,1.551,0.245,9.21
LOC014-U01,2026-01-09T19:45:00+00:00,1.7,0.328,6.59
LOC014-U01,2026-01-09T20:00:00+00:00,2.076,0.356,10.51
LOC014-U01,2026-01-09T20:15:00+00:00,1.96,0.34,7.75
LOC014-U01,2026-01-09T20:30:00+00:00,1.973,0.29,9.81
LOC014-U01,2026-01-09T20:45:00+00:00,2.349,0.331,11.59
LOC014-U01,2026-01-09T21:00:00+00:00,1.275,0.242,8.5
LOC014-U01,2026-01-09T21:15:00+00:00,1.632,0.252,10.24
LOC014-U01,2026-01-09T21:30:00+00:00,1.955,0.355,10.88
LOC014-U01,2026-01-09T21:45:00+00:00,2.692,0.373,8.42
LOC014-U01,2026-01-09T22:00:00+00:00,1.496,0.322,7.58
LOC014-U01,2026-01-09T22:15:00+00:00,1.552,0.314,7.45
LOC014-U01,2026-01-09T22:30:00+00:00,1.674,0.357,9.32
LOC014-U01,2026-01-09T22:45:00+00:00,1.828,0.255,9.28
LOC014-U01,2026-01-09T23:00:00+00:00,2.383,0.248,6.96
LOC014-U01,2026-01-09T23:15:00+00:00,2.449,0.329,10.49
LOC014-U01,2026-01-09T23:30:00+00:00,1.921,0.36,8.38
LOC014-U01,2026-01-09T23:45:00+00:00,1.973,0.336,11.48
LOC014-U01,2026-01-10T00:00:00+00:00,1.484,0.254,9.07
LOC014-U01,2026-01-10T00:15:00+00:00,1.907,0.294,7.94
LOC014-U01,2026-01-10T00:30:00+00:00,1.78,0.346,10.93
LOC014-U01,2026-01-10T00:45:00+00:00,1.791,0.352,9.09
LOC014-U01,2026-01-10T01:00:00+00:00,1.791,0.252,7.23
LOC014-U01,2026-01-10T01:15:00+00:00,2.298,0.341,7.66
LOC014-U01,2026-01-10T01:30:00+00:00,1.699,0.314,10.01
LOC014-U01,2026-01-10T01:45:00+00:00,2.694,0.239,11.62
LOC014-U01,2026-01-10T02:00:00+00:00,1.894,0.311,8.45
LOC014-U01,2026-01-10T02:15:00+00:00,1.283,0.371,10.82
LOC014-U01,2026-01-10T02:30:00+00:00,1.759,0.293,9.22
LOC014-U01,2026-01-10T02:45:00+00:00,1.875,0.236,11.15
LOC014-U01,2026-01-10T03:00:00+00:00,2.089,0.313,6.82
LOC014-U01,2026-01-10T03:15:00+00:00,2.143,0.364,9.29
LOC014-U01,2026-01-10T03:30:00+00:00,1.791,0.309,10.24
LOC014-U01,2026-01-10T03:45:00+00:00,2.491,0.346,7.26
LOC009-U02,2026-01-09T10:00:00+00:00,2.767,0.273,7.58
LOC009-U02,2026-01-09T10:15:00+00:00,2.209,0.223,7.32
LOC009-U02,2026-01-09T10:30:00+00:00,2.726,0.32,11.56
LOC009-U02,2026-01-09T10:45:00+00:00,2.987,0.29,8.57
LOC009-U02,2026-01-09T11:00:00+00:00,2.67,0.281,11.46
LOC009-U02,2026-01-09T11:15:00+00:00,2.189,0.229,9.59
LOC009-U02,2026-01-09T11:30:00+00:00,2.485,0.321,8.24
LOC009-U02,2026-01-09T11:45:00+00:00,2.565,0.238,10.91
LOC009-U02,2026-01-09T12:00:00+00:00,2.018,0.376,8.94
LOC009-U02,2026-01-09T12:15:00+00:00,2.21,0.357,9.48
LOC009-U02,2026-01-09T12:30:00+00:00,2.505,0.272,8.83
LOC009-U02,2026-01-09T12:45:00+00:00,2.525,0.257,9.54
LOC009-U02,2026-01-09T13:00:00+00:00,1.916,0.254,8.02
LOC009-U02,2026-01-09T13:15:00+00:00,1.785,0.278,11.12
LOC009-U02,2026-01-09T13:30:00+00:00,2.4,0.321,10.19
LOC009-U02,2026-01-09T13:45:00+00:00,3.102,0.327,11.86
LOC009-U02,2026-01-09T14:00:00+00:00,1.746,0.341,6.82
LOC009-U02,2026-01-09T14:15:00+00:00,1.957,0.232,10.14
LOC009-U02,2026-01-09T14:30:00+00:00,1.417,0.332,8.03
LOC009-U02,2026-01-09T14:45:00+00:00,2.678,0.354,9.22
LOC009-U02,2026-01-09T15:00:00+00:00,2.247,0.356,7.9
LOC009-U02,2026-01-09T15:15:00+00:00,2.156,0.308,8.69
LOC009-U02,2026-01-09T15:30:00+00:00,1.915,0.355,10.57
LOC009-U02,2026-01-09T15:45:00+00:00,2.385,0.281,8.46
LOC009-U02,2026-01-09T16:00:00+00:00,1.792,0.286,10.29
LOC009-U02,2026-01-09T16:15:00+00:00,2.152,0.305,10.6
LOC009-U02,2026-01-09T16:30:00+00:00,1.96,0.287,10.8
LOC009-U02,2026-01-09T16:45:00+00:00,2.48,0.321,8.6
LOC009-U02,2026-01-09T17:00:00+00:00,2.229,0.355,7.54
LOC009-U02,2026-01-09T17:15:00+00:00,2.256,0.322,6.97
LOC009-U02,2026-01-09T17:30:00+00:00,2.29,0.276,9.4
LOC009-U02,2026-01-09T17:45:00+00:00,3.187,0.351,11.01
LOC009-U02,2026-01-09T18:00:00+00:00,1.442,0.368,8.56
LOC009-U02,2026-01-09T18:15:00+00:00,2.643,0.325,7.34
LOC009-U02,2026-01-09T18:30:00+00:00,2.193,0.245,10.77
LOC009-U02,2026-01-09T18:45:00+00:00,2.655,0.221,9.54
LOC009-U02,2026-01-09T19:00:00+00:00,2.459,0.223,10.42
LOC009-U02,2026-01-09T19:15:00+00:00,1.847,0.363,9.82
LOC009-U02,2026-01-09T19:30:00+00:00,1.644,0.368,9.97
LOC009-U02,2026-01-09T19:45:00+00:00,2.748,0.349,10.01
LOC009-U02,2026-01-09T20:00:00+00:00,2.483,0.28,10.63
LOC009-U02,2026-01-09T20:15:00+00:00,3.097,0.373,11.22
LOC009-U02,2026-01-09T20:30:00+00:00,1.406,0.295,7.0
LOC009-U02,2026-01-09T20:45:00+00:00,1.871,0.244,10.09
LOC009-U02,2026-01-09T21:00:00+00:00,3.127,0.371,8.41
LOC009-U02,2026-01-09T21:15:00+00:00,2.087,0.25,9.49
LOC009-U02,2026-01-09T21:30:00+00:00,2.086,0.306,7.15
LOC009-U02,2026-01-09T21:45:00+00:00,2.059,0.371,7.46
LOC009-U02,2026-01-09T22:00:00+00:00,2.912,0.278,9.27
LOC009-U02,2026-01-09T22:15:00+00:00,1.274,0.307,7.47
LOC009-U02,2026-01-09T22:30:00+00:00,1.863,0.342,8.83
LOC009-U02,2026-01-09T22:45:00+00:00,0.746,0.248,9.1
LOC009-U02,2026-01-09T23:00:00+00:00,1.433,0.296,9.3
LOC009-U02,2026-01-09T23:15:00+00:00,1.416,0.377,8.56
LOC009-U02,2026-01-09T23:30:00+00:00,1.582,0.278,10.7
LOC009-U02,2026-01-09T23:45:00+00:00,1.395,0.264,7.19
LOC009-U02,2026-01-10T00:00:00+00:00,2.337,0.38,7.0
LOC009-U02,2026-01-10T00:15:00+00:00,1.731,0.315,6.55
LOC009-U02,2026-01-10T00:30:00+00:00,2.094,0.326,9.62
LOC009-U02,2026-01-10T00:45:00+00:00,2.232,0.263,8.24
LOC009-U02,2026-01-10T01:00:00+00:00,3.2,0.332,8.86
LOC009-U02,2026-01-10T01:15:00+00:00,2.594,0.326,7.44
LOC009-U02,2026-01-10T01:30:00+00:00,2.446,0.346,8.6
LOC009-U02,2026-01-10T01:45:00+00:00,1.689,0.23,8.86
LOC009-U02,2026-01-10T02:00:00+00:00,2.564,0.286,7.51
LOC009-U02,2026-01-10T02:15:00+00:00,2.054,0.356,9.61
LOC009-U02,2026-01-10T02:30:00+00:00,2.244,0.341,7.42
LOC009-U02,2026-01-10T02:45:00+00:00,2.445,0.231,6.81
LOC009-U02,2026-01-10T03:00:00+00:00,2.163,0.236,11.16
LOC009-U02,2026-01-10T03:15:00+00:00,2.368,0.232,7.99
LOC009-U02,2026-01-10T03:30:00+00:00,1.52,0.356,10.36
LOC009-U02,2026-01-10T03:45:00+00:00,2.588,0.365,7.42
LOC014-U02,2026-01-09T10:00:00+00:00,1.266,0.336,7.66
LOC014-U02,2026-01-09T10:15:00+00:00,3.127,0.243,11.33
LOC014-U02,2026-01-09T10:30:00+00:00,2.719,0.248,9.86
LOC014-U02,2026-01-09T10:45:00+00:00,1.565,0.247,7.89
LOC014-U02,2026-01-09T11:00:00+00:00,1.887,0.378,11.38
LOC014-U02,2026-01-09T11:15:00+00:00,2.491,0.376,11.3
LOC014-U02,2026-01-09T11:30:00+00:00,2.347,0.361,9.42
LOC014-U02,2026-01-09T11:45:00+00:00,1.779,0.293,10.33
LOC014-U02,2026-01-09T12:00:00+00:00,2.268,0.328,9.26
LOC014-U02,2026-01-09T12:15:00+00:00,1.99,0.342,10.09
LOC014-U02,2026-01-09T12:30:00+00:00,2.198,0.221,7.15
LOC014-U02,2026-01-09T12:45:00+00:00,2.392,0.221,10.55
LOC014-U02,2026-01-09T13:00:00+00:00,2.052,0.348,9.59
LOC014-U02,2026-01-09T13:15:00+00:00,2.04,0.361,9.74
LOC014-U02,2026-01-09T13:30:00+00:00,2.66,0.314,10.33
LOC014-U02,2026-01-09T13:45:00+00:00,2.114,0.367,11.59
LOC014-U02,2026-01-09T14:00:00+00:00,0.948,0.309,10.72
LOC014-U02,2026-01-09T14:15:00+00:00,2.041,0.355,8.66
LOC014-U02,2026-01-09T14:30:00+00:00,2.525,0.256,7.5
LOC014-U02,2026-01-09T14:45:00+00:00,2.324,0.275,9.31
LOC014-U02,2026-01-09T15:00:00+00:00,1.963,0.273,9.78
LOC014-U02,2026-01-09T15:15:00+00:00,1.763,0.323,9.01
LOC014-U02,2026-01-09T15:30:00+00:00,1.742,0.237,6.62
LOC014-U02,2026-01-09T15:45:00+00:00,1.704,0.223,7.91
LOC014-U02,2026-01-09T16:00:00+00:00,2.765,0.248,10.84
LOC014-U02,2026-01-09T16:15:00+00:00,2.281,0.277,6.7
LOC014-U02,2026-01-09T16:30:00+00:00,2.114,0.338,7.12
LOC014-U02,2026-01-09T16:45:00+00:00,2.892,0.293,11.28
LOC014-U02,2026-01-09T17:00:00+00:00,2.337,0.343,8.92
LOC014-U02,2026-01-09T17:15:00+00:00,1.923,0.233,9.38
LOC014-U02,2026-01-09T17:30:00+00:00,2.744,0.277,6.97
LOC014-U02,2026-01-09T17:45:00+00:00,2.342,0.24,8.81
LOC014-U02,2026-01-09T18:00:00+00:00,1.977,0.326,9.52
LOC014-U02,2026-01-09T18:15:00+00:00,1.747,0.258,10.55
LOC014-U02,2026-01-09T18:30:00+00:00,1.868,0.233,10.82
LOC014-U02,2026-01-09T18:45:00+00:00,1.616,0.239,6.47
LOC014-U02,2026-01-09T19:00:00+00:00,1.839,0.374,10.13
LOC014-U02,2026-01-09T19:15:00+00:00,2.379,0.226,9.73
LOC014-U02,2026-01-09T19:30:00+00:00,2.506,0.307,8.63
LOC014-U02,2026-01-09T19:45:00+00:00,1.183,0.288,7.78
LOC014-U02,2026-01-09T20:00:00+00:00,2.239,0.3,7.74
LOC014-U02,2026-01-09T20:15:00+00:00,2.841,0.263,8.5
LOC014-U02,2026-01-09T20:30:00+00:00,1.049,0.369,8.86
LOC014-U02,2026-01-09T20:45:00+00:00,2.431,0.232,8.73
LOC014-U02,2026-01-09T21:00:00+00:00,1.115,0.367,7.36
LOC014-U02,2026-01-09T21:15:00+00:00,2.12,0.241,10.26
LOC014-U02,2026-01-09T21:30:00+00:00,2.151,0.374,8.41
LOC014-U02,2026-01-09T21:45:00+00:00,3.277,0.247,11.06
LOC014-U02,2026-01-09T22:00:00+00:00,1.687,0.272,9.16
LOC014-U02,2026-01-09T22:15:00+00:00,2.257,0.369,10.51
LOC014-U02,2026-01-09T22:30:00+00:00,1.997,0.345,9.72
LOC014-U02,2026-01-09T22:45:00+00:00,1.892,0.282,9.53
LOC014-U02,2026-01-09T23:00:00+00:00,2.414,0.365,9.19
LOC014-U02,2026-01-09T23:15:00+00:00,2.66,0.318,7.2
LOC014-U02,2026-01-09T23:30:00+00:00,1.563,0.314,11.39
LOC014-U02,2026-01-09T23:45:00+00:00,1.341,0.298,9.4
LOC014-U02,2026-01-10T00:00:00+00:00,1.808,0.355,10.54
LOC014-U02,2026-01-10T00:15:00+00:00,1.866,0.282,9.5
LOC014-U02,2026-01-10T00:30:00+00:00,1.403,0.333,10.43
LOC014-U02,2026-01-10T00:45:00+00:00,2.21,0.242,11.04
LOC014-U02,2026-01-10T01:00:00+00:00,2.103,0.264,6.66
LOC014-U02,2026-01-10T01:15:00+00:00,2.88,0.305,8.24
LOC014-U02,2026-01-10T01:30:00+00:00,1.939,0.317,7.49
LOC014-U02,2026-01-10T01:45:00+00:00,1.912,0.263,10.79
LOC014-U02,2026-01-10T02:00:00+00:00,1.857,0.257,7.34
LOC014-U02,2026-01-10T02:15:00+00:00,2.222,0.357,6.83
LOC014-U02,2026-01-10T02:30:00+00:00,2.704,0.324,7.87
LOC014-U02,2026-01-10T02:45:00+00:00,2.389,0.273,11.54
LOC014-U02,2026-01-10T03:00:00+00:00,2.605,0.257,8.57
LOC014-U02,2026-01-10T03:15:00+00:00,2.36,0.365,10.55
LOC014-U02,2026-01-10T03:30:00+00:00,1.704,0.262,6.67
LOC014-U02,2026-01-10T03:45:00+00:00,2.316,0.235,6.61
LOC022-U02,2026-01-09T10:00:00+00:00,2.249,0.366,11.56
LOC022-U02,2026-01-09T10:15:00+00:00,1.883,0.364,10.89
LOC022-U02,2026-01-09T10:30:00+00:00,2.183,0.297,7.5
LOC022-U02,2026-01-09T10:45:00+00:00,1.954,0.251,10.1
LOC022-U02,2026-01-09T11:00:00+00:00,1.211,0.299,7.13
LOC022-U02,2026-01-09T11:15:00+00:00,2.576,0.359,7.58
LOC022-U02,2026-01-09T11:30:00+00:00,1.609,0.225,8.29
LOC022-U02,2026-01-09T11:45:00+00:00,2.073,0.288,7.22
LOC022-U02,2026-01-09T12:00:00+00:00,2.653,0.272,7.21
LOC022-U02,2026-01-09T12:15:00+00:00,1.584,0.237,7.17
LOC022-U02,2026-01-09T12:30:00+00:00,1.845,0.255,7.08
LOC022-U02,2026-01-09T12:45:00+00:00,1.246,0.221,11.06
LOC022-U02,2026-01-09T13:00:00+00:00,1.061,0.294,9.59
LOC022-U02,2026-01-09T13:15:00+00:00,1.978,0.365,8.78
LOC022-U02,2026-01-09T13:30:00+00:00,1.461,0.305,7.64
LOC022-U02,2026-01-09T13:45:00+00:00,2.735,0.26,7.85
LOC022-U02,2026-01-09T14:00:00+00:00,1.524,0.298,9.46
LOC022-U02,2026-01-09T14:15:00+00:00,1.819,0.222,7.16
LOC022-U02,2026-01-09T14:30:00+00:00,1.372,0.292,11.34
LOC022-U02,2026-01-09T14:45:00+00:00,1.728,0.268,8.34
LOC022-U02,2026-01-09T15:00:00+00:00,0.778,0.26,7.71
LOC022-U02,2026-01-09T15:15:00+00:00,1.901,0.287,10.13
LOC022-U02,2026-01-09T15:30:00+00:00,1.996,0.356,9.87
LOC022-U02,2026-01-09T15:45:00+00:00,1.786,0.366,8.51
LOC022-U02,2026-01-09T16:00:00+00:00,2.586,0.264,8.92
LOC022-U02,2026-01-09T16:15:00+00:00,2.107,0.327,9.54
LOC022-U02,2026-01-09T16:30:00+00:00,1.766,0.309,10.85
LOC022-U02,2026-01-09T16:45:00+00:00,3.161,0.299,10.63
LOC022-U02,2026-01-09T17:00:00+00:00,2.276,0.31,7.17
LOC022-U02,2026-01-09T17:15:00+00:00,2.119,0.379,10.51
LOC022-U02,2026-01-09T17:30:00+00:00,2.1,0.259,10.83
LOC022-U02,2026-01-09T17:45:00+00:00,2.281,0.362,10.32
LOC022-U02,2026-01-09T18:00:00+00:00,1.756,0.246,10.06
LOC022-U02,2026-01-09T18:15:00+00:00,1.8,0.247,9.41
LOC022-U02,2026-01-09T18:30:00+00:00,2.071,0.225,9.09
LOC022-U02,2026-01-09T18:45:00+00:00,2.416,0.294,6.78
LOC022-U02,2026-01-09T19:00:00+00:00,2.313,0.376,9.95
LOC022-U02,2026-01-09T19:15:00+00:00,1.706,0.326,9.38
LOC022-U02,2026-01-09T19:30:00+00:00,2.799,0.36,8.34
LOC022-U02,2026-01-09T19:45:00+00:00,2.102,0.247,10.3
LOC022-U02,2026-01-09T20:00:00+00:00,1.943,0.361,6.96
LOC022-U02,2026-01-09T20:15:00+00:00,1.486,0.342,10.6
LOC022-U02,2026-01-09T20:30:00+00:00,2.599,0.35,10.24
LOC022-U02,2026-01-09T20:45:00+00:00,2.632,0.264,7.22
LOC022-U02,2026-01-09T21:00:00+00:00,1.82,0.34,8.73
LOC022-U02,2026-01-09T21:15:00+00:00,2.568,0.244,11.11
LOC022-U02,2026-01-09T21:30:00+00:00,2.208,0.281,10.09
LOC022-U02,2026-01-09T21:45:00+00:00,1.331,0.248,7.74
LOC022-U02,2026-01-09T22:00:00+00:00,2.614,0.225,8.03
LOC022-U02,2026-01-09T22:15:00+00:00,2.473,0.345,9.72
LOC022-U02,2026-01-09T22:30:00+00:00,2.444,0.257,11.32
LOC022-U02,2026-01-09T22:45:00+00:00,2.432,0.271,8.02
LOC022-U02,2026-01-09T23:00:00+00:00,2.089,0.306,11.61
LOC022-U02,2026-01-09T23:15:00+00:00,2.552,0.33,7.8
LOC022-U02,2026-01-09T23:30:00+00:00,2.366,0.262,8.83
LOC022-U02,2026-01-09T23:45:00+00:00,3.004,0.257,8.23
LOC022-U02,2026-01-10T00:00:00+00:00,2.554,0.221,10.88
LOC022-U02,2026-01-10T00:15:00+00:00,2.146,0.34,8.05
LOC022-U02,2026-01-10T00:30:00+00:00,1.775,0.286,6.9
LOC022-U02,2026-01-10T00:45:00+00:00,2.449,0.253,9.18
LOC022-U02,2026-01-10T01:00:00+00:00,2.432,0.229,10.37
LOC022-U02,2026-01-10T01:15:00+00:00,2.224,0.327,9.03
LOC022-U02,2026-01-10T01:30:00+00:00,2.331,0.293,8.15
LOC022-U02,2026-01-10T01:45:00+00:00,1.953,0.355,9.45
LOC022-U02,2026-01-10T02:00:00+00:00,2.477,0.276,6.69
LOC022-U02,2026-01-10T02:15:00+00:00,2.076,0.379,8.03
LOC022-U02,2026-01-10T02:30:00+00:00,1.927,0.28,7.64
LOC022-U02,2026-01-10T02:45:00+00:00,1.919,0.257,8.45
LOC022-U02,2026-01-10T03:00:00+00:00,2.458,0.263,10.93
LOC022-U02,2026-01-10T03:15:00+00:00,1.921,0.333,10.45
LOC022-U02,2026-01-10T03:30:00+00:00,2.888,0.276,11.47
LOC022-U02,2026-01-10T03:45:00+00:00,2.109,0.268,9.44
LOC030-U01,2026-01-10T10:00:00+00:00,1.646,0.265,9.62
LOC030-U01,2026-01-10T10:15:00+00:00,0.627,0.251,11.01
LOC030-U01,2026-01-10T10:30:00+00:00,2.545,0.356,7.28
LOC030-U01,2026-01-10T10:45:00+00:00,3.02,0.295,8.29
LOC030-U01,2026-01-10T11:00:00+00:00,2.342,0.226,8.61
LOC030-U01,2026-01-10T11:15:00+00:00,2.019,0.35,9.14
LOC030-U01,2026-01-10T11:30:00+00:00,2.021,0.344,9.48
LOC030-U01,2026-01-10T11:45:00+00:00,2.082,0.263,8.82
LOC030-U01,2026-01-10T12:00:00+00:00,1.675,0.375,9.87
LOC030-U01,2026-01-10T12:15:00+00:00,2.306,0.336,7.73
LOC030-U01,2026-01-10T12:30:00+00:00,2.951,0.271,7.59
LOC030-U01,2026-01-10T12:45:00+00:00,1.746,0.224,7.83
LOC030-U01,2026-01-10T13:00:00+00:00,2.325,0.253,8.5
LOC030-U01,2026-01-10T13:15:00+00:00,1.613,0.244,7.69
LOC030-U01,2026-01-10T13:30:00+00:00,1.9,0.34,10.17
LOC030-U01,2026-01-10T13:45:00+00:00,1.506,0.292,8.87
LOC030-U01,2026-01-10T14:00:00+00:00,2.163,0.231,9.12
LOC030-U01,2026-01-10T14:15:00+00:00,1.913,0.283,9.33
LOC030-U01,2026-01-10T14:30:00+00:00,2.247,0.307,7.1
LOC030-U01,2026-01-10T14:45:00+00:00,2.474,0.368,11.03
LOC030-U01,2026-01-10T15:00:00+00:00,3.341,0.377,10.94
LOC030-U01,2026-01-10T15:15:00+00:00,1.482,0.37,9.8
LOC030-U01,2026-01-10T15:30:00+00:00,2.425,0.338,7.81
LOC030-U01,2026-01-10T15:45:00+00:00,2.4,0.237,6.97
LOC030-U01,2026-01-10T16:00:00+00:00,1.749,0.311,7.46
LOC030-U01,2026-01-10T16:15:00+00:00,2.34,0.253,11.29
LOC030-U01,2026-01-10T16:30:00+00:00,2.727,0.248,8.78
LOC030-U01,2026-01-10T16:45:00+00:00,1.604,0.26,7.08
LOC030-U01,2026-01-10T17:00:00+00:00,2.16,0.255,9.09
LOC030-U01,2026-01-10T17:15:00+00:00,1.264,0.287,11.32
LOC030-U01,2026-01-10T17:30:00+00:00,1.63,0.295,9.32
LOC030-U01,2026-01-10T17:45:00+00:00,1.518,0.25,6.44
LOC030-U01,2026-01-10T18:00:00+00:00,1.535,0.343,10.66
LOC030-U01,2026-01-10T18:15:00+00:00,1.569,0.365,10.76
LOC030-U01,2026-01-10T18:30:00+00:00,2.191,0.298,8.49
LOC030-U01,2026-01-10T18:45:00+00:00,2.032,0.287,8.61
LOC030-U01,2026-01-10T19:00:00+00:00,2.538,0.299,10.94
LOC030-U01,2026-01-10T19:15:00+00:00,2.507,0.279,9.0
LOC030-U01,2026-01-10T19:30:00+00:00,1.875,0.362,8.72
LOC030-U01,2026-01-10T19:45:00+00:00,1.574,0.343,7.91
LOC030-U01,2026-01-10T20:00:00+00:00,1.761,0.339,9.16
LOC030-U01,2026-01-10T20:15:00+00:00,2.482,0.308,10.81
LOC030-U01,2026-01-10T20:30:00+00:00,1.434,0.249,10.39
LOC030-U01,2026-01-10T20:45:00+00:00,2.359,0.255,8.29
LOC030-U01,2026-01-10T21:00:00+00:00,1.994,0.247,10.04
LOC030-U01,2026-01-10T21:15:00+00:00,1.961,0.23,7.53
LOC030-U01,2026-01-10T21:30:00+00:00,1.14,0.225,9.59
LOC030-U01,2026-01-10T21:45:00+00:00,1.85,0.27,10.33
LOC030-U01,2026-01-10T22:00:00+00:00,2.274,0.359,10.78
LOC030-U01,2026-01-10T22:15:00+00:00,1.851,0.261,9.16
LOC030-U01,2026-01-10T22:30:00+00:00,1.978,0.339,10.52
LOC030-U01,2026-01-10T22:45:00+00:00,2.085,0.236,10.45
LOC030-U01,2026-01-10T23:00:00+00:00,2.264,0.269,6.72
LOC030-U01,2026-01-10T23:15:00+00:00,1.713,0.258,6.62
LOC030-U01,2026-01-10T23:30:00+00:00,1.736,0.334,6.86
LOC030-U01,2026-01-10T23:45:00+00:00,2.465,0.307,10.09
LOC030-U01,2026-01-11T00:00:00+00:00,1.508,0.352,8.89
LOC030-U01,2026-01-11T00:15:00+00:00,2.87,0.286,7.67
LOC030-U01,2026-01-11T00:30:00+00:00,3.128,0.351,11.21
LOC030-U01,2026-01-11T00:45:00+00:00,1.6,0.341,7.75
LOC030-U01,2026-01-11T01:00:00+00:00,2.225,0.324,8.41
LOC030-U01,2026-01-11T01:15:00+00:00,1.962,0.35,9.2
LOC030-U01,2026-01-11T01:30:00+00:00,2.071,0.31,9.94
LOC030-U01,2026-01-11T01:45:00+00:00,2.497,0.29,10.22
LOC030-U01,2026-01-11T02:00:00+00:00,1.863,0.236,8.39
LOC030-U01,2026-01-11T02:15:00+00:00,2.228,0.339,7.77
LOC030-U01,2026-01-11T02:30:00+00:00,1.268,0.283,9.29
LOC030-U01,2026-01-11T02:45:00+00:00,3.163,0.353,11.15
LOC030-U01,2026-01-11T03:00:00+00:00,3.154,0.264,8.82
LOC030-U01,2026-01-11T03:15:00+00:00,2.436,0.239,6.72
LOC030-U01,2026-01-11T03:30:00+00:00,2.307,0.364,8.57
LOC030-U01,2026-01-11T03:45:00+00:00,1.922,0.277,10.28
LOC028-U01,2026-01-10T10:00:00+00:00,2.709,0.314,8.27
LOC028-U01,2026-01-10T10:15:00+00:00,1.574,0.227,8.88
LOC028-U01,2026-01-10T10:30:00+00:00,1.841,0.257,6.67
LOC028-U01,2026-01-10T10:45:00+00:00,2.894,0.375,7.89
LOC028-U01,2026-01-10T11:00:00+00:00,2.101,0.339,7.82
LOC028-U01,2026-01-10T11:15:00+00:00,1.795,0.338,9.74
LOC028-U01,2026-01-10T11:30:00+00:00,2.127,0.289,8.69
LOC028-U01,2026-01-10T11:45:00+00:00,2.251,0.251,10.77
LOC028-U01,2026-01-10T12:00:00+00:00,2.322,0.237,8.46
LOC028-U01,2026-01-10T12:15:00+00:00,1.791,0.38,10.75
LOC028-U01,2026-01-10T12:30:00+00:00,2.28,0.367,7.39
LOC028-U01,2026-01-10T12:45:00+00:00,1.991,0.223,10.21
LOC028-U01,2026-01-10T13:00:00+00:00,1.472,0.313,6.84
LOC028-U01,2026-01-10T13:15:00+00:00,2.319,0.286,7.08
LOC028-U01,2026-01-10T13:30:00+00:00,2.378,0.3,8.71
LOC028-U01,2026-01-10T13:45:00+00:00,2.897,0.365,10.1
LOC028-U01,2026-01-10T14:00:00+00:00,1.638,0.296,10.53
LOC028-U01,2026-01-10T14:15:00+00:00,1.841,0.345,6.71
LOC028-U01,2026-01-10T14:30:00+00:00,1.164,0.311,10.29
LOC028-U01,2026-01-10T14:45:00+00:00,1.029,0.338,7.01
LOC028-U01,2026-01-10T15:00:00+00:00,2.017,0.341,9.73
LOC028-U01,2026-01-10T15:15:00+00:00,2.632,0.244,9.11
LOC028-U01,2026-01-10T15:30:00+00:00,1.721,0.331,7.49
LOC028-U01,2026-01-10T15:45:00+00:00,2.831,0.221,7.17
LOC028-U01,2026-01-10T16:00:00+00:00,2.596,0.313,10.29
LOC028-U01,2026-01-10T16:15:00+00:00,2.589,0.284,7.08
LOC028-U01,2026-01-10T16:30:00+00:00,2.838,0.239,9.42
LOC028-U01,2026-01-10T16:45:00+00:00,2.155,0.253,10.82
LOC028-U01,2026-01-10T17:00:00+00:00,1.882,0.274,7.33
LOC028-U01,2026-01-10T17:15:00+00:00,1.905,0.311,7.99
LOC028-U01,2026-01-10T17:30:00+00:00,3.242,0.24,9.57
LOC028-U01,2026-01-10T17:45:00+00:00,2.683,0.327,10.55
LOC028-U01,2026-01-10T18:00:00+00:00,1.32,0.25,10.43
LOC028-U01,2026-01-10T18:15:00+00:00,2.265,0.375,9.79
LOC028-U01,2026-01-10T18:30:00+00:00,3.005,0.249,9.38
LOC028-U01,2026-01-10T18:45:00+00:00,1.984,0.379,8.57
LOC028-U01,2026-01-10T19:00:00+00:00,2.037,0.321,11.28
LOC028-U01,2026-01-10T19:15:00+00:00,1.812,0.354,10.35
LOC028-U01,2026-01-10T19:30:00+00:00,2.198,0.372,7.46
LOC028-U01,2026-01-10T19:45:00+00:00,1.58,0.34,8.67
LOC028-U01,2026-01-10T20:00:00+00:00,2.347,0.262,8.28
LOC028-U01,2026-01-10T20:15:00+00:00,1.847,0.344,11.16
LOC028-U01,2026-01-10T20:30:00+00:00,2.074,0.341,8.57
LOC028-U01,2026-01-10T20:45:00+00:00,1.331,0.358,6.8
LOC028-U01,2026-01-10T21:00:00+00:00,2.4,0.229,9.37
LOC028-U01,2026-01-10T21:15:00+00:00,1.977,0.264,11.51
LOC028-U01,2026-01-10T21:30:00+00:00,1.414,0.287,9.87
LOC028-U01,2026-01-10T21:45:00+00:00,2.024,0.26,10.64
LOC028-U01,2026-01-10T22:00:00+00:00,2.018,0.367,8.77
LOC028-U01,2026-01-10T22:15:00+00:00,2.381,0.344,9.16
LOC028-U01,2026-01-10T22:30:00+00:00,0.862,0.277,8.35
LOC028-U01,2026-01-10T22:45:00+00:00,2.351,0.285,7.86
LOC028-U01,2026-01-10T23:00:00+00:00,1.817,0.342,7.76
LOC028-U01,2026-01-10T23:15:00+00:00,2.592,0.226,10.41
LOC028-U01,2026-01-10T23:30:00+00:00,1.898,0.365,8.04
LOC028-U01,2026-01-10T23:45:00+00:00,2.71,0.23,8.54
LOC028-U01,2026-01-11T00:00:00+00:00,2.699,0.281,10.95
LOC028-U01,2026-01-11T00:15:00+00:00,1.81,0.253,6.5
LOC028-U01,2026-01-11T00:30:00+00:00,2.259,0.297,11.1
LOC028-U01,2026-01-11T00:45:00+00:00,1.958,0.312,10.89
LOC028-U01,2026-01-11T01:00:00+00:00,1.43,0.308,8.98
LOC028-U01,2026-01-11T01:15:00+00:00,2.843,0.228,8.58
LOC028-U01,2026-01-11T01:30:00+00:00,2.193,0.375,7.11
LOC028-U01,2026-01-11T01:45:00+00:00,1.973,0.224,6.87
LOC028-U01,2026-01-11T02:00:00+00:00,2.242,0.317,9.68
LOC028-U01,2026-01-11T02:15:00+00:00,1.77,0.299,6.75
LOC028-U01,2026-01-11T02:30:00+00:00,1.842,0.243,9.06
LOC028-U01,2026-01-11T02:45:00+00:00,2.277,0.372,8.55
LOC028-U01,2026-01-11T03:00:00+00:00,2.119,0.368,8.09
LOC028-U01,2026-01-11T03:15:00+00:00,2.081,0.222,11.35
LOC028-U01,2026-01-11T03:30:00+00:00,1.724,0.329,11.53
LOC028-U01,2026-01-11T03:45:00+00:00,1.783,0.295,9.98
LOC022-U01,2026-01-10T10:00:00+00:00,2.082,0.32,10.38
LOC022-U01,2026-01-10T10:15:00+00:00,2.213,0.329,8.74
LOC022-U01,2026-01-10T10:30:00+00:00,2.026,0.239,10.29
LOC022-U01,2026-01-10T10:45:00+00:00,2.777,0.289,11.68
LOC022-U01,2026-01-10T11:00:00+00:00,3.038,0.36,9.01
LOC022-U01,2026-01-10T11:15:00+00:00,2.325,0.27,10.76
LOC022-U01,2026-01-10T11:30:00+00:00,1.894,0.285,8.5
LOC022-U01,2026-01-10T11:45:00+00:00,1.537,0.326,10.07
LOC022-U01,2026-01-10T12:00:00+00:00,2.478,0.254,7.06
LOC022-U01,2026-01-10T12:15:00+00:00,1.792,0.237,9.42
LOC022-U01,2026-01-10T12:30:00+00:00,1.473,0.35,10.54
LOC022-U01,2026-01-10T12:45:00+00:00,2.432,0.321,9.48
LOC022-U01,2026-01-10T13:00:00+00:00,2.192,0.268,8.6
LOC022-U01,2026-01-10T13:15:00+00:00,1.983,0.319,11.59
LOC022-U01,2026-01-10T13:30:00+00:00,1.896,0.328,8.42
LOC022-U01,2026-01-10T13:45:00+00:00,2.725,0.299,11.61
LOC022-U01,2026-01-10T14:00:00+00:00,2.543,0.296,9.31
LOC022-U01,2026-01-10T14:15:00+00:00,2.493,0.331,11.58
LOC022-U01,2026-01-10T14:30:00+00:00,2.296,0.222,7.7
LOC022-U01,2026-01-10T14:45:00+00:00,2.98,0.266,8.57
LOC022-U01,2026-01-10T15:00:00+00:00,2.281,0.328,9.38
LOC022-U01,2026-01-10T15:15:00+00:00,2.767,0.28,7.13
LOC022-U01,2026-01-10T15:30:00+00:00,2.366,0.261,9.76
LOC022-U01,2026-01-10T15:45:00+00:00,2.129,0.289,10.05
LOC022-U01,2026-01-10T16:00:00+00:00,2.61,0.255,9.55
LOC022-U01,2026-01-10T16:15:00+00:00,2.525,0.238,11.25
LOC022-U01,2026-01-10T16:30:00+00:00,2.121,0.359,8.75
LOC022-U01,2026-01-10T16:45:00+00:00,2.891,0.28,7.39
LOC022-U01,2026-01-10T17:00:00+00:00,1.994,0.259,9.89
LOC022-U01,2026-01-10T17:15:00+00:00,1.618,0.364,8.98
LOC022-U01,2026-01-10T17:30:00+00:00,3.133,0.289,8.46
LOC022-U01,2026-01-10T17:45:00+00:00,2.763,0.328,8.71
LOC022-U01,2026-01-10T18:00:00+00:00,2.406,0.239,7.02
LOC022-U01,2026-01-10T18:15:00+00:00,1.378,0.248,9.33
LOC022-U01,2026-01-10T18:30:00+00:00,2.903,0.315,11.53
LOC022-U01,2026-01-10T18:45:00+00:00,2.43,0.363,9.33
LOC022-U01,2026-01-10T19:00:00+00:00,1.645,0.314,7.44
LOC022-U01,2026-01-10T19:15:00+00:00,2.231,0.252,8.12
LOC022-U01,2026-01-10T19:30:00+00:00,1.655,0.225,9.36
LOC022-U01,2026-01-10T19:45:00+00:00,2.205,0.239,9.53
LOC022-U01,2026-01-10T20:00:00+00:00,2.282,0.278,10.73
LOC022-U01,2026-01-10T20:15:00+00:00,2.16,0.31,11.24
LOC022-U01,2026-01-10T20:30:00+00:00,1.685,0.289,7.2
LOC022-U01,2026-01-10T20:45:00+00:00,2.029,0.373,9.5
LOC022-U01,2026-01-10T21:00:00+00:00,1.356,0.3,10.77
LOC022-U01,2026-01-10T21:15:00+00:00,2.435,0.255,10.67
LOC022-U01,2026-01-10T21:30:00+00:00,1.988,0.302,9.37
LOC022-U01,2026-01-10T21:45:00+00:00,2.262,0.252,7.33
LOC022-U01,2026-01-10T22:00:00+00:00,1.485,0.369,11.21
LOC022-U01,2026-01-10T22:15:00+00:00,2.471,0.234,10.82
LOC022-U01,2026-01-10T22:30:00+00:00,2.931,0.338,7.84
LOC022-U01,2026-01-10T22:45:00+00:00,2.905,0.377,8.54
LOC022-U01,2026-01-10T23:00:00+00:00,2.372,0.347,9.24
LOC022-U01,2026-01-10T23:15:00+00:00,2.394,0.306,10.67
LOC022-U01,2026-01-10T23:30:00+00:00,2.263,0.284,7.89
LOC022-U01,2026-01-10T23:45:00+00:00,2.319,0.28,7.11
LOC022-U01,2026-01-11T00:00:00+00:00,2.337,0.368,11.39
LOC022-U01,2026-01-11T00:15:00+00:00,1.883,0.334,10.35
LOC022-U01,2026-01-11T00:30:00+00:00,2.189,0.379,7.14
LOC022-U01,2026-01-11T00:45:00+00:00,3.063,0.3,9.9
LOC022-U01,2026-01-11T01:00:00+00:00,2.909,0.342,9.87
LOC022-U01,2026-01-11T01:15:00+00:00,1.966,0.343,10.09
LOC022-U01,2026-01-11T01:30:00+00:00,1.12,0.34,11.02
LOC022-U01,2026-01-11T01:45:00+00:00,1.678,0.228,6.39
LOC022-U01,2026-01-11T02:00:00+00:00,2.573,0.315,6.84
LOC022-U01,2026-01-11T02:15:00+00:00,1.39,0.226,6.8
LOC022-U01,2026-01-11T02:30:00+00:00,2.623,0.333,6.93
LOC022-U01,2026-01-11T02:45:00+00:00,1.931,0.256,8.24
LOC022-U01,2026-01-11T03:00:00+00:00,1.368,0.296,6.49
LOC022-U01,2026-01-11T03:15:00+00:00,2.835,0.364,11.85
LOC022-U01,2026-01-11T03:30:00+00:00,0.813,0.27,6.82
LOC022-U01,2026-01-11T03:45:00+00:00,1.46,0.256,10.67
LOC034-U01,2026-01-10T10:00:00+00:00,1.743,0.247,9.5
LOC034-U01,2026-01-10T10:15:00+00:00,1.522,0.372,7.46
LOC034-U01,2026-01-10T10:30:00+00:00,2.905,0.283,7.14
LOC034-U01,2026-01-10T10:45:00+00:00,2.101,0.226,8.42
LOC034-U01,2026-01-10T11:00:00+00:00,1.985,0.347,8.61
LOC034-U01,2026-01-10T11:15:00+00:00,1.726,0.279,9.12
LOC034-U01,2026-01-10T11:30:00+00:00,1.713,0.309,8.6
LOC034-U01,2026-01-10T11:45:00+00:00,2.657,0.243,6.8
LOC034-U01,2026-01-10T12:00:00+00:00,2.039,0.358,10.17
LOC034-U01,2026-01-10T12:15:00+00:00,1.787,0.287,11.51
LOC034-U01,2026-01-10T12:30:00+00:00,1.839,0.263,10.19
LOC034-U01,2026-01-10T12:45:00+00:00,2.4,0.285,11.57
LOC034-U01,2026-01-10T13:00:00+00:00,1.53,0.33,10.74
LOC034-U01,2026-01-10T13:15:00+00:00,1.914,0.339,7.79
LOC034-U01,2026-01-10T13:30:00+00:00,1.761,0.358,7.63
LOC034-U01,2026-01-10T13:45:00+00:00,1.154,0.34,8.91
LOC034-U01,2026-01-10T14:00:00+00:00,1.865,0.346,9.59
LOC034-U01,2026-01-10T14:15:00+00:00,2.278,0.321,7.28
LOC034-U01,2026-01-10T14:30:00+00:00,1.736,0.321,7.01
LOC034-U01,2026-01-10T14:45:00+00:00,2.7,0.26,10.36
LOC034-U01,2026-01-10T15:00:00+00:00,2.27,0.337,7.21
LOC034-U01,2026-01-10T15:15:00+00:00,1.307,0.275,9.28
LOC034-U01,2026-01-10T15:30:00+00:00,2.145,0.313,9.21
LOC034-U01,2026-01-10T15:45:00+00:00,2.064,0.303,11.04
LOC034-U01,2026-01-10T16:00:00+00:00,2.669,0.257,10.42
LOC034-U01,2026-01-10T16:15:00+00:00,1.86,0.348,6.72
LOC034-U01,2026-01-10T16:30:00+00:00,1.794,0.328,9.0
LOC034-U01,2026-01-10T16:45:00+00:00,1.854,0.304,10.08
LOC034-U01,2026-01-10T17:00:00+00:00,1.391,0.267,6.97
LOC034-U01,2026-01-10T17:15:00+00:00,1.168,0.293,9.7
LOC034-U01,2026-01-10T17:30:00+00:00,1.827,0.368,7.34
LOC034-U01,2026-01-10T17:45:00+00:00,2.336,0.242,6.59
LOC034-U01,2026-01-10T18:00:00+00:00,2.71,0.344,8.43
LOC034-U01,2026-01-10T18:15:00+00:00,1.417,0.27,10.77
LOC034-U01,2026-01-10T18:30:00+00:00,1.171,0.309,7.42
LOC034-U01,2026-01-10T18:45:00+00:00,2.603,0.353,11.84
LOC034-U01,2026-01-10T19:00:00+00:00,2.33,0.341,11.62
LOC034-U01,2026-01-10T19:15:00+00:00,3.182,0.346,10.13
LOC034-U01,2026-01-10T19:30:00+00:00,1.598,0.365,11.08
LOC034-U01,2026-01-10T19:45:00+00:00,1.654,0.298,9.32
LOC034-U01,2026-01-10T20:00:00+00:00,3.074,0.366,8.3
LOC034-U01,2026-01-10T20:15:00+00:00,2.519,0.247,9.13
LOC034-U01,2026-01-10T20:30:00+00:00,1.717,0.372,7.26
LOC034-U01,2026-01-10T20:45:00+00:00,2.075,0.269,11.13
LOC034-U01,2026-01-10T21:00:00+00:00,2.078,0.229,6.81
LOC034-U01,2026-01-10T21:15:00+00:00,1.933,0.276,7.3
LOC034-U01,2026-01-10T21:30:00+00:00,2.71,0.275,11.44
LOC034-U01,2026-01-10T21:45:00+00:00,2.028,0.241,7.77
LOC034-U01,2026-01-10T22:00:00+00:00,1.556,0.293,9.25
LOC034-U01,2026-01-10T22:15:00+00:00,1.333,0.329,7.94
LOC034-U01,2026-01-10T22:30:00+00:00,2.302,0.301,10.4
LOC034-U01,2026-01-10T22:45:00+00:00,1.919,0.267,10.23
LOC034-U01,2026-01-10T23:00:00+00:00,2.547,0.305,7.3
LOC034-U01,2026-01-10T23:15:00+00:00,2.96,0.301,6.99
LOC034-U01,2026-01-10T23:30:00+00:00,1.044,0.286,7.59
LOC034-U01,2026-01-10T23:45:00+00:00,1.559,0.298,8.36
LOC034-U01,2026-01-11T00:00:00+00:00,2.688,0.274,7.64
LOC034-U01,2026-01-11T00:15:00+00:00,2.01,0.263,8.32
LOC034-U01,2026-01-11T00:30:00+00:00,2.397,0.302,11.42
LOC034-U01,2026-01-11T00:45:00+00:00,2.717,0.241,7.64
LOC034-U01,2026-01-11T01:00:00+00:00,3.009,0.265,9.47
LOC034-U01,2026-01-11T01:15:00+00:00,2.014,0.294,10.77
LOC034-U01,2026-01-11T01:30:00+00:00,2.043,0.339,7.01
LOC034-U01,2026-01-11T01:45:00+00:00,2.443,0.238,10.4
LOC034-U01,2026-01-11T02:00:00+00:00,2.424,0.333,8.33
LOC034-U01,2026-01-11T02:15:00+00:00,2.812,0.295,9.45
LOC034-U01,2026-01-11T02:30:00+00:00,2.37,0.339,9.19
LOC034-U01,2026-01-11T02:45:00+00:00,2.828,0.368,9.37
LOC034-U01,2026-01-11T03:00:00+00:00,2.524,0.376,8.51
LOC034-U01,2026-01-11T03:15:00+00:00,1.887,0.374,8.48
LOC034-U01,2026-01-11T03:30:00+00:00,1.991,0.26,10.53
LOC034-U01,2026-01-11T03:45:00+00:00,2.6,0.298,8.98
LOC003-U01,2026-01-10T10:00:00+00:00,2.63,0.278,9.64
LOC003-U01,2026-01-10T10:15:00+00:00,2.725,0.364,7.25
LOC003-U01,2026-01-10T10:30:00+00:00,1.04,0.362,7.4
LOC003-U01,2026-01-10T10:45:00+00:00,1.559,0.341,8.65
LOC003-U01,2026-01-10T11:00:00+00:00,2.994,0.291,9.03
LOC003-U01,2026-01-10T11:15:00+00:00,2.809,0.229,9.83
LOC003-U01,2026-01-10T11:30:00+00:00,2.377,0.22,10.44
LOC003-U01,2026-01-10T11:45:00+00:00,1.424,0.363,6.66
LOC003-U01,2026-01-10T12:00:00+00:00,2.113,0.357,7.6
LOC003-U01,2026-01-10T12:15:00+00:00,2.282,0.276,10.89
LOC003-U01,2026-01-10T12:30:00+00:00,1.52,0.277,9.57
LOC003-U01,2026-01-10T12:45:00+00:00,1.484,0.306,10.37
LOC003-U01,2026-01-10T13:00:00+00:00,2.406,0.284,11.03
LOC003-U01,2026-01-10T13:15:00+00:00,1.578,0.242,8.16
LOC003-U01,2026-01-10T13:30:00+00:00,1.278,0.299,8.57
LOC003-U01,2026-01-10T13:45:00+00:00,1.855,0.377,10.99
LOC003-U01,2026-01-10T14:00:00+00:00,2.786,0.24,9.93
LOC003-U01,2026-01-10T14:15:00+00:00,2.555,0.27,7.15
LOC003-U01,2026-01-10T14:30:00+00:00,1.702,0.373,11.11
LOC003-U01,2026-01-10T14:45:00+00:00,2.225,0.27,11.21
LOC003-U01,2026-01-10T15:00:00+00:00,1.651,0.321,8.36
LOC003-U01,2026-01-10T15:15:00+00:00,2.004,0.309,7.24
LOC003-U01,2026-01-10T15:30:00+00:00,1.517,0.371,7.74
LOC003-U01,2026-01-10T15:45:00+00:00,2.288,0.228,11.26
LOC003-U01,2026-01-10T16:00:00+00:00,1.977,0.332,9.04
LOC003-U01,2026-01-10T16:15:00+00:00,2.88,0.255,7.78
LOC003-U01,2026-01-10T16:30:00+00:00,2.298,0.3,8.21
LOC003-U01,2026-01-10T16:45:00+00:00,2.276,0.262,10.67
LOC003-U01,2026-01-10T17:00:00+00:00,1.816,0.225,10.71
LOC003-U01,2026-01-10T17:15:00+00:00,2.913,0.297,9.4
LOC003-U01,2026-01-10T17:30:00+00:00,1.688,0.293,11.01
LOC003-U01,2026-01-10T17:45:00+00:00,1.666,0.277,11.27
LOC003-U01,2026-01-10T18:00:00+00:00,2.285,0.319,8.75
LOC003-U01,2026-01-10T18:15:00+00:00,1.591,0.358,11.54
LOC003-U01,2026-01-10T18:30:00+00:00,1.867,0.297,11.04
LOC003-U01,2026-01-10T18:45:00+00:00,2.098,0.247,9.12
LOC003-U01,2026-01-10T19:00:00+00:00,2.014,0.34,9.6
LOC003-U01,2026-01-10T19:15:00+00:00,1.717,0.279,8.04
LOC003-U01,2026-01-10T19:30:00+00:00,1.071,0.355,7.26
LOC003-U01,2026-01-10T19:45:00+00:00,2.266,0.253,9.55
LOC003-U01,2026-01-10T20:00:00+00:00,1.383,0.236,8.84
LOC003-U01,2026-01-10T20:15:00+00:00,1.22,0.247,8.03
LOC003-U01,2026-01-10T20:30:00+00:00,1.926,0.346,9.21
LOC003-U01,2026-01-10T20:45:00+00:00,1.937,0.288,10.76
LOC003-U01,2026-01-10T21:00:00+00:00,1.59,0.271,10.11
LOC003-U01,2026-01-10T21:15:00+00:00,2.245,0.335,8.78
LOC003-U01,2026-01-10T21:30:00+00:00,1.785,0.32,10.65
LOC003-U01,2026-01-10T21:45:00+00:00,2.56,0.32,8.59
LOC003-U01,2026-01-10T22:00:00+00:00,2.602,0.22,11.28
LOC003-U01,2026-01-10T22:15:00+00:00,1.094,0.249,7.24
LOC003-U01,2026-01-10T22:30:00+00:00,2.347,0.238,9.44
LOC003-U01,2026-01-10T22:45:00+00:00,2.014,0.344,9.29
LOC003-U01,2026-01-10T23:00:00+00:00,1.13,0.335,10.67
LOC003-U01,2026-01-10T23:15:00+00:00,3.165,0.33,9.6
LOC003-U01,2026-01-10T23:30:00+00:00,3.554,0.273,11.58
LOC003-U01,2026-01-10T23:45:00+00:00,1.218,0.243,9.99
LOC003-U01,2026-01-11T00:00:00+00:00,1.676,0.291,7.21
LOC003-U01,2026-01-11T00:15:00+00:00,1.656,0.233,7.86
LOC003-U01,2026-01-11T00:30:00+00:00,1.755,0.338,8.45
LOC003-U01,2026-01-11T00:45:00+00:00,1.173,0.367,11.1
LOC003-U01,2026-01-11T01:00:00+00:00,2.213,0.294,9.56
LOC003-U01,2026-01-11T01:15:00+00:00,1.757,0.261,9.1
LOC003-U01,2026-01-11T01:30:00+00:00,1.298,0.224,7.53
LOC003-U01,2026-01-11T01:45:00+00:00,2.76,0.298,10.68
LOC003-U01,2026-01-11T02:00:00+00:00,2.628,0.286,9.63
LOC003-U01,2026-01-11T02:15:00+00:00,1.225,0.319,9.82
LOC003-U01,2026-01-11T02:30:00+00:00,2.149,0.293,6.97
LOC003-U01,2026-01-11T02:45:00+00:00,3.208,0.272,7.4
LOC003-U01,2026-01-11T03:00:00+00:00,2.142,0.309,10.45
LOC003-U01,2026-01-11T03:15:00+00:00,3.324,0.238,7.84
LOC003-U01,2026-01-11T03:30:00+00:00,1.502,0.235,7.4
LOC003-U01,2026-01-11T03:45:00+00:00,1.909,0.272,8.59
LOC004-U02,2026-01-10T10:00:00+00:00,1.688,0.281,11.41
LOC004-U02,2026-01-10T10:15:00+00:00,1.709,0.256,9.18
LOC004-U02,2026-01-10T10:30:00+00:00,2.042,0.34,7.83
LOC004-U02,2026-01-10T10:45:00+00:00,1.917,0.379,8.34
LOC004-U02,2026-01-10T11:00:00+00:00,2.316,0.334,11.29
LOC004-U02,2026-01-10T11:15:00+00:00,2.051,0.244,10.46
LOC004-U02,2026-01-10T11:30:00+00:00,2.146,0.253,7.54
LOC004-U02,2026-01-10T11:45:00+00:00,1.524,0.267,10.22
LOC004-U02,2026-01-10T12:00:00+00:00,3.145,0.356,9.89
LOC004-U02,2026-01-10T12:15:00+00:00,1.728,0.223,7.61
LOC004-U02,2026-01-10T12:30:00+00:00,1.856,0.283,7.11
LOC004-U02,2026-01-10T12:45:00+00:00,2.8,0.273,9.87
LOC004-U02,2026-01-10T13:00:00+00:00,2.137,0.273,7.77
LOC004-U02,2026-01-10T13:15:00+00:00,1.675,0.346,7.22
LOC004-U02,2026-01-10T13:30:00+00:00,2.823,0.294,9.38
LOC004-U02,2026-01-10T13:45:00+00:00,2.636,0.311,11.01
LOC004-U02,2026-01-10T14:00:00+00:00,1.953,0.225,10.71
LOC004-U02,2026-01-10T14:15:00+00:00,2.114,0.329,7.06
LOC004-U02,2026-01-10T14:30:00+00:00,2.562,0.239,9.41
LOC004-U02,2026-01-10T14:45:00+00:00,3.102,0.347,8.3
LOC004-U02,2026-01-10T15:00:00+00:00,1.832,0.31,10.65
LOC004-U02,2026-01-10T15:15:00+00:00,1.987,0.287,7.34
LOC004-U02,2026-01-10T15:30:00+00:00,2.183,0.233,7.21
LOC004-U02,2026-01-10T15:45:00+00:00,1.545,0.352,8.58
LOC004-U02,2026-01-10T16:00:00+00:00,2.781,0.248,8.64
LOC004-U02,2026-01-10T16:15:00+00:00,1.85,0.302,6.92
LOC004-U02,2026-01-10T16:30:00+00:00,1.663,0.307,10.32
LOC004-U02,2026-01-10T16:45:00+00:00,2.394,0.239,8.61
LOC004-U02,2026-01-10T17:00:00+00:00,2.874,0.295,10.39
LOC004-U02,2026-01-10T17:15:00+00:00,2.174,0.249,6.63
LOC004-U02,2026-01-10T17:30:00+00:00,2.148,0.24,9.93
LOC004-U02,2026-01-10T17:45:00+00:00,2.012,0.326,8.6
LOC004-U02,2026-01-10T18:00:00+00:00,2.17,0.333,7.78
LOC004-U02,2026-01-10T18:15:00+00:00,1.99,0.364,7.0
LOC004-U02,2026-01-10T18:30:00+00:00,2.319,0.365,11.15
LOC004-U02,2026-01-10T18:45:00+00:00,1.906,0.265,11.41
LOC004-U02,2026-01-10T19:00:00+00:00,2.484,0.335,8.89
LOC004-U02,2026-01-10T19:15:00+00:00,2.42,0.295,10.19
LOC004-U02,2026-01-10T19:30:00+00:00,1.745,0.227,10.24
LOC004-U02,2026-01-10T19:45:00+00:00,2.399,0.238,8.69
LOC004-U02,2026-01-10T20:00:00+00:00,2.004,0.352,10.28
LOC004-U02,2026-01-10T20:15:00+00:00,2.05,0.261,6.84
LOC004-U02,2026-01-10T20:30:00+00:00,2.708,0.268,8.42
LOC004-U02,2026-01-10T20:45:00+00:00,2.156,0.321,9.67
LOC004-U02,2026-01-10T21:00:00+00:00,1.831,0.3,8.08
LOC004-U02,2026-01-10T21:15:00+00:00,1.219,0.336,7.84
LOC004-U02,2026-01-10T21:30:00+00:00,2.961,0.271,9.22
LOC004-U02,2026-01-10T21:45:00+00:00,1.403,0.29,10.03
LOC004-U02,2026-01-10T22:00:00+00:00,2.707,0.249,6.88
LOC004-U02,2026-01-10T22:15:00+00:00,2.375,0.273,11.35
LOC004-U02,2026-01-10T22:30:00+00:00,1.71,0.23,8.15
LOC004-U02,2026-01-10T22:45:00+00:00,2.313,0.265,10.06
LOC004-U02,2026-01-10T23:00:00+00:00,2.399,0.363,11.5
LOC004-U02,2026-01-10T23:15:00+00:00,3.088,0.25,9.85
LOC004-U02,2026-01-10T23:30:00+00:00,2.977,0.336,8.81
LOC004-U02,2026-01-10T23:45:00+00:00,1.768,0.361,9.7
LOC004-U02,2026-01-11T00:00:00+00:00,2.035,0.359,10.95
LOC004-U02,2026-01-11T00:15:00+00:00,2.37,0.343,11.21
LOC004-U02,2026-01-11T00:30:00+00:00,2.363,0.228,6.87
LOC004-U02,2026-01-11T00:45:00+00:00,1.977,0.314,7.14
LOC004-U02,2026-01-11T01:00:00+00:00,2.173,0.229,10.9
LOC004-U02,2026-01-11T01:15:00+00:00,2.266,0.288,9.67
LOC004-U02,2026-01-11T01:30:00+00:00,2.283,0.268,7.57
LOC004-U02,2026-01-11T01:45:00+00:00,1.858,0.33,10.92
LOC004-U02,2026-01-11T02:00:00+00:00,2.042,0.254,9.44
LOC004-U02,2026-01-11T02:15:00+00:00,2.203,0.271,11.37
LOC004-U02,2026-01-11T02:30:00+00:00,1.238,0.338,9.22
LOC004-U02,2026-01-11T02:45:00+00:00,2.011,0.291,10.61
LOC004-U02,2026-01-11T03:00:00+00:00,2.154,0.314,8.69
LOC004-U02,2026-01-11T03:15:00+00:00,1.978,0.354,8.0
LOC004-U02,2026-01-11T03:30:00+00:00,1.868,0.375,8.13
LOC004-U02,2026-01-11T03:45:00+00:00,2.861,0.277,10.29
LOC019-U02,2026-01-10T10:00:00+00:00,2.159,0.297,7.59
LOC019-U02,2026-01-10T10:15:00+00:00,1.88,0.32,9.61
LOC019-U02,2026-01-10T10:30:00+00:00,2.022,0.318,9.52
LOC019-U02,2026-01-10T10:45:00+00:00,2.629,0.328,11.6
LOC019-U02,2026-01-10T11:00:00+00:00,2.381,0.265,9.93
LOC019-U02,2026-01-10T11:15:00+00:00,1.806,0.338,7.07
LOC019-U02,2026-01-10T11:30:00+00:00,1.537,0.302,7.96
LOC019-U02,2026-01-10T11:45:00+00:00,2.444,0.261,7.71
LOC019-U02,2026-01-10T12:00:00+00:00,1.32,0.362,10.08
LOC019-U02,2026-01-10T12:15:00+00:00,0.974,0.303,7.09
LOC019-U02,2026-01-10T12:30:00+00:00,1.828,0.322,10.88
LOC019-U02,2026-01-10T12:45:00+00:00,2.102,0.279,8.68
LOC019-U02,2026-01-10T13:00:00+00:00,2.155,0.369,10.5
LOC019-U02,2026-01-10T13:15:00+00:00,2.16,0.292,7.66
LOC019-U02,2026-01-10T13:30:00+00:00,1.899,0.297,6.88
LOC019-U02,2026-01-10T13:45:00+00:00,2.391,0.249,7.14
LOC019-U02,2026-01-10T14:00:00+00:00,2.189,0.351,10.86
LOC019-U02,2026-01-10T14:15:00+00:00,2.407,0.373,10.19
LOC019-U02,2026-01-10T14:30:00+00:00,1.632,0.345,9.49
LOC019-U02,2026-01-10T14:45:00+00:00,1.96,0.357,8.16
LOC019-U02,2026-01-10T15:00:00+00:00,2.334,0.316,11.49
LOC019-U02,2026-01-10T15:15:00+00:00,2.2,0.314,7.86
LOC019-U02,2026-01-10T15:30:00+00:00,2.163,0.34,11.0
LOC019-U02,2026-01-10T15:45:00+00:00,2.502,0.258,11.02
LOC019-U02,2026-01-10T16:00:00+00:00,2.096,0.319,8.44
LOC019-U02,2026-01-10T16:15:00+00:00,2.283,0.285,8.28
LOC019-U02,2026-01-10T16:30:00+00:00,2.384,0.273,10.07
LOC019-U02,2026-01-10T16:45:00+00:00,1.607,0.37,6.64
LOC019-U02,2026-01-10T17:00:00+00:00,2.139,0.265,11.0
LOC019-U02,2026-01-10T17:15:00+00:00,1.842,0.331,10.23
LOC019-U02,2026-01-10T17:30:00+00:00,2.587,0.285,8.79
LOC019-U02,2026-01-10T17:45:00+00:00,1.831,0.234,11.35
LOC019-U02,2026-01-10T18:00:00+00:00,3.009,0.306,8.76
LOC019-U02,2026-01-10T18:15:00+00:00,2.241,0.268,8.73
LOC019-U02,2026-01-10T18:30:00+00:00,2.44,0.34,9.16
LOC019-U02,2026-01-10T18:45:00+00:00,2.02,0.372,8.6
LOC019-U02,2026-01-10T19:00:00+00:00,1.78,0.371,10.92
LOC019-U02,2026-01-10T19:15:00+00:00,1.841,0.363,11.15
LOC019-U02,2026-01-10T19:30:00+00:00,2.234,0.276,7.05
LOC019-U02,2026-01-10T19:45:00+00:00,2.439,0.307,7.1
LOC019-U02,2026-01-10T20:00:00+00:00,1.472,0.31,9.34
LOC019-U02,2026-01-10T20:15:00+00:00,1.579,0.339,7.47
LOC019-U02,2026-01-10T20:30:00+00:00,1.504,0.274,10.65
LOC019-U02,2026-01-10T20:45:00+00:00,1.234,0.343,10.2
LOC019-U02,2026-01-10T21:00:00+00:00,2.576,0.323,7.29
LOC019-U02,2026-01-10T21:15:00+00:00,1.838,0.301,10.46
LOC019-U02,2026-01-10T21:30:00+00:00,2.676,0.378,7.72
LOC019-U02,2026-01-10T21:45:00+00:00,2.843,0.294,7.47
LOC019-U02,2026-01-10T22:00:00+00:00,2.286,0.315,8.86
LOC019-U02,2026-01-10T22:15:00+00:00,1.823,0.324,10.84
LOC019-U02,2026-01-10T22:30:00+00:00,1.348,0.281,8.73
LOC019-U02,2026-01-10T22:45:00+00:00,2.424,0.227,10.6
LOC019-U02,2026-01-10T23:00:00+00:00,1.491,0.226,8.98
LOC019-U02,2026-01-10T23:15:00+00:00,1.418,0.283,8.12
LOC019-U02,2026-01-10T23:30:00+00:00,1.924,0.278,10.51
LOC019-U02,2026-01-10T23:45:00+00:00,2.188,0.232,8.97
LOC019-U02,2026-01-11T00:00:00+00:00,1.614,0.242,9.44
LOC019-U02,2026-01-11T00:15:00+00:00,2.204,0.235,11.47
LOC019-U02,2026-01-11T00:30:00+00:00,1.118,0.373,9.51
LOC019-U02,2026-01-11T00:45:00+00:00,3.004,0.285,8.66
LOC019-U02,2026-01-11T01:00:00+00:00,2.373,0.27,9.12
LOC019-U02,2026-01-11T01:15:00+00:00,2.041,0.263,9.3
LOC019-U02,2026-01-11T01:30:00+00:00,2.943,0.346,10.84
LOC019-U02,2026-01-11T01:45:00+00:00,1.505,0.348,9.67
LOC019-U02,2026-01-11T02:00:00+00:00,2.177,0.242,9.92
LOC019-U02,2026-01-11T02:15:00+00:00,1.926,0.243,7.23
LOC019-U02,2026-01-11T02:30:00+00:00,1.954,0.269,7.33
LOC019-U02,2026-01-11T02:45:00+00:00,1.979,0.266,6.78
LOC019-U02,2026-01-11T03:00:00+00:00,2.03,0.33,9.06
LOC019-U02,2026-01-11T03:15:00+00:00,1.803,0.348,9.75
LOC019-U02,2026-01-11T03:30:00+00:00,2.364,0.374,7.11
LOC019-U02,2026-01-11T03:45:00+00:00,1.868,0.231,10.63
LOC024-U01,2026-01-10T10:00:00+00:00,2.546,0.269,7.0
LOC024-U01,2026-01-10T10:15:00+00:00,2.017,0.345,9.54
LOC024-U01,2026-01-10T10:30:00+00:00,2.379,0.292,9.22
LOC024-U01,2026-01-10T10:45:00+00:00,2.033,0.302,7.84
LOC024-U01,2026-01-10T11:00:00+00:00,2.004,0.239,8.96
LOC024-U01,2026-01-10T11:15:00+00:00,2.324,0.295,7.26
LOC024-U01,2026-01-10T11:30:00+00:00,2.529,0.267,6.69
LOC024-U01,2026-01-10T11:45:00+00:00,1.539,0.318,10.77
LOC024-U01,2026-01-10T12:00:00+00:00,1.616,0.23,7.03
LOC024-U01,2026-01-10T12:15:00+00:00,1.656,0.318,9.64
LOC024-U01,2026-01-10T12:30:00+00:00,2.208,0.234,7.33
LOC024-U01,2026-01-10T12:45:00+00:00,1.785,0.232,10.28
LOC024-U01,2026-01-10T13:00:00+00:00,2.842,0.293,8.67
LOC024-U01,2026-01-10T13:15:00+00:00,1.146,0.228,6.79
LOC024-U01,2026-01-10T13:30:00+00:00,1.837,0.368,8.66
LOC024-U01,2026-01-10T13:45:00+00:00,2.742,0.332,11.28
LOC024-U01,2026-01-10T14:00:00+00:00,1.524,0.303,8.3
LOC024-U01,2026-01-10T14:15:00+00:00,1.69,0.255,10.97
LOC024-U01,2026-01-10T14:30:00+00:00,1.399,0.285,11.19
LOC024-U01,2026-01-10T14:45:00+00:00,2.134,0.244,9.47
LOC024-U01,2026-01-10T15:00:00+00:00,2.452,0.272,10.4
LOC024-U01,2026-01-10T15:15:00+00:00,1.579,0.318,7.6
LOC024-U01,2026-01-10T15:30:00+00:00,1.728,0.262,10.35
LOC024-U01,2026-01-10T15:45:00+00:00,2.208,0.278,9.82
LOC024-U01,2026-01-10T16:00:00+00:00,2.193,0.226,8.06
LOC024-U01,2026-01-10T16:15:00+00:00,2.326,0.378,7.01
LOC024-U01,2026-01-10T16:30:00+00:00,2.059,0.319,8.75
LOC024-U01,2026-01-10T16:45:00+00:00,2.088,0.242,11.44
LOC024-U01,2026-01-10T17:00:00+00:00,2.193,0.358,6.88
LOC024-U01,2026-01-10T17:15:00+00:00,1.09,0.258,11.02
LOC024-U01,2026-01-10T17:30:00+00:00,2.609,0.346,9.4
LOC024-U01,2026-01-10T17:45:00+00:00,2.66,0.358,11.1
LOC024-U01,2026-01-10T18:00:00+00:00,0.96,0.295,10.73
LOC024-U01,2026-01-10T18:15:00+00:00,2.158,0.317,10.99
LOC024-U01,2026-01-10T18:30:00+00:00,3.132,0.248,8.2
LOC024-U01,2026-01-10T18:45:00+00:00,2.022,0.357,11.0
LOC024-U01,2026-01-10T19:00:00+00:00,2.352,0.295,9.18
LOC024-U01,2026-01-10T19:15:00+00:00,2.136,0.291,8.21
LOC024-U01,2026-01-10T19:30:00+00:00,2.18,0.248,8.13
LOC024-U01,2026-01-10T19:45:00+00:00,1.568,0.319,8.35
LOC024-U01,2026-01-10T20:00:00+00:00,1.997,0.264,10.39
LOC024-U01,2026-01-10T20:15:00+00:00,1.969,0.312,7.5
LOC024-U01,2026-01-10T20:30:00+00:00,1.733,0.247,6.67
LOC024-U01,2026-01-10T20:45:00+00:00,2.865,0.291,7.17
LOC024-U01,2026-01-10T21:00:00+00:00,1.945,0.321,7.55
LOC024-U01,2026-01-10T21:15:00+00:00,1.227,0.343,9.24
LOC024-U01,2026-01-10T21:30:00+00:00,2.044,0.33,9.08
LOC024-U01,2026-01-10T21:45:00+00:00,2.218,0.282,9.34
LOC024-U01,2026-01-10T22:00:00+00:00,1.419,0.374,10.65
LOC024-U01,2026-01-10T22:15:00+00:00,1.598,0.25,6.81
LOC024-U01,2026-01-10T22:30:00+00:00,1.898,0.329,8.47
LOC024-U01,2026-01-10T22:45:00+00:00,1.664,0.292,10.85
LOC024-U01,2026-01-10T23:00:00+00:00,1.926,0.305,10.23
LOC024-U01,2026-01-10T23:15:00+00:00,2.325,0.27,9.16
LOC024-U01,2026-01-10T23:30:00+00:00,1.649,0.274,8.27
LOC024-U01,2026-01-10T23:45:00+00:00,2.491,0.348,8.8
LOC024-U01,2026-01-11T00:00:00+00:00,2.021,0.279,8.52
LOC024-U01,2026-01-11T00:15:00+00:00,2.123,0.293,7.27
LOC024-U01,2026-01-11T00:30:00+00:00,1.689,0.292,8.21
LOC024-U01,2026-01-11T00:45:00+00:00,2.175,0.272,7.94
LOC024-U01,2026-01-11T01:00:00+00:00,2.075,0.309,7.99
LOC024-U01,2026-01-11T01:15:00+00:00,1.186,0.363,7.13
LOC024-U01,2026-01-11T01:30:00+00:00,1.646,0.231,6.67
LOC024-U01,2026-01-11T01:45:00+00:00,1.655,0.369,8.17
LOC024-U01,2026-01-11T02:00:00+00:00,1.856,0.326,8.35
LOC024-U01,2026-01-11T02:15:00+00:00,2.094,0.355,10.37
LOC024-U01,2026-01-11T02:30:00+00:00,2.54,0.268,8.77
LOC024-U01,2026-01-11T02:45:00+00:00,2.098,0.361,10.46
LOC024-U01,2026-01-11T03:00:00+00:00,2.168,0.344,7.68
LOC024-U01,2026-01-11T03:15:00+00:00,2.618,0.226,11.11
LOC024-U01,2026-01-11T03:30:00+00:00,2.087,0.321,6.68
LOC024-U01,2026-01-11T03:45:00+00:00,1.954,0.294,7.54
LOC033-U01,2026-01-10T10:00:00+00:00,2.03,0.321,10.13
LOC033-U01,2026-01-10T10:15:00+00:00,3.351,0.315,10.84
LOC033-U01,2026-01-10T10:30:00+00:00,1.288,0.267,9.27
LOC033-U01,2026-01-10T10:45:00+00:00,1.778,0.371,8.43
LOC033-U01,2026-01-10T11:00:00+00:00,2.391,0.312,10.97
LOC033-U01,2026-01-10T11:15:00+00:00,1.485,0.358,8.83
LOC033-U01,2026-01-10T11:30:00+00:00,1.616,0.22,8.04
LOC033-U01,2026-01-10T11:45:00+00:00,3.051,0.306,10.98
LOC033-U01,2026-01-10T12:00:00+00:00,1.731,0.3,10.82
LOC033-U01,2026-01-10T12:15:00+00:00,2.335,0.231,11.24
LOC033-U01,2026-01-10T12:30:00+00:00,1.264,0.245,10.03
LOC033-U01,2026-01-10T12:45:00+00:00,2.458,0.273,7.1
LOC033-U01,2026-01-10T13:00:00+00:00,3.022,0.291,9.66
LOC033-U01,2026-01-10T13:15:00+00:00,2.613,0.263,6.77
LOC033-U01,2026-01-10T13:30:00+00:00,2.123,0.299,9.36
LOC033-U01,2026-01-10T13:45:00+00:00,2.249,0.373,9.59
LOC033-U01,2026-01-10T14:00:00+00:00,2.763,0.246,9.12
LOC033-U01,2026-01-10T14:15:00+00:00,2.891,0.257,11.08
LOC033-U01,2026-01-10T14:30:00+00:00,2.508,0.258,11.28
LOC033-U01,2026-01-10T14:45:00+00:00,1.881,0.275,6.81
LOC033-U01,2026-01-10T15:00:00+00:00,1.556,0.339,9.87
LOC033-U01,2026-01-10T15:15:00+00:00,1.774,0.339,9.83
LOC033-U01,2026-01-10T15:30:00+00:00,1.507,0.245,7.68
LOC033-U01,2026-01-10T15:45:00+00:00,1.4,0.321,9.94
LOC033-U01,2026-01-10T16:00:00+00:00,1.49,0.302,10.5
LOC033-U01,2026-01-10T16:15:00+00:00,2.539,0.372,11.88
LOC033-U01,2026-01-10T16:30:00+00:00,1.738,0.231,9.82
LOC033-U01,2026-01-10T16:45:00+00:00,1.966,0.374,11.23
LOC033-U01,2026-01-10T17:00:00+00:00,1.624,0.231,9.91
LOC033-U01,2026-01-10T17:15:00+00:00,3.114,0.372,8.1
LOC033-U01,2026-01-10T17:30:00+00:00,2.533,0.303,6.95
LOC033-U01,2026-01-10T17:45:00+00:00,1.924,0.257,9.06
LOC033-U01,2026-01-10T18:00:00+00:00,2.426,0.245,8.56
LOC033-U01,2026-01-10T18:15:00+00:00,1.421,0.246,8.37
LOC033-U01,2026-01-10T18:30:00+00:00,2.942,0.269,8.44
LOC033-U01,2026-01-10T18:45:00+00:00,2.041,0.363,10.16
LOC033-U01,2026-01-10T19:00:00+00:00,2.402,0.309,11.05
LOC033-U01,2026-01-10T19:15:00+00:00,1.337,0.361,7.72
LOC033-U01,2026-01-10T19:30:00+00:00,1.31,0.367,7.28
LOC033-U01,2026-01-10T19:45:00+00:00,2.308,0.298,10.36
LOC033-U01,2026-01-10T20:00:00+00:00,2.134,0.337,10.62
LOC033-U01,2026-01-10T20:15:00+00:00,1.934,0.377,8.23
LOC033-U01,2026-01-10T20:30:00+00:00,3.221,0.246,8.58
LOC033-U01,2026-01-10T20:45:00+00:00,1.844,0.333,7.34
LOC033-U01,2026-01-10T21:00:00+00:00,1.709,0.32,8.12
LOC033-U01,2026-01-10T21:15:00+00:00,1.798,0.342,9.39
LOC033-U01,2026-01-10T21:30:00+00:00,1.111,0.309,9.4
LOC033-U01,2026-01-10T21:45:00+00:00,1.967,0.239,7.66
LOC033-U01,2026-01-10T22:00:00+00:00,1.741,0.303,10.65
LOC033-U01,2026-01-10T22:15:00+00:00,1.188,0.322,6.69
LOC033-U01,2026-01-10T22:30:00+00:00,2.093,0.264,10.75
LOC033-U01,2026-01-10T22:45:00+00:00,2.333,0.311,6.74
LOC033-U01,2026-01-10T23:00:00+00:00,2.0,0.356,9.1
LOC033-U01,2026-01-10T23:15:00+00:00,1.987,0.236,9.16
LOC033-U01,2026-01-10T23:30:00+00:00,2.234,0.357,7.46
LOC033-U01,2026-01-10T23:45:00+00:00,2.386,0.308,7.0
LOC033-U01,2026-01-11T00:00:00+00:00,1.858,0.299,10.52
LOC033-U01,2026-01-11T00:15:00+00:00,1.577,0.247,9.15
LOC033-U01,2026-01-11T00:30:00+00:00,3.138,0.239,11.11
LOC033-U01,2026-01-11T00:45:00+00:00,1.702,0.235,8.81
LOC033-U01,2026-01-11T01:00:00+00:00,1.797,0.264,10.99
LOC033-U01,2026-01-11T01:15:00+00:00,2.512,0.228,7.36
LOC033-U01,2026-01-11T01:30:00+00:00,2.055,0.364,7.35
LOC033-U01,2026-01-11T01:45:00+00:00,2.338,0.294,9.46
LOC033-U01,2026-01-11T02:00:00+00:00,2.43,0.285,10.31
LOC033-U01,2026-01-11T02:15:00+00:00,1.805,0.365,10.75
LOC033-U01,2026-01-11T02:30:00+00:00,1.293,0.301,8.36
LOC033-U01,2026-01-11T02:45:00+00:00,2.177,0.234,8.42
LOC033-U01,2026-01-11T03:00:00+00:00,1.909,0.255,11.03
LOC033-U01,2026-01-11T03:15:00+00:00,2.251,0.371,10.36
LOC033-U01,2026-01-11T03:30:00+00:00,1.748,0.321,8.78
LOC033-U01,2026-01-11T03:45:00+00:00,2.404,0.239,9.84
LOC038-U02,2026-01-10T10:00:00+00:00,1.841,0.279,8.24
LOC038-U02,2026-01-10T10:15:00+00:00,2.523,0.251,9.79
LOC038-U02,2026-01-10T10:30:00+00:00,2.188,0.244,6.69
LOC038-U02,2026-01-10T10:45:00+00:00,1.305,0.325,8.83
LOC038-U02,2026-01-10T11:00:00+00:00,2.968,0.358,9.03
LOC038-U02,2026-01-10T11:15:00+00:00,1.696,0.267,10.81
LOC038-U02,2026-01-10T11:30:00+00:00,1.633,0.234,8.51
LOC038-U02,2026-01-10T11:45:00+00:00,2.583,0.221,9.72
LOC038-U02,2026-01-10T12:00:00+00:00,3.641,0.376,11.04
LOC038-U02,2026-01-10T12:15:00+00:00,2.076,0.32,7.52
LOC038-U02,2026-01-10T12:30:00+00:00,2.323,0.285,8.04
LOC038-U02,2026-01-10T12:45:00+00:00,1.981,0.339,11.43
LOC038-U02,2026-01-10T13:00:00+00:00,2.248,0.343,7.22
LOC038-U02,2026-01-10T13:15:00+00:00,2.365,0.231,10.33
LOC038-U02,2026-01-10T13:30:00+00:00,2.675,0.358,11.58
LOC038-U02,2026-01-10T13:45:00+00:00,2.901,0.234,10.72
LOC038-U02,2026-01-10T14:00:00+00:00,1.774,0.252,9.55
LOC038-U02,2026-01-10T14:15:00+00:00,2.532,0.256,8.48
LOC038-U02,2026-01-10T14:30:00+00:00,1.738,0.266,9.57
LOC038-U02,2026-01-10T14:45:00+00:00,1.688,0.247,7.98
LOC038-U02,2026-01-10T15:00:00+00:00,1.405,0.236,10.5
LOC038-U02,2026-01-10T15:15:00+00:00,1.926,0.31,6.77
LOC038-U02,2026-01-10T15:30:00+00:00,1.711,0.227,7.41
LOC038-U02,2026-01-10T15:45:00+00:00,1.918,0.305,9.59
LOC038-U02,2026-01-10T16:00:00+00:00,2.01,0.351,7.15
LOC038-U02,2026-01-10T16:15:00+00:00,1.285,0.257,11.07
LOC038-U02,2026-01-10T16:30:00+00:00,1.913,0.312,9.75
LOC038-U02,2026-01-10T16:45:00+00:00,2.727,0.265,7.66
LOC038-U02,2026-01-10T17:00:00+00:00,2.764,0.262,9.64
LOC038-U02,2026-01-10T17:15:00+00:00,2.064,0.352,7.97
LOC038-U02,2026-01-10T17:30:00+00:00,2.101,0.364,9.46
LOC038-U02,2026-01-10T17:45:00+00:00,1.417,0.346,7.63
LOC038-U02,2026-01-10T18:00:00+00:00,2.68,0.249,8.27
LOC038-U02,2026-01-10T18:15:00+00:00,2.417,0.256,10.49
LOC038-U02,2026-01-10T18:30:00+00:00,1.829,0.279,10.81
LOC038-U02,2026-01-10T18:45:00+00:00,2.955,0.37,10.29
LOC038-U02,2026-01-10T19:00:00+00:00,2.486,0.261,7.96
LOC038-U02,2026-01-10T19:15:00+00:00,2.285,0.284,7.17
LOC038-U02,2026-01-10T19:30:00+00:00,1.549,0.252,10.06
LOC038-U02,2026-01-10T19:45:00+00:00,1.904,0.322,7.14
LOC038-U02,2026-01-10T20:00:00+00:00,2.379,0.292,8.18
LOC038-U02,2026-01-10T20:15:00+00:00,2.291,0.362,10.45
LOC038-U02,2026-01-10T20:30:00+00:00,2.334,0.354,10.38
LOC038-U02,2026-01-10T20:45:00+00:00,1.655,0.281,7.7
LOC038-U02,2026-01-10T21:00:00+00:00,2.148,0.284,9.41
LOC038-U02,2026-01-10T21:15:00+00:00,2.669,0.245,9.15
LOC038-U02,2026-01-10T21:30:00+00:00,1.754,0.32,9.71
LOC038-U02,2026-01-10T21:45:00+00:00,1.73,0.271,7.33
LOC038-U02,2026-01-10T22:00:00+00:00,1.844,0.325,9.11
LOC038-U02,2026-01-10T22:15:00+00:00,1.748,0.253,7.27
LOC038-U02,2026-01-10T22:30:00+00:00,2.179,0.38,11.59
LOC038-U02,2026-01-10T22:45:00+00:00,1.241,0.268,8.52
LOC038-U02,2026-01-10T23:00:00+00:00,2.286,0.311,10.68
LOC038-U02,2026-01-10T23:15:00+00:00,2.774,0.325,11.29
LOC038-U02,2026-01-10T23:30:00+00:00,1.853,0.248,8.37
LOC038-U02,2026-01-10T23:45:00+00:00,2.048,0.241,7.64
LOC038-U02,2026-01-11T00:00:00+00:00,2.391,0.262,7.54
LOC038-U02,2026-01-11T00:15:00+00:00,1.865,0.367,10.05
LOC038-U02,2026-01-11T00:30:00+00:00,2.106,0.319,7.53
LOC038-U02,2026-01-11T00:45:00+00:00,2.741,0.246,11.17
LOC038-U02,2026-01-11T01:00:00+00:00,2.007,0.28,7.76
LOC038-U02,2026-01-11T01:15:00+00:00,2.581,0.359,11.35
LOC038-U02,2026-01-11T01:30:00+00:00,1.772,0.243,7.78
LOC038-U02,2026-01-11T01:45:00+00:00,3.194,0.233,9.9
LOC038-U02,2026-01-11T02:00:00+00:00,1.516,0.284,11.0
LOC038-U02,2026-01-11T02:15:00+00:00,2.604,0.325,8.55
LOC038-U02,2026-01-11T02:30:00+00:00,2.193,0.361,8.51
LOC038-U02,2026-01-11T02:45:00+00:00,2.85,0.231,6.81
LOC038-U02,2026-01-11T03:00:00+00:00,1.895,0.366,10.77
LOC038-U02,2026-01-11T03:15:00+00:00,1.901,0.31,10.59
LOC038-U02,2026-01-11T03:30:00+00:00,2.95,0.241,11.26
LOC038-U02,2026-01-11T03:45:00+00:00,1.731,0.302,7.76
LOC027-U02,2026-01-10T10:00:00+00:00,2.236,0.233,8.91
LOC027-U02,2026-01-10T10:15:00+00:00,2.296,0.261,10.24
LOC027-U02,2026-01-10T10:30:00+00:00,2.802,0.331,9.16
LOC027-U02,2026-01-10T10:45:00+00:00,2.216,0.354,10.6
LOC027-U02,2026-01-10T11:00:00+00:00,1.701,0.237,10.7
LOC027-U02,2026-01-10T11:15:00+00:00,2.837,0.299,11.06
LOC027-U02,2026-01-10T11:30:00+00:00,2.611,0.264,8.3
LOC027-U02,2026-01-10T11:45:00+00:00,1.916,0.244,11.2
LOC027-U02,2026-01-10T12:00:00+00:00,2.517,0.244,8.87
LOC027-U02,2026-01-10T12:15:00+00:00,1.292,0.295,8.25
LOC027-U02,2026-01-10T12:30:00+00:00,2.337,0.246,10.74
LOC027-U02,2026-01-10T12:45:00+00:00,2.386,0.344,7.71
LOC027-U02,2026-01-10T13:00:00+00:00,1.418,0.338,8.7
LOC027-U02,2026-01-10T13:15:00+00:00,1.795,0.343,8.97
LOC027-U02,2026-01-10T13:30:00+00:00,2.285,0.34,7.72
LOC027-U02,2026-01-10T13:45:00+00:00,1.586,0.232,11.22
LOC027-U02,2026-01-10T14:00:00+00:00,1.972,0.359,10.7
LOC027-U02,2026-01-10T14:15:00+00:00,2.646,0.309,6.89
LOC027-U02,2026-01-10T14:30:00+00:00,2.442,0.247,7.54
LOC027-U02,2026-01-10T14:45:00+00:00,2.298,0.239,9.98
LOC027-U02,2026-01-10T15:00:00+00:00,2.109,0.329,6.81
LOC027-U02,2026-01-10T15:15:00+00:00,2.85,0.34,7.95
LOC027-U02,2026-01-10T15:30:00+00:00,2.043,0.299,10.48
LOC027-U02,2026-01-10T15:45:00+00:00,1.404,0.24,10.26
LOC027-U02,2026-01-10T16:00:00+00:00,1.666,0.344,7.57
LOC027-U02,2026-01-10T16:15:00+00:00,1.898,0.378,10.75
LOC027-U02,2026-01-10T16:30:00+00:00,1.629,0.301,10.84
LOC027-U02,2026-01-10T16:45:00+00:00,1.605,0.302,7.2
LOC027-U02,2026-01-10T17:00:00+00:00,1.884,0.305,8.43
LOC027-U02,2026-01-10T17:15:00+00:00,2.819,0.361,9.5
LOC027-U02,2026-01-10T17:30:00+00:00,2.49,0.279,6.72
LOC027-U02,2026-01-10T17:45:00+00:00,1.635,0.335,8.8
LOC027-U02,2026-01-10T18:00:00+00:00,2.538,0.263,11.06
LOC027-U02,2026-01-10T18:15:00+00:00,1.979,0.356,8.25
LOC027-U02,2026-01-10T18:30:00+00:00,1.584,0.343,6.84
LOC027-U02,2026-01-10T18:45:00+00:00,2.046,0.235,6.86
LOC027-U02,2026-01-10T19:00:00+00:00,1.977,0.379,10.19
LOC027-U02,2026-01-10T19:15:00+00:00,1.849,0.361,9.83
LOC027-U02,2026-01-10T19:30:00+00:00,1.682,0.25,6.77
LOC027-U02,2026-01-10T19:45:00+00:00,2.013,0.308,10.77
LOC027-U02,2026-01-10T20:00:00+00:00,2.381,0.323,8.95
LOC027-U02,2026-01-10T20:15:00+00:00,2.171,0.366,9.03
LOC027-U02,2026-01-10T20:30:00+00:00,3.031,0.242,10.55
LOC027-U02,2026-01-10T20:45:00+00:00,2.283,0.378,10.52
LOC027-U02,2026-01-10T21:00:00+00:00,3.023,0.337,10.46
LOC027-U02,2026-01-10T21:15:00+00:00,2.182,0.366,7.0
LOC027-U02,2026-01-10T21:30:00+00:00,2.589,0.317,9.73
LOC027-U02,2026-01-10T21:45:00+00:00,1.672,0.243,7.53
LOC027-U02,2026-01-10T22:00:00+00:00,2.028,0.277,9.68
LOC027-U02,2026-01-10T22:15:00+00:00,1.665,0.302,6.85
LOC027-U02,2026-01-10T22:30:00+00:00,1.437,0.313,9.38
LOC027-U02,2026-01-10T22:45:00+00:00,1.131,0.256,8.67
LOC027-U02,2026-01-10T23:00:00+00:00,2.001,0.374,7.67
LOC027-U02,2026-01-10T23:15:00+00:00,2.337,0.254,7.16
LOC027-U02,2026-01-10T23:30:00+00:00,2.192,0.284,10.94
LOC027-U02,2026-01-10T23:45:00+00:00,2.977,0.231,10.94
LOC027-U02,2026-01-11T00:00:00+00:00,2.076,0.365,9.06
LOC027-U02,2026-01-11T00:15:00+00:00,1.187,0.226,8.85
LOC027-U02,2026-01-11T00:30:00+00:00,2.221,0.223,8.07
LOC027-U02,2026-01-11T00:45:00+00:00,2.755,0.24,9.96
LOC027-U02,2026-01-11T01:00:00+00:00,2.354,0.235,10.55
LOC027-U02,2026-01-11T01:15:00+00:00,2.543,0.279,10.14
LOC027-U02,2026-01-11T01:30:00+00:00,1.714,0.371,9.25
LOC027-U02,2026-01-11T01:45:00+00:00,3.61,0.363,11.39
LOC027-U02,2026-01-11T02:00:00+00:00,3.101,0.22,10.49
LOC027-U02,2026-01-11T02:15:00+00:00,1.875,0.367,11.28
LOC027-U02,2026-01-11T02:30:00+00:00,1.152,0.33,7.76
LOC027-U02,2026-01-11T02:45:00+00:00,1.847,0.347,10.91
LOC027-U02,2026-01-11T03:00:00+00:00,1.984,0.379,9.3
LOC027-U02,2026-01-11T03:15:00+00:00,2.357,0.358,10.66
LOC027-U02,2026-01-11T03:30:00+00:00,3.051,0.334,7.21
LOC027-U02,2026-01-11T03:45:00+00:00,2.443,0.292,10.28
LOC003-U02,2026-01-10T10:00:00+00:00,1.466,0.252,7.92
LOC003-U02,2026-01-10T10:15:00+00:00,2.681,0.335,7.08
LOC003-U02,2026-01-10T10:30:00+00:00,2.705,0.222,9.64
LOC003-U02,2026-01-10T10:45:00+00:00,2.159,0.355,8.58
LOC003-U02,2026-01-10T11:00:00+00:00,2.083,0.246,11.23
LOC003-U02,2026-01-10T11:15:00+00:00,1.837,0.257,8.31
LOC003-U02,2026-01-10T11:30:00+00:00,2.129,0.301,9.17
LOC003-U02,2026-01-10T11:45:00+00:00,2.594,0.35,9.33
LOC003-U02,2026-01-10T12:00:00+00:00,2.514,0.342,6.96
LOC003-U02,2026-01-10T12:15:00+00:00,1.795,0.22,9.91
LOC003-U02,2026-01-10T12:30:00+00:00,2.211,0.357,8.87
LOC003-U02,2026-01-10T12:45:00+00:00,2.803,0.299,11.62
LOC003-U02,2026-01-10T13:00:00+00:00,1.344,0.246,9.3
LOC003-U02,2026-01-10T13:15:00+00:00,2.01,0.313,7.98
LOC003-U02,2026-01-10T13:30:00+00:00,2.099,0.285,10.45
LOC003-U02,2026-01-10T13:45:00+00:00,2.006,0.331,6.71
LOC003-U02,2026-01-10T14:00:00+00:00,0.708,0.249,9.33
LOC003-U02,2026-01-10T14:15:00+00:00,2.491,0.258,11.14
LOC003-U02,2026-01-10T14:30:00+00:00,1.792,0.227,11.13
LOC003-U02,2026-01-10T14:45:00+00:00,2.679,0.284,10.41
LOC003-U02,2026-01-10T15:00:00+00:00,1.574,0.33,9.66
LOC003-U02,2026-01-10T15:15:00+00:00,2.527,0.351,11.34
LOC003-U02,2026-01-10T15:30:00+00:00,1.921,0.28,8.55
LOC003-U02,2026-01-10T15:45:00+00:00,2.333,0.3,10.67
LOC003-U02,2026-01-10T16:00:00+00:00,2.494,0.374,9.0
LOC003-U02,2026-01-10T16:15:00+00:00,2.204,0.269,8.23
LOC003-U02,2026-01-10T16:30:00+00:00,2.404,0.368,10.61
LOC003-U02,2026-01-10T16:45:00+00:00,1.648,0.301,8.42
LOC003-U02,2026-01-10T17:00:00+00:00,2.12,0.371,7.62
LOC003-U02,2026-01-10T17:15:00+00:00,2.305,0.378,10.56
LOC003-U02,2026-01-10T17:30:00+00:00,1.925,0.234,10.28
LOC003-U02,2026-01-10T17:45:00+00:00,2.124,0.253,6.93
LOC003-U02,2026-01-10T18:00:00+00:00,0.857,0.255,10.18
LOC003-U02,2026-01-10T18:15:00+00:00,1.524,0.331,11.35
LOC003-U02,2026-01-10T18:30:00+00:00,2.107,0.245,7.54
LOC003-U02,2026-01-10T18:45:00+00:00,1.091,0.327,7.29
LOC003-U02,2026-01-10T19:00:00+00:00,1.612,0.243,7.68
LOC003-U02,2026-01-10T19:15:00+00:00,2.406,0.32,10.4
LOC003-U02,2026-01-10T19:30:00+00:00,2.473,0.239,10.69
LOC003-U02,2026-01-10T19:45:00+00:00,1.892,0.374,8.47
LOC003-U02,2026-01-10T20:00:00+00:00,2.562,0.28,10.7
LOC003-U02,2026-01-10T20:15:00+00:00,1.655,0.366,8.88
LOC003-U02,2026-01-10T20:30:00+00:00,1.878,0.24,10.11
LOC003-U02,2026-01-10T20:45:00+00:00,2.178,0.23,11.21
LOC003-U02,2026-01-10T21:00:00+00:00,1.287,0.286,7.47
LOC003-U02,2026-01-10T21:15:00+00:00,1.948,0.31,10.12
LOC003-U02,2026-01-10T21:30:00+00:00,2.233,0.301,7.5
LOC003-U02,2026-01-10T21:45:00+00:00,2.605,0.298,11.03
LOC003-U02,2026-01-10T22:00:00+00:00,1.814,0.301,8.78
LOC003-U02,2026-01-10T22:15:00+00:00,1.875,0.247,11.22
LOC003-U02,2026-01-10T22:30:00+00:00,1.678,0.36,7.96
LOC003-U02,2026-01-10T22:45:00+00:00,2.175,0.348,7.29
LOC003-U02,2026-01-10T23:00:00+00:00,2.1,0.242,10.74
LOC003-U02,2026-01-10T23:15:00+00:00,2.423,0.363,9.61
LOC003-U02,2026-01-10T23:30:00+00:00,1.265,0.241,8.15
LOC003-U02,2026-01-10T23:45:00+00:00,2.415,0.368,10.52
LOC003-U02,2026-01-11T00:00:00+00:00,2.642,0.273,7.31
LOC003-U02,2026-01-11T00:15:00+00:00,1.887,0.338,8.98
LOC003-U02,2026-01-11T00:30:00+00:00,1.735,0.314,10.41
LOC003-U02,2026-01-11T00:45:00+00:00,2.193,0.261,9.02
LOC003-U02,2026-01-11T01:00:00+00:00,1.547,0.373,11.17
LOC003-U02,2026-01-11T01:15:00+00:00,2.587,0.25,8.6
LOC003-U02,2026-01-11T01:30:00+00:00,2.267,0.263,10.0
LOC003-U02,2026-01-11T01:45:00+00:00,1.852,0.222,10.82
LOC003-U02,2026-01-11T02:00:00+00:00,2.815,0.247,10.46
LOC003-U02,2026-01-11T02:15:00+00:00,2.839,0.315,11.72
LOC003-U02,2026-01-11T02:30:00+00:00,3.316,0.26,8.85
LOC003-U02,2026-01-11T02:45:00+00:00,1.909,0.285,7.16
LOC003-U02,2026-01-11T03:00:00+00:00,1.76,0.359,10.99
LOC003-U02,2026-01-11T03:15:00+00:00,2.065,0.337,11.06
LOC003-U02,2026-01-11T03:30:00+00:00,2.645,0.237,8.1
LOC003-U02,2026-01-11T03:45:00+00:00,2.316,0.324,7.41
LOC036-U01,2026-01-10T10:00:00+00:00,2.476,0.327,11.56
LOC036-U01,2026-01-10T10:15:00+00:00,1.622,0.345,8.94
LOC036-U01,2026-01-10T10:30:00+00:00,1.702,0.238,9.05
LOC036-U01,2026-01-10T10:45:00+00:00,1.664,0.341,10.23
LOC036-U01,2026-01-10T11:00:00+00:00,2.781,0.35,10.94
LOC036-U01,2026-01-10T11:15:00+00:00,1.782,0.32,6.91
LOC036-U01,2026-01-10T11:30:00+00:00,1.417,0.254,10.64
LOC036-U01,2026-01-10T11:45:00+00:00,1.267,0.374,10.46
LOC036-U01,2026-01-10T12:00:00+00:00,2.125,0.279,10.83
LOC036-U01,2026-01-10T12:15:00+00:00,2.382,0.285,8.29
LOC036-U01,2026-01-10T12:30:00+00:00,2.452,0.311,11.55
LOC036-U01,2026-01-10T12:45:00+00:00,2.361,0.237,7.28
LOC036-U01,2026-01-10T13:00:00+00:00,2.102,0.245,7.49
LOC036-U01,2026-01-10T13:15:00+00:00,1.51,0.337,7.82
LOC036-U01,2026-01-10T13:30:00+00:00,2.025,0.32,7.33
LOC036-U01,2026-01-10T13:45:00+00:00,1.762,0.297,11.25
LOC036-U01,2026-01-10T14:00:00+00:00,1.951,0.316,10.31
LOC036-U01,2026-01-10T14:15:00+00:00,2.23,0.349,9.75
LOC036-U01,2026-01-10T14:30:00+00:00,1.796,0.238,6.83
LOC036-U01,2026-01-10T14:45:00+00:00,2.072,0.249,6.84
LOC036-U01,2026-01-10T15:00:00+00:00,1.433,0.328,7.91
LOC036-U01,2026-01-10T15:15:00+00:00,1.761,0.29,7.0
LOC036-U01,2026-01-10T15:30:00+00:00,2.119,0.27,8.24
LOC036-U01,2026-01-10T15:45:00+00:00,2.172,0.375,9.05
LOC036-U01,2026-01-10T16:00:00+00:00,1.778,0.25,9.8
LOC036-U01,2026-01-10T16:15:00+00:00,2.504,0.375,9.02
LOC036-U01,2026-01-10T16:30:00+00:00,3.151,0.236,10.57
LOC036-U01,2026-01-10T16:45:00+00:00,1.917,0.354,11.23
LOC036-U01,2026-01-10T17:00:00+00:00,1.537,0.336,8.75
LOC036-U01,2026-01-10T17:15:00+00:00,2.587,0.348,8.23
LOC036-U01,2026-01-10T17:30:00+00:00,2.565,0.328,10.87
LOC036-U01,2026-01-10T17:45:00+00:00,1.792,0.356,10.66
LOC036-U01,2026-01-10T18:00:00+00:00,2.582,0.233,9.27
LOC036-U01,2026-01-10T18:15:00+00:00,3.29,0.38,11.96
LOC036-U01,2026-01-10T18:30:00+00:00,1.74,0.344,9.17
LOC036-U01,2026-01-10T18:45:00+00:00,2.619,0.233,10.7
LOC036-U01,2026-01-10T19:00:00+00:00,1.832,0.375,9.4
LOC036-U01,2026-01-10T19:15:00+00:00,2.023,0.263,10.9
LOC036-U01,2026-01-10T19:30:00+00:00,1.931,0.311,9.83
LOC036-U01,2026-01-10T19:45:00+00:00,1.577,0.355,7.73
LOC036-U01,2026-01-10T20:00:00+00:00,2.154,0.237,8.08
LOC036-U01,2026-01-10T20:15:00+00:00,2.516,0.343,11.05
LOC036-U01,2026-01-10T20:30:00+00:00,2.09,0.379,11.43
LOC036-U01,2026-01-10T20:45:00+00:00,2.404,0.314,10.26
LOC036-U01,2026-01-10T21:00:00+00:00,2.388,0.315,8.19
LOC036-U01,2026-01-10T21:15:00+00:00,2.927,0.221,8.04
LOC036-U01,2026-01-10T21:30:00+00:00,2.742,0.372,9.42
LOC036-U01,2026-01-10T21:45:00+00:00,1.837,0.237,8.88
LOC036-U01,2026-01-10T22:00:00+00:00,1.77,0.248,9.55
LOC036-U01,2026-01-10T22:15:00+00:00,1.412,0.343,8.43
LOC036-U01,2026-01-10T22:30:00+00:00,2.317,0.315,7.98
LOC036-U01,2026-01-10T22:45:00+00:00,2.923,0.3,8.83
LOC036-U01,2026-01-10T23:00:00+00:00,1.452,0.345,10.82
LOC036-U01,2026-01-10T23:15:00+00:00,1.397,0.246,8.92
LOC036-U01,2026-01-10T23:30:00+00:00,2.697,0.315,10.74
LOC036-U01,2026-01-10T23:45:00+00:00,2.245,0.3,8.48
LOC036-U01,2026-01-11T00:00:00+00:00,2.663,0.283,10.57
LOC036-U01,2026-01-11T00:15:00+00:00,2.159,0.254,6.81
LOC036-U01,2026-01-11T00:30:00+00:00,1.621,0.231,7.05
LOC036-U01,2026-01-11T00:45:00+00:00,2.466,0.302,7.22
LOC036-U01,2026-01-11T01:00:00+00:00,1.693,0.254,11.39
LOC036-U01,2026-01-11T01:15:00+00:00,2.745,0.329,11.15
LOC036-U01,2026-01-11T01:30:00+00:00,2.381,0.26,9.42
LOC036-U01,2026-01-11T01:45:00+00:00,1.761,0.266,10.09
LOC036-U01,2026-01-11T02:00:00+00:00,3.002,0.362,10.44
LOC036-U01,2026-01-11T02:15:00+00:00,1.64,0.296,9.58
LOC036-U01,2026-01-11T02:30:00+00:00,2.037,0.345,10.92
LOC036-U01,2026-01-11T02:45:00+00:00,2.641,0.272,11.53
LOC036-U01,2026-01-11T03:00:00+00:00,1.534,0.309,6.48
LOC036-U01,2026-01-11T03:15:00+00:00,2.262,0.344,10.84
LOC036-U01,2026-01-11T03:30:00+00:00,1.953,0.256,11.12
LOC036-U01,2026-01-11T03:45:00+00:00,1.772,0.239,10.44
LOC035-U01,2026-01-10T10:00:00+00:00,1.845,0.377,7.03
LOC035-U01,2026-01-10T10:15:00+00:00,2.036,0.349,8.41
LOC035-U01,2026-01-10T10:30:00+00:00,2.638,0.338,11.6
LOC035-U01,2026-01-10T10:45:00+00:00,2.847,0.33,8.84
LOC035-U01,2026-01-10T11:00:00+00:00,1.768,0.223,6.74
LOC035-U01,2026-01-10T11:15:00+00:00,2.502,0.308,11.53
LOC035-U01,2026-01-10T11:30:00+00:00,2.135,0.328,8.15
LOC035-U01,2026-01-10T11:45:00+00:00,1.869,0.285,7.98
LOC035-U01,2026-01-10T12:00:00+00:00,2.886,0.248,10.63
LOC035-U01,2026-01-10T12:15:00+00:00,1.763,0.25,7.11
LOC035-U01,2026-01-10T12:30:00+00:00,2.777,0.257,7.68
LOC035-U01,2026-01-10T12:45:00+00:00,1.499,0.232,6.35
LOC035-U01,2026-01-10T13:00:00+00:00,1.89,0.301,8.69
LOC035-U01,2026-01-10T13:15:00+00:00,2.641,0.237,6.65
LOC035-U01,2026-01-10T13:30:00+00:00,1.566,0.337,9.84
LOC035-U01,2026-01-10T13:45:00+00:00,1.959,0.336,6.72
LOC035-U01,2026-01-10T14:00:00+00:00,1.768,0.326,8.89
LOC035-U01,2026-01-10T14:15:00+00:00,1.845,0.337,7.17
LOC035-U01,2026-01-10T14:30:00+00:00,2.952,0.359,10.22
LOC035-U01,2026-01-10T14:45:00+00:00,2.548,0.367,9.83
LOC035-U01,2026-01-10T15:00:00+00:00,2.154,0.376,11.32
LOC035-U01,2026-01-10T15:15:00+00:00,1.615,0.236,7.59
LOC035-U01,2026-01-10T15:30:00+00:00,2.067,0.233,10.25
LOC035-U01,2026-01-10T15:45:00+00:00,1.235,0.347,6.89
LOC035-U01,2026-01-10T16:00:00+00:00,1.835,0.314,6.81
LOC035-U01,2026-01-10T16:15:00+00:00,1.663,0.234,7.12
LOC035-U01,2026-01-10T16:30:00+00:00,1.99,0.23,7.98
LOC035-U01,2026-01-10T16:45:00+00:00,2.5,0.352,10.02
LOC035-U01,2026-01-10T17:00:00+00:00,1.711,0.32,9.26
LOC035-U01,2026-01-10T17:15:00+00:00,1.631,0.31,10.86
LOC035-U01,2026-01-10T17:30:00+00:00,1.884,0.305,7.53
LOC035-U01,2026-01-10T17:45:00+00:00,1.828,0.224,10.45
LOC035-U01,2026-01-10T18:00:00+00:00,2.198,0.236,10.91
LOC035-U01,2026-01-10T18:15:00+00:00,0.774,0.338,7.83
LOC035-U01,2026-01-10T18:30:00+00:00,2.013,0.26,7.28
LOC035-U01,2026-01-10T18:45:00+00:00,1.419,0.258,8.73
LOC035-U01,2026-01-10T19:00:00+00:00,2.118,0.238,9.35
LOC035-U01,2026-01-10T19:15:00+00:00,1.432,0.236,6.99
LOC035-U01,2026-01-10T19:30:00+00:00,1.031,0.354,11.23
LOC035-U01,2026-01-10T19:45:00+00:00,2.176,0.257,10.57
LOC035-U01,2026-01-10T20:00:00+00:00,1.166,0.232,10.5
LOC035-U01,2026-01-10T20:15:00+00:00,2.023,0.262,7.02
LOC035-U01,2026-01-10T20:30:00+00:00,2.278,0.221,10.04
LOC035-U01,2026-01-10T20:45:00+00:00,2.247,0.311,8.11
LOC035-U01,2026-01-10T21:00:00+00:00,0.935,0.243,6.88
LOC035-U01,2026-01-10T21:15:00+00:00,1.868,0.307,9.89
LOC035-U01,2026-01-10T21:30:00+00:00,2.795,0.368,7.16
LOC035-U01,2026-01-10T21:45:00+00:00,2.681,0.277,9.16
LOC035-U01,2026-01-10T22:00:00+00:00,2.044,0.255,8.08
LOC035-U01,2026-01-10T22:15:00+00:00,2.813,0.26,9.25
LOC035-U01,2026-01-10T22:30:00+00:00,1.528,0.354,10.81
LOC035-U01,2026-01-10T22:45:00+00:00,2.373,0.253,7.41
LOC035-U01,2026-01-10T23:00:00+00:00,1.851,0.232,9.29
LOC035-U01,2026-01-10T23:15:00+00:00,2.558,0.241,8.86
LOC035-U01,2026-01-10T23:30:00+00:00,2.235,0.35,10.17
LOC035-U01,2026-01-10T23:45:00+00:00,2.113,0.244,9.26
LOC035-U01,2026-01-11T00:00:00+00:00,1.772,0.342,7.26
LOC035-U01,2026-01-11T00:15:00+00:00,1.018,0.239,10.61
LOC035-U01,2026-01-11T00:30:00+00:00,2.554,0.295,10.76
LOC035-U01,2026-01-11T00:45:00+00:00,2.381,0.227,7.13
LOC035-U01,2026-01-11T01:00:00+00:00,2.601,0.24,8.82
LOC035-U01,2026-01-11T01:15:00+00:00,2.354,0.31,6.93
LOC035-U01,2026-01-11T01:30:00+00:00,2.747,0.329,8.87
LOC035-U01,2026-01-11T01:45:00+00:00,1.895,0.355,7.35
LOC035-U01,2026-01-11T02:00:00+00:00,3.096,0.267,8.01
LOC035-U01,2026-01-11T02:15:00+00:00,1.852,0.228,7.37
LOC035-U01,2026-01-11T02:30:00+00:00,1.892,0.241,6.81
LOC035-U01,2026-01-11T02:45:00+00:00,1.774,0.318,11.13
LOC035-U01,2026-01-11T03:00:00+00:00,2.807,0.284,10.63
LOC035-U01,2026-01-11T03:15:00+00:00,1.71,0.311,8.5
LOC035-U01,2026-01-11T03:30:00+00:00,3.255,0.291,7.44
LOC035-U01,2026-01-11T03:45:00+00:00,1.767,0.257,6.49
LOC001-U01,2026-01-10T10:00:00+00:00,2.266,0.345,8.55
LOC001-U01,2026-01-10T10:15:00+00:00,3.25,0.301,9.9
LOC001-U01,2026-01-10T10:30:00+00:00,1.721,0.297,11.42
LOC001-U01,2026-01-10T10:45:00+00:00,1.697,0.356,8.39
LOC001-U01,2026-01-10T11:00:00+00:00,2.789,0.304,11.48
LOC001-U01,2026-01-10T11:15:00+00:00,2.442,0.289,10.21
LOC001-U01,2026-01-10T11:30:00+00:00,1.946,0.291,8.75
LOC001-U01,2026-01-10T11:45:00+00:00,2.002,0.345,10.17
LOC001-U01,2026-01-10T12:00:00+00:00,2.002,0.334,10.13
LOC001-U01,2026-01-10T12:15:00+00:00,2.831,0.379,8.01
LOC001-U01,2026-01-10T12:30:00+00:00,2.515,0.236,10.97
LOC001-U01,2026-01-10T12:45:00+00:00,2.148,0.366,9.52
LOC001-U01,2026-01-10T13:00:00+00:00,2.918,0.25,7.66
LOC001-U01,2026-01-10T13:15:00+00:00,1.97,0.27,9.71
LOC001-U01,2026-01-10T13:30:00+00:00,1.524,0.332,9.36
LOC001-U01,2026-01-10T13:45:00+00:00,1.505,0.368,8.0
LOC001-U01,2026-01-10T14:00:00+00:00,3.311,0.324,9.74
LOC001-U01,2026-01-10T14:15:00+00:00,2.042,0.299,8.39
LOC001-U01,2026-01-10T14:30:00+00:00,1.805,0.29,8.85
LOC001-U01,2026-01-10T14:45:00+00:00,2.14,0.337,7.31
LOC001-U01,2026-01-10T15:00:00+00:00,2.53,0.372,9.05
LOC001-U01,2026-01-10T15:15:00+00:00,2.308,0.269,9.2
LOC001-U01,2026-01-10T15:30:00+00:00,1.499,0.332,7.14
LOC001-U01,2026-01-10T15:45:00+00:00,2.447,0.375,8.94
LOC001-U01,2026-01-10T16:00:00+00:00,2.346,0.259,8.1
LOC001-U01,2026-01-10T16:15:00+00:00,2.463,0.244,6.9
LOC001-U01,2026-01-10T16:30:00+00:00,2.481,0.271,10.18
LOC001-U01,2026-01-10T16:45:00+00:00,1.447,0.298,6.91
LOC001-U01,2026-01-10T17:00:00+00:00,1.963,0.224,8.69
LOC001-U01,2026-01-10T17:15:00+00:00,1.916,0.263,9.62
LOC001-U01,2026-01-10T17:30:00+00:00,2.373,0.339,7.55
LOC001-U01,2026-01-10T17:45:00+00:00,2.493,0.232,9.67
LOC001-U01,2026-01-10T18:00:00+00:00,2.16,0.293,11.28
LOC001-U01,2026-01-10T18:15:00+00:00,1.873,0.221,10.21
LOC001-U01,2026-01-10T18:30:00+00:00,1.893,0.361,7.61
LOC001-U01,2026-01-10T18:45:00+00:00,1.627,0.246,9.28
LOC001-U01,2026-01-10T19:00:00+00:00,1.789,0.284,11.12
LOC001-U01,2026-01-10T19:15:00+00:00,1.581,0.261,9.77
LOC001-U01,2026-01-10T19:30:00+00:00,2.06,0.279,11.35
LOC001-U01,2026-01-10T19:45:00+00:00,2.793,0.275,8.27
LOC001-U01,2026-01-10T20:00:00+00:00,2.532,0.303,7.78
LOC001-U01,2026-01-10T20:15:00+00:00,2.49,0.372,9.5
LOC001-U01,2026-01-10T20:30:00+00:00,1.574,0.3,6.95
LOC001-U01,2026-01-10T20:45:00+00:00,1.853,0.313,11.54
LOC001-U01,2026-01-10T21:00:00+00:00,2.338,0.328,7.85
LOC001-U01,2026-01-10T21:15:00+00:00,0.668,0.241,9.33
LOC001-U01,2026-01-10T21:30:00+00:00,2.133,0.281,8.34
LOC001-U01,2026-01-10T21:45:00+00:00,3.189,0.236,7.24
LOC001-U01,2026-01-10T22:00:00+00:00,3.078,0.351,7.5
LOC001-U01,2026-01-10T22:15:00+00:00,1.604,0.317,9.38
LOC001-U01,2026-01-10T22:30:00+00:00,1.831,0.258,6.87
LOC001-U01,2026-01-10T22:45:00+00:00,2.1,0.227,8.34
LOC001-U01,2026-01-10T23:00:00+00:00,2.106,0.363,10.74
LOC001-U01,2026-01-10T23:15:00+00:00,1.643,0.368,9.99
LOC001-U01,2026-01-10T23:30:00+00:00,1.624,0.362,9.79
LOC001-U01,2026-01-10T23:45:00+00:00,1.996,0.327,10.44
LOC001-U01,2026-01-11T00:00:00+00:00,2.711,0.297,8.53
LOC001-U01,2026-01-11T00:15:00+00:00,2.62,0.296,10.77
LOC001-U01,2026-01-11T00:30:00+00:00,1.988,0.288,10.59
LOC001-U01,2026-01-11T00:45:00+00:00,1.718,0.31,11.1
LOC001-U01,2026-01-11T01:00:00+00:00,2.253,0.256,6.92
LOC001-U01,2026-01-11T01:15:00+00:00,2.038,0.329,8.75
LOC001-U01,2026-01-11T01:30:00+00:00,1.614,0.273,7.21
LOC001-U01,2026-01-11T01:45:00+00:00,2.854,0.295,7.83
LOC001-U01,2026-01-11T02:00:00+00:00,1.899,0.335,9.56
LOC001-U01,2026-01-11T02:15:00+00:00,2.574,0.257,6.87
LOC001-U01,2026-01-11T02:30:00+00:00,2.457,0.311,8.16
LOC001-U01,2026-01-11T02:45:00+00:00,2.567,0.285,10.83
LOC001-U01,2026-01-11T03:00:00+00:00,2.216,0.353,10.86
LOC001-U01,2026-01-11T03:15:00+00:00,2.045,0.317,11.43
LOC001-U01,2026-01-11T03:30:00+00:00,1.913,0.361,11.55
LOC001-U01,2026-01-11T03:45:00+00:00,1.574,0.278,11.01
LOC017-U02,2026-01-10T10:00:00+00:00,2.657,0.351,9.4
LOC017-U02,2026-01-10T10:15:00+00:00,1.622,0.347,9.09
LOC017-U02,2026-01-10T10:30:00+00:00,1.826,0.304,9.89
LOC017-U02,2026-01-10T10:45:00+00:00,3.076,0.268,11.63
LOC017-U02,2026-01-10T11:00:00+00:00,2.599,0.264,6.98
LOC017-U02,2026-01-10T11:15:00+00:00,1.479,0.287,11.21
LOC017-U02,2026-01-10T11:30:00+00:00,1.701,0.275,6.73
LOC017-U02,2026-01-10T11:45:00+00:00,2.557,0.287,9.04
LOC017-U02,2026-01-10T12:00:00+00:00,2.659,0.287,11.13
LOC017-U02,2026-01-10T12:15:00+00:00,1.271,0.28,7.17
LOC017-U02,2026-01-10T12:30:00+00:00,2.197,0.24,9.54
LOC017-U02,2026-01-10T12:45:00+00:00,2.221,0.294,10.87
LOC017-U02,2026-01-10T13:00:00+00:00,1.844,0.362,9.69
LOC017-U02,2026-01-10T13:15:00+00:00,1.835,0.279,6.77
LOC017-U02,2026-01-10T13:30:00+00:00,1.727,0.325,7.05
LOC017-U02,2026-01-10T13:45:00+00:00,1.951,0.23,7.93
LOC017-U02,2026-01-10T14:00:00+00:00,2.32,0.325,8.28
LOC017-U02,2026-01-10T14:15:00+00:00,1.9,0.337,8.86
LOC017-U02,2026-01-10T14:30:00+00:00,1.964,0.357,8.68
LOC017-U02,2026-01-10T14:45:00+00:00,1.646,0.292,7.58
LOC017-U02,2026-01-10T15:00:00+00:00,2.214,0.273,9.86
LOC017-U02,2026-01-10T15:15:00+00:00,1.626,0.345,7.33
LOC017-U02,2026-01-10T15:30:00+00:00,1.48,0.319,10.27
LOC017-U02,2026-01-10T15:45:00+00:00,2.319,0.367,9.57
LOC017-U02,2026-01-10T16:00:00+00:00,1.73,0.283,10.64
LOC017-U02,2026-01-10T16:15:00+00:00,1.071,0.221,11.16
LOC017-U02,2026-01-10T16:30:00+00:00,1.636,0.361,10.51
LOC017-U02,2026-01-10T16:45:00+00:00,2.457,0.371,7.57
LOC017-U02,2026-01-10T17:00:00+00:00,1.985,0.272,10.02
LOC017-U02,2026-01-10T17:15:00+00:00,1.685,0.328,10.62
LOC017-U02,2026-01-10T17:30:00+00:00,2.242,0.232,9.44
LOC017-U02,2026-01-10T17:45:00+00:00,1.924,0.324,11.3
LOC017-U02,2026-01-10T18:00:00+00:00,2.316,0.268,6.69
LOC017-U02,2026-01-10T18:15:00+00:00,1.892,0.371,11.34
LOC017-U02,2026-01-10T18:30:00+00:00,2.243,0.379,6.92
LOC017-U02,2026-01-10T18:45:00+00:00,2.232,0.346,6.97
LOC017-U02,2026-01-10T19:00:00+00:00,2.378,0.249,8.69
LOC017-U02,2026-01-10T19:15:00+00:00,3.139,0.247,10.64
LOC017-U02,2026-01-10T19:30:00+00:00,2.655,0.274,6.82
LOC017-U02,2026-01-10T19:45:00+00:00,1.766,0.278,7.29
LOC017-U02,2026-01-10T20:00:00+00:00,2.134,0.267,9.48
LOC017-U02,2026-01-10T20:15:00+00:00,2.019,0.329,7.98
LOC017-U02,2026-01-10T20:30:00+00:00,2.474,0.276,8.65
LOC017-U02,2026-01-10T20:45:00+00:00,1.812,0.37,11.2
LOC017-U02,2026-01-10T21:00:00+00:00,2.132,0.242,10.63
LOC017-U02,2026-01-10T21:15:00+00:00,1.525,0.284,7.61
LOC017-U02,2026-01-10T21:30:00+00:00,2.186,0.318,7.58
LOC017-U02,2026-01-10T21:45:00+00:00,1.85,0.368,11.07
LOC017-U02,2026-01-10T22:00:00+00:00,2.168,0.347,8.27
LOC017-U02,2026-01-10T22:15:00+00:00,1.313,0.343,10.02
LOC017-U02,2026-01-10T22:30:00+00:00,2.039,0.254,9.91
LOC017-U02,2026-01-10T22:45:00+00:00,3.028,0.273,9.61
LOC017-U02,2026-01-10T23:00:00+00:00,2.162,0.238,8.12
LOC017-U02,2026-01-10T23:15:00+00:00,1.792,0.3,10.14
LOC017-U02,2026-01-10T23:30:00+00:00,0.839,0.357,9.18
LOC017-U02,2026-01-10T23:45:00+00:00,1.98,0.341,9.13
LOC017-U02,2026-01-11T00:00:00+00:00,1.738,0.343,9.11
LOC017-U02,2026-01-11T00:15:00+00:00,1.31,0.364,9.95
LOC017-U02,2026-01-11T00:30:00+00:00,2.906,0.252,10.15
LOC017-U02,2026-01-11T00:45:00+00:00,1.635,0.237,7.0
LOC017-U02,2026-01-11T01:00:00+00:00,2.371,0.259,10.07
LOC017-U02,2026-01-11T01:15:00+00:00,3.003,0.375,7.85
LOC017-U02,2026-01-11T01:30:00+00:00,2.493,0.345,11.76
LOC017-U02,2026-01-11T01:45:00+00:00,1.44,0.259,9.07
LOC017-U02,2026-01-11T02:00:00+00:00,2.269,0.355,10.77
LOC017-U02,2026-01-11T02:15:00+00:00,1.526,0.348,8.83
LOC017-U02,2026-01-11T02:30:00+00:00,2.042,0.221,8.29
LOC017-U02,2026-01-11T02:45:00+00:00,1.799,0.226,6.66
LOC017-U02,2026-01-11T03:00:00+00:00,2.582,0.296,10.7
LOC017-U02,2026-01-11T03:15:00+00:00,2.116,0.293,10.66
LOC017-U02,2026-01-11T03:30:00+00:00,2.198,0.325,10.76
LOC017-U02,2026-01-11T03:45:00+00:00,1.334,0.301,7.75
LOC013-U01,2026-01-10T10:00:00+00:00,1.161,0.348,9.1
LOC013-U01,2026-01-10T10:15:00+00:00,1.667,0.256,11.4
LOC013-U01,2026-01-10T10:30:00+00:00,2.58,0.309,9.42
LOC013-U01,2026-01-10T10:45:00+00:00,1.511,0.333,10.35
LOC013-U01,2026-01-10T11:00:00+00:00,1.65,0.225,10.67
LOC013-U01,2026-01-10T11:15:00+00:00,2.13,0.269,10.93
LOC013-U01,2026-01-10T11:30:00+00:00,2.624,0.324,8.27
LOC013-U01,2026-01-10T11:45:00+00:00,1.77,0.307,8.32
LOC013-U01,2026-01-10T12:00:00+00:00,1.631,0.363,9.46
LOC013-U01,2026-01-10T12:15:00+00:00,2.112,0.343,6.76
LOC013-U01,2026-01-10T12:30:00+00:00,1.871,0.298,8.08
LOC013-U01,2026-01-10T12:45:00+00:00,1.835,0.312,7.8
LOC013-U01,2026-01-10T13:00:00+00:00,2.991,0.248,7.51
LOC013-U01,2026-01-10T13:15:00+00:00,1.569,0.319,7.79
LOC013-U01,2026-01-10T13:30:00+00:00,2.024,0.325,6.92
LOC013-U01,2026-01-10T13:45:00+00:00,2.472,0.349,11.15
LOC013-U01,2026-01-10T14:00:00+00:00,2.235,0.252,8.58
LOC013-U01,2026-01-10T14:15:00+00:00,1.57,0.338,7.14
LOC013-U01,2026-01-10T14:30:00+00:00,1.107,0.243,9.9
LOC013-U01,2026-01-10T14:45:00+00:00,3.202,0.316,7.26
LOC013-U01,2026-01-10T15:00:00+00:00,1.929,0.246,9.91
LOC013-U01,2026-01-10T15:15:00+00:00,2.403,0.297,9.48
LOC013-U01,2026-01-10T15:30:00+00:00,1.922,0.272,7.57
LOC013-U01,2026-01-10T15:45:00+00:00,2.427,0.296,7.38
LOC013-U01,2026-01-10T16:00:00+00:00,2.825,0.262,9.61
LOC013-U01,2026-01-10T16:15:00+00:00,2.467,0.222,9.57
LOC013-U01,2026-01-10T16:30:00+00:00,1.217,0.294,8.97
LOC013-U01,2026-01-10T16:45:00+00:00,2.889,0.229,7.53
LOC013-U01,2026-01-10T17:00:00+00:00,2.043,0.243,8.79
LOC013-U01,2026-01-10T17:15:00+00:00,2.741,0.278,6.87
LOC013-U01,2026-01-10T17:30:00+00:00,1.502,0.376,10.37
LOC013-U01,2026-01-10T17:45:00+00:00,1.413,0.252,8.45
LOC013-U01,2026-01-10T18:00:00+00:00,3.346,0.248,7.56
LOC013-U01,2026-01-10T18:15:00+00:00,2.094,0.377,8.09
LOC013-U01,2026-01-10T18:30:00+00:00,2.634,0.267,8.25
LOC013-U01,2026-01-10T18:45:00+00:00,1.736,0.31,9.59
LOC013-U01,2026-01-10T19:00:00+00:00,2.42,0.229,10.58
LOC013-U01,2026-01-10T19:15:00+00:00,2.233,0.371,9.77
LOC013-U01,2026-01-10T19:30:00+00:00,2.385,0.299,7.23
LOC013-U01,2026-01-10T19:45:00+00:00,2.091,0.266,9.97
LOC013-U01,2026-01-10T20:00:00+00:00,2.201,0.291,10.47
LOC013-U01,2026-01-10T20:15:00+00:00,1.642,0.359,8.42
LOC013-U01,2026-01-10T20:30:00+00:00,2.069,0.262,7.43
LOC013-U01,2026-01-10T20:45:00+00:00,2.046,0.27,10.64
LOC013-U01,2026-01-10T21:00:00+00:00,2.909,0.342,10.5
LOC013-U01,2026-01-10T21:15:00+00:00,1.774,0.357,10.47
LOC013-U01,2026-01-10T21:30:00+00:00,2.156,0.364,6.88
LOC013-U01,2026-01-10T21:45:00+00:00,2.324,0.277,8.42
LOC013-U01,2026-01-10T22:00:00+00:00,1.953,0.347,9.22
LOC013-U01,2026-01-10T22:15:00+00:00,1.548,0.349,11.25
LOC013-U01,2026-01-10T22:30:00+00:00,2.161,0.317,9.31
LOC013-U01,2026-01-10T22:45:00+00:00,1.961,0.306,10.7
LOC013-U01,2026-01-10T23:00:00+00:00,1.358,0.276,8.95
LOC013-U01,2026-01-10T23:15:00+00:00,2.382,0.316,8.72
LOC013-U01,2026-01-10T23:30:00+00:00,1.418,0.322,11.21
LOC013-U01,2026-01-10T23:45:00+00:00,1.81,0.342,6.74
LOC013-U01,2026-01-11T00:00:00+00:00,2.463,0.318,10.41
LOC013-U01,2026-01-11T00:15:00+00:00,2.775,0.284,7.55
LOC013-U01,2026-01-11T00:30:00+00:00,2.305,0.342,7.25
LOC013-U01,2026-01-11T00:45:00+00:00,1.669,0.239,6.84
LOC013-U01,2026-01-11T01:00:00+00:00,2.427,0.324,10.11
LOC013-U01,2026-01-11T01:15:00+00:00,1.705,0.246,10.06
LOC013-U01,2026-01-11T01:30:00+00:00,2.159,0.241,7.83
LOC013-U01,2026-01-11T01:45:00+00:00,2.019,0.231,7.33
LOC013-U01,2026-01-11T02:00:00+00:00,1.795,0.263,8.57
LOC013-U01,2026-01-11T02:15:00+00:00,2.623,0.246,10.46
LOC013-U01,2026-01-11T02:30:00+00:00,2.676,0.378,10.56
LOC013-U01,2026-01-11T02:45:00+00:00,2.281,0.316,10.54
LOC013-U01,2026-01-11T03:00:00+00:00,2.12,0.288,7.87
LOC013-U01,2026-01-11T03:15:00+00:00,1.907,0.324,9.76
LOC013-U01,2026-01-11T03:30:00+00:00,2.836,0.373,8.77
LOC013-U01,2026-01-11T03:45:00+00:00,2.403,0.23,11.42
LOC013-U02,2026-01-10T10:00:00+00:00,2.039,0.268,9.54
LOC013-U02,2026-01-10T10:15:00+00:00,2.08,0.377,10.39
LOC013-U02,2026-01-10T10:30:00+00:00,1.506,0.321,8.95
LOC013-U02,2026-01-10T10:45:00+00:00,1.495,0.297,8.2
LOC013-U02,2026-01-10T11:00:00+00:00,2.305,0.36,8.69
LOC013-U02,2026-01-10T11:15:00+00:00,2.65,0.343,10.62
LOC013-U02,2026-01-10T11:30:00+00:00,1.402,0.226,10.88
LOC013-U02,2026-01-10T11:45:00+00:00,2.154,0.229,9.79
LOC013-U02,2026-01-10T12:00:00+00:00,1.941,0.336,8.56
LOC013-U02,2026-01-10T12:15:00+00:00,2.094,0.271,11.04
LOC013-U02,2026-01-10T12:30:00+00:00,1.799,0.337,8.72
LOC013-U02,2026-01-10T12:45:00+00:00,2.996,0.299,10.81
LOC013-U02,2026-01-10T13:00:00+00:00,1.76,0.368,8.35
LOC013-U02,2026-01-10T13:15:00+00:00,2.434,0.281,10.06
LOC013-U02,2026-01-10T13:30:00+00:00,1.932,0.358,11.07
LOC013-U02,2026-01-10T13:45:00+00:00,2.061,0.368,11.01
LOC013-U02,2026-01-10T14:00:00+00:00,2.577,0.318,7.01
LOC013-U02,2026-01-10T14:15:00+00:00,1.35,0.262,10.66
LOC013-U02,2026-01-10T14:30:00+00:00,2.116,0.272,11.41
LOC013-U02,2026-01-10T14:45:00+00:00,2.437,0.296,7.87
LOC013-U02,2026-01-10T15:00:00+00:00,2.4,0.314,11.07
LOC013-U02,2026-01-10T15:15:00+00:00,2.858,0.31,8.42
LOC013-U02,2026-01-10T15:30:00+00:00,2.359,0.252,7.02
LOC013-U02,2026-01-10T15:45:00+00:00,1.907,0.29,9.42
LOC013-U02,2026-01-10T16:00:00+00:00,1.541,0.339,6.97
LOC013-U02,2026-01-10T16:15:00+00:00,2.41,0.239,10.87
LOC013-U02,2026-01-10T16:30:00+00:00,2.447,0.273,11.15
LOC013-U02,2026-01-10T16:45:00+00:00,2.411,0.358,7.45
LOC013-U02,2026-01-10T17:00:00+00:00,2.534,0.313,6.97
LOC013-U02,2026-01-10T17:15:00+00:00,1.93,0.318,10.77
LOC013-U02,2026-01-10T17:30:00+00:00,2.301,0.284,8.81
LOC013-U02,2026-01-10T17:45:00+00:00,1.794,0.255,8.34
LOC013-U02,2026-01-10T18:00:00+00:00,1.692,0.277,9.89
LOC013-U02,2026-01-10T18:15:00+00:00,1.827,0.304,9.96
LOC013-U02,2026-01-10T18:30:00+00:00,2.495,0.264,8.48
LOC013-U02,2026-01-10T18:45:00+00:00,1.636,0.305,6.97
LOC013-U02,2026-01-10T19:00:00+00:00,1.805,0.301,11.39
LOC013-U02,2026-01-10T19:15:00+00:00,1.365,0.373,10.76
LOC013-U02,2026-01-10T19:30:00+00:00,3.428,0.243,9.25
LOC013-U02,2026-01-10T19:45:00+00:00,4.044,0.226,9.3
LOC013-U02,2026-01-10T20:00:00+00:00,2.148,0.364,7.54
LOC013-U02,2026-01-10T20:15:00+00:00,2.978,0.257,10.38
LOC013-U02,2026-01-10T20:30:00+00:00,2.571,0.338,10.4
LOC013-U02,2026-01-10T20:45:00+00:00,2.048,0.307,6.78
LOC013-U02,2026-01-10T21:00:00+00:00,2.018,0.247,8.98
LOC013-U02,2026-01-10T21:15:00+00:00,2.37,0.35,9.57
LOC013-U02,2026-01-10T21:30:00+00:00,1.211,0.342,6.74
LOC013-U02,2026-01-10T21:45:00+00:00,2.41,0.22,8.8
LOC013-U02,2026-01-10T22:00:00+00:00,2.153,0.239,10.69
LOC013-U02,2026-01-10T22:15:00+00:00,2.136,0.31,8.81
LOC013-U02,2026-01-10T22:30:00+00:00,1.291,0.34,8.03
LOC013-U02,2026-01-10T22:45:00+00:00,1.215,0.264,7.21
LOC013-U02,2026-01-10T23:00:00+00:00,2.451,0.233,11.37
LOC013-U02,2026-01-10T23:15:00+00:00,1.417,0.332,10.76
LOC013-U02,2026-01-10T23:30:00+00:00,2.101,0.262,8.81
LOC013-U02,2026-01-10T23:45:00+00:00,1.722,0.329,11.23
LOC013-U02,2026-01-11T00:00:00+00:00,2.909,0.227,9.22
LOC013-U02,2026-01-11T00:15:00+00:00,1.502,0.302,10.31
LOC013-U02,2026-01-11T00:30:00+00:00,2.349,0.343,10.33
LOC013-U02,2026-01-11T00:45:00+00:00,1.686,0.358,7.22
LOC013-U02,2026-01-11T01:00:00+00:00,2.001,0.31,10.65
LOC013-U02,2026-01-11T01:15:00+00:00,2.262,0.319,10.0
LOC013-U02,2026-01-11T01:30:00+00:00,2.447,0.373,8.96
LOC013-U02,2026-01-11T01:45:00+00:00,2.616,0.352,11.41
LOC013-U02,2026-01-11T02:00:00+00:00,2.38,0.304,9.48
LOC013-U02,2026-01-11T02:15:00+00:00,2.327,0.334,11.3
LOC013-U02,2026-01-11T02:30:00+00:00,1.673,0.265,11.22
LOC013-U02,2026-01-11T02:45:00+00:00,1.772,0.228,10.8
LOC013-U02,2026-01-11T03:00:00+00:00,2.879,0.26,9.28
LOC013-U02,2026-01-11T03:15:00+00:00,2.27,0.312,8.41
LOC013-U02,2026-01-11T03:30:00+00:00,2.367,0.222,8.22
LOC013-U02,2026-01-11T03:45:00+00:00,1.683,0.358,8.01
LOC038-U01,2026-01-10T10:00:00+00:00,2.381,0.315,11.41
LOC038-U01,2026-01-10T10:15:00+00:00,2.137,0.231,10.32
LOC038-U01,2026-01-10T10:30:00+00:00,1.697,0.374,11.57
LOC038-U01,2026-01-10T10:45:00+00:00,2.065,0.269,10.78
LOC038-U01,2026-01-10T11:00:00+00:00,2.092,0.334,7.92
LOC038-U01,2026-01-10T11:15:00+00:00,2.081,0.338,10.95
LOC038-U01,2026-01-10T11:30:00+00:00,2.537,0.265,11.34
LOC038-U01,2026-01-10T11:45:00+00:00,2.39,0.372,10.7
LOC038-U01,2026-01-10T12:00:00+00:00,2.176,0.335,7.78
LOC038-U01,2026-01-10T12:15:00+00:00,1.577,0.363,8.41
LOC038-U01,2026-01-10T12:30:00+00:00,2.426,0.302,10.59
LOC038-U01,2026-01-10T12:45:00+00:00,2.55,0.263,10.21
LOC038-U01,2026-01-10T13:00:00+00:00,2.297,0.238,9.31
LOC038-U01,2026-01-10T13:15:00+00:00,1.735,0.3,8.52
LOC038-U01,2026-01-10T13:30:00+00:00,2.208,0.342,8.13
LOC038-U01,2026-01-10T13:45:00+00:00,1.656,0.313,6.82
LOC038-U01,2026-01-10T14:00:00+00:00,1.859,0.258,11.48
LOC038-U01,2026-01-10T14:15:00+00:00,3.073,0.303,7.2
LOC038-U01,2026-01-10T14:30:00+00:00,3.062,0.244,10.8
LOC038-U01,2026-01-10T14:45:00+00:00,1.984,0.342,8.85
LOC038-U01,2026-01-10T15:00:00+00:00,2.541,0.25,10.48
LOC038-U01,2026-01-10T15:15:00+00:00,3.087,0.244,10.25
LOC038-U01,2026-01-10T15:30:00+00:00,1.926,0.353,7.53
LOC038-U01,2026-01-10T15:45:00+00:00,2.401,0.317,9.85
LOC038-U01,2026-01-10T16:00:00+00:00,2.144,0.302,9.71
LOC038-U01,2026-01-10T16:15:00+00:00,1.909,0.242,8.16
LOC038-U01,2026-01-10T16:30:00+00:00,1.795,0.296,8.04
LOC038-U01,2026-01-10T16:45:00+00:00,1.849,0.341,9.87
LOC038-U01,2026-01-10T17:00:00+00:00,2.758,0.254,6.99
LOC038-U01,2026-01-10T17:15:00+00:00,3.446,0.363,8.94
LOC038-U01,2026-01-10T17:30:00+00:00,2.319,0.367,7.84
LOC038-U01,2026-01-10T17:45:00+00:00,1.121,0.239,9.06
LOC038-U01,2026-01-10T18:00:00+00:00,1.602,0.358,7.46
LOC038-U01,2026-01-10T18:15:00+00:00,2.466,0.23,7.88
LOC038-U01,2026-01-10T18:30:00+00:00,2.578,0.312,7.93
LOC038-U01,2026-01-10T18:45:00+00:00,2.353,0.33,10.2
LOC038-U01,2026-01-10T19:00:00+00:00,2.572,0.301,11.05
LOC038-U01,2026-01-10T19:15:00+00:00,2.392,0.273,10.34
LOC038-U01,2026-01-10T19:30:00+00:00,1.787,0.301,10.92
LOC038-U01,2026-01-10T19:45:00+00:00,1.38,0.373,7.6
LOC038-U01,2026-01-10T20:00:00+00:00,2.415,0.344,9.73
LOC038-U01,2026-01-10T20:15:00+00:00,1.619,0.266,10.74
LOC038-U01,2026-01-10T20:30:00+00:00,1.576,0.222,11.03
LOC038-U01,2026-01-10T20:45:00+00:00,1.891,0.344,9.42
LOC038-U01,2026-01-10T21:00:00+00:00,1.749,0.313,9.23
LOC038-U01,2026-01-10T21:15:00+00:00,2.228,0.327,8.89
LOC038-U01,2026-01-10T21:30:00+00:00,2.234,0.266,7.76
LOC038-U01,2026-01-10T21:45:00+00:00,2.01,0.242,11.3
LOC038-U01,2026-01-10T22:00:00+00:00,1.645,0.229,9.18
LOC038-U01,2026-01-10T22:15:00+00:00,2.066,0.346,9.24
LOC038-U01,2026-01-10T22:30:00+00:00,1.712,0.257,11.0
LOC038-U01,2026-01-10T22:45:00+00:00,2.057,0.221,6.78
LOC038-U01,2026-01-10T23:00:00+00:00,1.668,0.349,8.01
LOC038-U01,2026-01-10T23:15:00+00:00,2.118,0.33,7.24
LOC038-U01,2026-01-10T23:30:00+00:00,1.388,0.366,10.39
LOC038-U01,2026-01-10T23:45:00+00:00,2.835,0.32,9.0
LOC038-U01,2026-01-11T00:00:00+00:00,1.078,0.331,9.28
LOC038-U01,2026-01-11T00:15:00+00:00,2.614,0.247,7.95
LOC038-U01,2026-01-11T00:30:00+00:00,1.925,0.328,7.69
LOC038-U01,2026-01-11T00:45:00+00:00,1.984,0.366,8.11
LOC038-U01,2026-01-11T01:00:00+00:00,1.193,0.331,11.25
LOC038-U01,2026-01-11T01:15:00+00:00,1.31,0.225,10.39
LOC038-U01,2026-01-11T01:30:00+00:00,1.582,0.306,7.68
LOC038-U01,2026-01-11T01:45:00+00:00,2.787,0.335,9.66
LOC038-U01,2026-01-11T02:00:00+00:00,1.672,0.335,7.81
LOC038-U01,2026-01-11T02:15:00+00:00,2.925,0.239,7.84
LOC038-U01,2026-01-11T02:30:00+00:00,3.443,0.241,7.67
LOC038-U01,2026-01-11T02:45:00+00:00,2.783,0.29,9.63
LOC038-U01,2026-01-11T03:00:00+00:00,2.237,0.279,9.79
LOC038-U01,2026-01-11T03:15:00+00:00,1.649,0.338,9.67
LOC038-U01,2026-01-11T03:30:00+00:00,1.734,0.37,11.26
LOC038-U01,2026-01-11T03:45:00+00:00,1.806,0.371,9.81
LOC008-U02,2026-01-10T10:00:00+00:00,1.289,0.237,8.49
LOC008-U02,2026-01-10T10:15:00+00:00,1.852,0.327,11.23
LOC008-U02,2026-01-10T10:30:00+00:00,2.319,0.349,7.1
LOC008-U02,2026-01-10T10:45:00+00:00,1.901,0.354,8.69
LOC008-U02,2026-01-10T11:00:00+00:00,1.906,0.325,9.85
LOC008-U02,2026-01-10T11:15:00+00:00,2.264,0.299,8.97
LOC008-U02,2026-01-10T11:30:00+00:00,3.1,0.368,7.64
LOC008-U02,2026-01-10T11:45:00+00:00,2.574,0.253,9.84
LOC008-U02,2026-01-10T12:00:00+00:00,1.363,0.37,6.73
LOC008-U02,2026-01-10T12:15:00+00:00,2.309,0.324,11.61
LOC008-U02,2026-01-10T12:30:00+00:00,2.57,0.254,9.62
LOC008-U02,2026-01-10T12:45:00+00:00,1.79,0.247,9.29
LOC008-U02,2026-01-10T13:00:00+00:00,2.204,0.253,6.79
LOC008-U02,2026-01-10T13:15:00+00:00,2.022,0.307,7.68
LOC008-U02,2026-01-10T13:30:00+00:00,2.145,0.306,9.55
LOC008-U02,2026-01-10T13:45:00+00:00,0.897,0.328,9.91
LOC008-U02,2026-01-10T14:00:00+00:00,1.332,0.309,6.99
LOC008-U02,2026-01-10T14:15:00+00:00,1.786,0.311,9.83
LOC008-U02,2026-01-10T14:30:00+00:00,1.96,0.328,9.32
LOC008-U02,2026-01-10T14:45:00+00:00,2.243,0.233,10.89
LOC008-U02,2026-01-10T15:00:00+00:00,2.331,0.238,7.94
LOC008-U02,2026-01-10T15:15:00+00:00,2.637,0.355,9.31
LOC008-U02,2026-01-10T15:30:00+00:00,2.47,0.305,10.42
LOC008-U02,2026-01-10T15:45:00+00:00,2.33,0.308,10.86
LOC008-U02,2026-01-10T16:00:00+00:00,1.142,0.359,10.3
LOC008-U02,2026-01-10T16:15:00+00:00,2.692,0.305,9.79
LOC008-U02,2026-01-10T16:30:00+00:00,2.963,0.307,10.91
LOC008-U02,2026-01-10T16:45:00+00:00,2.366,0.221,9.83
LOC008-U02,2026-01-10T17:00:00+00:00,2.34,0.29,10.99
LOC008-U02,2026-01-10T17:15:00+00:00,2.048,0.327,11.49
LOC008-U02,2026-01-10T17:30:00+00:00,2.4,0.325,11.31
LOC008-U02,2026-01-10T17:45:00+00:00,1.745,0.351,8.57
LOC008-U02,2026-01-10T18:00:00+00:00,0.859,0.327,9.13
LOC008-U02,2026-01-10T18:15:00+00:00,2.333,0.293,8.18
LOC008-U02,2026-01-10T18:30:00+00:00,1.885,0.253,8.45
LOC008-U02,2026-01-10T18:45:00+00:00,2.582,0.342,8.38
LOC008-U02,2026-01-10T19:00:00+00:00,1.807,0.275,11.34
LOC008-U02,2026-01-10T19:15:00+00:00,1.828,0.229,11.41
LOC008-U02,2026-01-10T19:30:00+00:00,1.378,0.22,6.45
LOC008-U02,2026-01-10T19:45:00+00:00,1.976,0.325,8.62
LOC008-U02,2026-01-10T20:00:00+00:00,1.747,0.321,7.01
LOC008-U02,2026-01-10T20:15:00+00:00,2.147,0.279,10.3
LOC008-U02,2026-01-10T20:30:00+00:00,1.109,0.32,8.19
LOC008-U02,2026-01-10T20:45:00+00:00,2.741,0.298,10.78
LOC008-U02,2026-01-10T21:00:00+00:00,2.728,0.237,9.43
LOC008-U02,2026-01-10T21:15:00+00:00,1.534,0.323,8.33
LOC008-U02,2026-01-10T21:30:00+00:00,2.631,0.254,9.87
LOC008-U02,2026-01-10T21:45:00+00:00,1.96,0.282,9.53
LOC008-U02,2026-01-10T22:00:00+00:00,2.479,0.266,9.76
LOC008-U02,2026-01-10T22:15:00+00:00,1.977,0.336,7.13
LOC008-U02,2026-01-10T22:30:00+00:00,2.213,0.265,9.4
LOC008-U02,2026-01-10T22:45:00+00:00,1.996,0.273,8.76
LOC008-U02,2026-01-10T23:00:00+00:00,2.247,0.341,8.66
LOC008-U02,2026-01-10T23:15:00+00:00,1.967,0.241,9.0
LOC008-U02,2026-01-10T23:30:00+00:00,2.922,0.244,9.02
LOC008-U02,2026-01-10T23:45:00+00:00,1.487,0.284,10.0
LOC008-U02,2026-01-11T00:00:00+00:00,2.023,0.284,9.87
LOC008-U02,2026-01-11T00:15:00+00:00,2.736,0.348,11.53
LOC008-U02,2026-01-11T00:30:00+00:00,2.325,0.377,7.73
LOC008-U02,2026-01-11T00:45:00+00:00,1.525,0.298,7.52
LOC008-U02,2026-01-11T01:00:00+00:00,2.088,0.269,10.0
LOC008-U02,2026-01-11T01:15:00+00:00,2.484,0.305,8.65
LOC008-U02,2026-01-11T01:30:00+00:00,2.436,0.339,10.1
LOC008-U02,2026-01-11T01:45:00+00:00,1.695,0.242,7.07
LOC008-U02,2026-01-11T02:00:00+00:00,2.475,0.353,8.35
LOC008-U02,2026-01-11T02:15:00+00:00,1.721,0.255,7.05
LOC008-U02,2026-01-11T02:30:00+00:00,2.937,0.279,7.96
LOC008-U02,2026-01-11T02:45:00+00:00,1.975,0.268,9.96
LOC008-U02,2026-01-11T03:00:00+00:00,2.351,0.311,8.32
LOC008-U02,2026-01-11T03:15:00+00:00,2.307,0.347,11.05
LOC008-U02,2026-01-11T03:30:00+00:00,2.018,0.267,6.54
LOC008-U02,2026-01-11T03:45:00+00:00,3.292,0.276,8.79
LOC014-U01,2026-01-10T10:00:00+00:00,1.779,0.243,8.81
LOC014-U01,2026-01-10T10:15:00+00:00,2.435,0.232,6.7
LOC014-U01,2026-01-10T10:30:00+00:00,2.163,0.293,9.51
LOC014-U01,2026-01-10T10:45:00+00:00,2.453,0.223,7.12
LOC014-U01,2026-01-10T11:00:00+00:00,2.284,0.329,10.33
LOC014-U01,2026-01-10T11:15:00+00:00,1.9,0.377,9.44
LOC014-U01,2026-01-10T11:30:00+00:00,2.033,0.372,7.41
LOC014-U01,2026-01-10T11:45:00+00:00,2.231,0.226,9.26
LOC014-U01,2026-01-10T12:00:00+00:00,2.88,0.365,9.67
LOC014-U01,2026-01-10T12:15:00+00:00,1.627,0.307,6.9
LOC014-U01,2026-01-10T12:30:00+00:00,2.667,0.25,8.67
LOC014-U01,2026-01-10T12:45:00+00:00,1.869,0.276,8.91
LOC014-U01,2026-01-10T13:00:00+00:00,1.624,0.229,7.76
LOC014-U01,2026-01-10T13:15:00+00:00,2.383,0.233,7.26
LOC014-U01,2026-01-10T13:30:00+00:00,2.049,0.324,9.97
LOC014-U01,2026-01-10T13:45:00+00:00,1.547,0.278,7.2
LOC014-U01,2026-01-10T14:00:00+00:00,1.999,0.375,9.66
LOC014-U01,2026-01-10T14:15:00+00:00,2.696,0.38,7.62
LOC014-U01,2026-01-10T14:30:00+00:00,2.893,0.374,7.77
LOC014-U01,2026-01-10T14:45:00+00:00,2.177,0.266,9.75
LOC014-U01,2026-01-10T15:00:00+00:00,1.482,0.367,10.9
LOC014-U01,2026-01-10T15:15:00+00:00,1.146,0.355,8.33
LOC014-U01,2026-01-10T15:30:00+00:00,3.206,0.372,10.82
LOC014-U01,2026-01-10T15:45:00+00:00,1.711,0.301,9.79
LOC014-U01,2026-01-10T16:00:00+00:00,1.485,0.34,6.69
LOC014-U01,2026-01-10T16:15:00+00:00,3.534,0.38,10.44
LOC014-U01,2026-01-10T16:30:00+00:00,2.448,0.365,7.96
LOC014-U01,2026-01-10T16:45:00+00:00,2.677,0.352,8.85
LOC014-U01,2026-01-10T17:00:00+00:00,2.51,0.244,9.47
LOC014-U01,2026-01-10T17:15:00+00:00,2.001,0.317,8.29
LOC014-U01,2026-01-10T17:30:00+00:00,2.547,0.224,8.38
LOC014-U01,2026-01-10T17:45:00+00:00,2.536,0.27,7.15
LOC014-U01,2026-01-10T18:00:00+00:00,1.965,0.333,8.52
LOC014-U01,2026-01-10T18:15:00+00:00,2.776,0.361,9.32
LOC014-U01,2026-01-10T18:30:00+00:00,2.182,0.33,7.54
LOC014-U01,2026-01-10T18:45:00+00:00,2.356,0.373,11.73
LOC014-U01,2026-01-10T19:00:00+00:00,2.408,0.31,11.17
LOC014-U01,2026-01-10T19:15:00+00:00,1.754,0.256,7.88
LOC014-U01,2026-01-10T19:30:00+00:00,1.567,0.267,10.09
LOC014-U01,2026-01-10T19:45:00+00:00,3.065,0.361,10.64
LOC014-U01,2026-01-10T20:00:00+00:00,2.024,0.377,7.56
LOC014-U01,2026-01-10T20:15:00+00:00,1.871,0.296,11.0
LOC014-U01,2026-01-10T20:30:00+00:00,2.486,0.347,10.9
LOC014-U01,2026-01-10T20:45:00+00:00,1.58,0.321,10.38
LOC014-U01,2026-01-10T21:00:00+00:00,2.187,0.341,7.32
LOC014-U01,2026-01-10T21:15:00+00:00,2.366,0.26,9.82
LOC014-U01,2026-01-10T21:30:00+00:00,2.428,0.335,11.05
LOC014-U01,2026-01-10T21:45:00+00:00,2.117,0.287,7.49
LOC014-U01,2026-01-10T22:00:00+00:00,1.943,0.233,9.63
LOC014-U01,2026-01-10T22:15:00+00:00,1.72,0.297,7.68
LOC014-U01,2026-01-10T22:30:00+00:00,1.829,0.22,8.72
LOC014-U01,2026-01-10T22:45:00+00:00,1.399,0.243,11.13
LOC014-U01,2026-01-10T23:00:00+00:00,2.126,0.358,7.39
LOC014-U01,2026-01-10T23:15:00+00:00,2.811,0.345,10.1
LOC014-U01,2026-01-10T23:30:00+00:00,2.104,0.264,8.01
LOC014-U01,2026-01-10T23:45:00+00:00,1.731,0.269,7.86
LOC014-U01,2026-01-11T00:00:00+00:00,2.099,0.321,10.6
LOC014-U01,2026-01-11T00:15:00+00:00,2.347,0.251,9.39
LOC014-U01,2026-01-11T00:30:00+00:00,1.334,0.374,8.3
LOC014-U01,2026-01-11T00:45:00+00:00,2.676,0.372,10.07
LOC014-U01,2026-01-11T01:00:00+00:00,2.691,0.294,10.73
LOC014-U01,2026-01-11T01:15:00+00:00,1.969,0.315,9.5
LOC014-U01,2026-01-11T01:30:00+00:00,3.316,0.236,9.23
LOC014-U01,2026-01-11T01:45:00+00:00,2.757,0.26,7.49
LOC014-U01,2026-01-11T02:00:00+00:00,1.793,0.368,9.51
LOC014-U01,2026-01-11T02:15:00+00:00,1.827,0.281,9.33
LOC014-U01,2026-01-11T02:30:00+00:00,0.382,0.245,10.68
LOC014-U01,2026-01-11T02:45:00+00:00,2.433,0.298,9.72
LOC014-U01,2026-01-11T03:00:00+00:00,2.275,0.234,6.96
LOC014-U01,2026-01-11T03:15:00+00:00,2.312,0.342,7.44
LOC014-U01,2026-01-11T03:30:00+00:00,1.378,0.258,7.62
LOC014-U01,2026-01-11T03:45:00+00:00,2.209,0.23,10.91
LOC009-U02,2026-01-10T10:00:00+00:00,2.125,0.261,9.73
LOC009-U02,2026-01-10T10:15:00+00:00,2.132,0.336,7.97
LOC009-U02,2026-01-10T10:30:00+00:00,1.292,0.308,9.89
LOC009-U02,2026-01-10T10:45:00+00:00,3.35,0.234,8.83
LOC009-U02,2026-01-10T11:00:00+00:00,2.323,0.261,8.09
LOC009-U02,2026-01-10T11:15:00+00:00,1.509,0.222,8.43
LOC009-U02,2026-01-10T11:30:00+00:00,2.374,0.365,8.37
LOC009-U02,2026-01-10T11:45:00+00:00,2.277,0.338,7.27
LOC009-U02,2026-01-10T12:00:00+00:00,1.993,0.343,9.9
LOC009-U02,2026-01-10T12:15:00+00:00,1.861,0.267,9.02
LOC009-U02,2026-01-10T12:30:00+00:00,1.771,0.225,11.33
LOC009-U02,2026-01-10T12:45:00+00:00,2.047,0.289,10.11
LOC009-U02,2026-01-10T13:00:00+00:00,1.825,0.315,8.97
LOC009-U02,2026-01-10T13:15:00+00:00,2.828,0.357,10.97
LOC009-U02,2026-01-10T13:30:00+00:00,2.217,0.308,11.27
LOC009-U02,2026-01-10T13:45:00+00:00,1.2,0.225,10.13
LOC009-U02,2026-01-10T14:00:00+00:00,1.985,0.222,7.37
LOC009-U02,2026-01-10T14:15:00+00:00,2.266,0.29,8.21
LOC009-U02,2026-01-10T14:30:00+00:00,1.103,0.252,10.45
LOC009-U02,2026-01-10T14:45:00+00:00,2.365,0.333,9.47
LOC009-U02,2026-01-10T15:00:00+00:00,2.666,0.294,11.5
LOC009-U02,2026-01-10T15:15:00+00:00,2.33,0.372,10.55
LOC009-U02,2026-01-10T15:30:00+00:00,1.637,0.283,8.44
LOC009-U02,2026-01-10T15:45:00+00:00,2.008,0.303,10.58
LOC009-U02,2026-01-10T16:00:00+00:00,1.523,0.331,9.16
LOC009-U02,2026-01-10T16:15:00+00:00,2.585,0.279,8.02
LOC009-U02,2026-01-10T16:30:00+00:00,0.554,0.341,11.18
LOC009-U02,2026-01-10T16:45:00+00:00,1.78,0.309,6.87
LOC009-U02,2026-01-10T17:00:00+00:00,2.436,0.233,8.68
LOC009-U02,2026-01-10T17:15:00+00:00,1.484,0.239,9.23
LOC009-U02,2026-01-10T17:30:00+00:00,1.885,0.252,8.94
LOC009-U02,2026-01-10T17:45:00+00:00,1.88,0.247,7.24
LOC009-U02,2026-01-10T18:00:00+00:00,1.361,0.309,8.94
LOC009-U02,2026-01-10T18:15:00+00:00,1.826,0.321,8.72
LOC009-U02,2026-01-10T18:30:00+00:00,3.135,0.322,9.21
LOC009-U02,2026-01-10T18:45:00+00:00,1.845,0.354,8.8
LOC009-U02,2026-01-10T19:00:00+00:00,1.947,0.302,7.11
LOC009-U02,2026-01-10T19:15:00+00:00,2.23,0.274,9.89
LOC009-U02,2026-01-10T19:30:00+00:00,2.399,0.31,9.85
LOC009-U02,2026-01-10T19:45:00+00:00,1.977,0.229,8.06
LOC009-U02,2026-01-10T20:00:00+00:00,1.418,0.355,8.44
LOC009-U02,2026-01-10T20:15:00+00:00,2.402,0.287,8.05
LOC009-U02,2026-01-10T20:30:00+00:00,2.533,0.283,9.37
LOC009-U02,2026-01-10T20:45:00+00:00,2.279,0.226,10.24
LOC009-U02,2026-01-10T21:00:00+00:00,1.231,0.224,8.67
LOC009-U02,2026-01-10T21:15:00+00:00,1.801,0.224,11.26
LOC009-U02,2026-01-10T21:30:00+00:00,2.427,0.226,7.16
LOC009-U02,2026-01-10T21:45:00+00:00,2.052,0.357,7.16
LOC009-U02,2026-01-10T22:00:00+00:00,1.958,0.273,8.9
LOC009-U02,2026-01-10T22:15:00+00:00,1.789,0.342,9.92
LOC009-U02,2026-01-10T22:30:00+00:00,2.681,0.279,11.39
LOC009-U02,2026-01-10T22:45:00+00:00,2.555,0.364,10.01
LOC009-U02,2026-01-10T23:00:00+00:00,2.281,0.279,7.38
LOC009-U02,2026-01-10T23:15:00+00:00,1.473,0.244,11.2
LOC009-U02,2026-01-10T23:30:00+00:00,1.099,0.224,8.21
LOC009-U02,2026-01-10T23:45:00+00:00,0.897,0.311,9.36
LOC009-U02,2026-01-11T00:00:00+00:00,2.393,0.227,7.45
LOC009-U02,2026-01-11T00:15:00+00:00,2.262,0.233,7.86
LOC009-U02,2026-01-11T00:30:00+00:00,2.181,0.363,9.8
LOC009-U02,2026-01-11T00:45:00+00:00,1.613,0.293,9.91
LOC009-U02,2026-01-11T01:00:00+00:00,1.46,0.355,8.07
LOC009-U02,2026-01-11T01:15:00+00:00,2.082,0.332,8.84
LOC009-U02,2026-01-11T01:30:00+00:00,1.931,0.238,7.8
LOC009-U02,2026-01-11T01:45:00+00:00,1.466,0.279,7.93
LOC009-U02,2026-01-11T02:00:00+00:00,2.261,0.307,6.89
LOC009-U02,2026-01-11T02:15:00+00:00,2.117,0.297,10.9
LOC009-U02,2026-01-11T02:30:00+00:00,2.44,0.221,10.37
LOC009-U02,2026-01-11T02:45:00+00:00,2.08,0.257,8.56
LOC009-U02,2026-01-11T03:00:00+00:00,2.394,0.251,8.14
LOC009-U02,2026-01-11T03:15:00+00:00,2.271,0.282,8.72
LOC009-U02,2026-01-11T03:30:00+00:00,1.91,0.242,10.84
LOC009-U02,2026-01-11T03:45:00+00:00,2.982,0.352,8.82
LOC014-U02,2026-01-10T10:00:00+00:00,2.231,0.347,8.91
LOC014-U02,2026-01-10T10:15:00+00:00,2.566,0.225,8.82
LOC014-U02,2026-01-10T10:30:00+00:00,2.178,0.237,8.2
LOC014-U02,2026-01-10T10:45:00+00:00,2.45,0.372,10.66
LOC014-U02,2026-01-10T11:00:00+00:00,3.568,0.221,9.47
LOC014-U02,2026-01-10T11:15:00+00:00,2.246,0.35,10.09
LOC014-U02,2026-01-10T11:30:00+00:00,1.732,0.377,7.22
LOC014-U02,2026-01-10T11:45:00+00:00,2.227,0.356,8.66
LOC014-U02,2026-01-10T12:00:00+00:00,2.138,0.28,9.27
LOC014-U02,2026-01-10T12:15:00+00:00,1.843,0.276,9.26
LOC014-U02,2026-01-10T12:30:00+00:00,1.666,0.373,7.04
LOC014-U02,2026-01-10T12:45:00+00:00,1.704,0.33,9.99
LOC014-U02,2026-01-10T13:00:00+00:00,2.071,0.303,6.66
LOC014-U02,2026-01-10T13:15:00+00:00,2.115,0.372,9.93
LOC014-U02,2026-01-10T13:30:00+00:00,1.21,0.288,7.15
LOC014-U02,2026-01-10T13:45:00+00:00,1.178,0.242,6.92
LOC014-U02,2026-01-10T14:00:00+00:00,2.048,0.276,10.41
LOC014-U02,2026-01-10T14:15:00+00:00,2.176,0.312,8.12
LOC014-U02,2026-01-10T14:30:00+00:00,1.635,0.349,8.52
LOC014-U02,2026-01-10T14:45:00+00:00,1.806,0.269,9.47
LOC014-U02,2026-01-10T15:00:00+00:00,2.001,0.304,9.19
LOC014-U02,2026-01-10T15:15:00+00:00,1.841,0.355,6.94
LOC014-U02,2026-01-10T15:30:00+00:00,2.62,0.316,8.81
LOC014-U02,2026-01-10T15:45:00+00:00,2.4,0.307,10.07
LOC014-U02,2026-01-10T16:00:00+00:00,2.673,0.31,9.22
LOC014-U02,2026-01-10T16:15:00+00:00,2.033,0.28,11.35
LOC014-U02,2026-01-10T16:30:00+00:00,2.534,0.226,11.45
LOC014-U02,2026-01-10T16:45:00+00:00,1.978,0.33,10.88
LOC014-U02,2026-01-10T17:00:00+00:00,1.504,0.352,7.44
LOC014-U02,2026-01-10T17:15:00+00:00,1.926,0.242,7.46
LOC014-U02,2026-01-10T17:30:00+00:00,3.012,0.222,10.89
LOC014-U02,2026-01-10T17:45:00+00:00,2.352,0.34,11.36
LOC014-U02,2026-01-10T18:00:00+00:00,3.234,0.287,7.59
LOC014-U02,2026-01-10T18:15:00+00:00,1.898,0.269,8.78
LOC014-U02,2026-01-10T18:30:00+00:00,2.054,0.377,8.38
LOC014-U02,2026-01-10T18:45:00+00:00,1.496,0.294,10.14
LOC014-U02,2026-01-10T19:00:00+00:00,2.2,0.339,7.31
LOC014-U02,2026-01-10T19:15:00+00:00,1.919,0.247,6.54
LOC014-U02,2026-01-10T19:30:00+00:00,2.057,0.301,9.16
LOC014-U02,2026-01-10T19:45:00+00:00,2.766,0.23,9.26
LOC014-U02,2026-01-10T20:00:00+00:00,2.612,0.317,7.37
LOC014-U02,2026-01-10T20:15:00+00:00,1.859,0.269,10.44
LOC014-U02,2026-01-10T20:30:00+00:00,2.061,0.299,8.71
LOC014-U02,2026-01-10T20:45:00+00:00,2.592,0.359,8.49
LOC014-U02,2026-01-10T21:00:00+00:00,2.071,0.294,6.74
LOC014-U02,2026-01-10T21:15:00+00:00,1.754,0.296,6.59
LOC014-U02,2026-01-10T21:30:00+00:00,1.85,0.242,10.66
LOC014-U02,2026-01-10T21:45:00+00:00,1.835,0.33,10.0
LOC014-U02,2026-01-10T22:00:00+00:00,2.258,0.29,6.88
LOC014-U02,2026-01-10T22:15:00+00:00,1.561,0.328,6.82
LOC014-U02,2026-01-10T22:30:00+00:00,2.976,0.274,9.37
LOC014-U02,2026-01-10T22:45:00+00:00,1.708,0.379,7.51
LOC014-U02,2026-01-10T23:00:00+00:00,1.641,0.259,7.2
LOC014-U02,2026-01-10T23:15:00+00:00,1.786,0.337,7.5
LOC014-U02,2026-01-10T23:30:00+00:00,0.582,0.24,10.86
LOC014-U02,2026-01-10T23:45:00+00:00,2.785,0.299,8.03
LOC014-U02,2026-01-11T00:00:00+00:00,1.928,0.319,10.35
LOC014-U02,2026-01-11T00:15:00+00:00,2.121,0.355,11.53
LOC014-U02,2026-01-11T00:30:00+00:00,1.189,0.327,9.87
LOC014-U02,2026-01-11T00:45:00+00:00,2.497,0.316,10.21
LOC014-U02,2026-01-11T01:00:00+00:00,1.948,0.254,7.52
LOC014-U02,2026-01-11T01:15:00+00:00,2.556,0.34,8.07
LOC014-U02,2026-01-11T01:30:00+00:00,1.528,0.247,10.4
LOC014-U02,2026-01-11T01:45:00+00:00,2.499,0.249,9.41
LOC014-U02,2026-01-11T02:00:00+00:00,2.147,0.245,11.15
LOC014-U02,2026-01-11T02:15:00+00:00,1.582,0.323,7.96
LOC014-U02,2026-01-11T02:30:00+00:00,1.525,0.313,10.71
LOC014-U02,2026-01-11T02:45:00+00:00,2.424,0.336,11.3
LOC014-U02,2026-01-11T03:00:00+00:00,2.899,0.355,10.48
LOC014-U02,2026-01-11T03:15:00+00:00,1.504,0.247,7.33
LOC014-U02,2026-01-11T03:30:00+00:00,2.487,0.249,11.51
LOC014-U02,2026-01-11T03:45:00+00:00,2.153,0.319,10.17
LOC022-U02,2026-01-10T10:00:00+00:00,2.158,0.379,8.86
LOC022-U02,2026-01-10T10:15:00+00:00,1.928,0.255,8.45
LOC022-U02,2026-01-10T10:30:00+00:00,2.009,0.363,11.11
LOC022-U02,2026-01-10T10:45:00+00:00,1.797,0.229,10.46
LOC022-U02,2026-01-10T11:00:00+00:00,2.916,0.246,8.03
LOC022-U02,2026-01-10T11:15:00+00:00,2.094,0.301,11.28
LOC022-U02,2026-01-10T11:30:00+00:00,1.895,0.282,8.4
LOC022-U02,2026-01-10T11:45:00+00:00,1.579,0.335,8.57
LOC022-U02,2026-01-10T12:00:00+00:00,2.008,0.298,6.88
LOC022-U02,2026-01-10T12:15:00+00:00,2.125,0.373,10.55
LOC022-U02,2026-01-10T12:30:00+00:00,2.598,0.264,9.8
LOC022-U02,2026-01-10T12:45:00+00:00,2.278,0.375,10.58
LOC022-U02,2026-01-10T13:00:00+00:00,1.832,0.255,7.61
LOC022-U02,2026-01-10T13:15:00+00:00,1.826,0.341,7.75
LOC022-U02,2026-01-10T13:30:00+00:00,1.99,0.345,7.69
LOC022-U02,2026-01-10T13:45:00+00:00,1.91,0.264,9.73
LOC022-U02,2026-01-10T14:00:00+00:00,1.689,0.256,7.55
LOC022-U02,2026-01-10T14:15:00+00:00,1.088,0.285,7.38
LOC022-U02,2026-01-10T14:30:00+00:00,2.348,0.374,9.76
LOC022-U02,2026-01-10T14:45:00+00:00,1.432,0.255,10.19
LOC022-U02,2026-01-10T15:00:00+00:00,1.559,0.297,10.19
LOC022-U02,2026-01-10T15:15:00+00:00,2.226,0.268,8.09
LOC022-U02,2026-01-10T15:30:00+00:00,1.974,0.375,11.39
LOC022-U02,2026-01-10T15:45:00+00:00,1.888,0.237,10.14
LOC022-U02,2026-01-10T16:00:00+00:00,2.611,0.269,8.13
LOC022-U02,2026-01-10T16:15:00+00:00,2.148,0.313,8.95
LOC022-U02,2026-01-10T16:30:00+00:00,1.474,0.313,6.96
LOC022-U02,2026-01-10T16:45:00+00:00,1.515,0.307,9.7
LOC022-U02,2026-01-10T17:00:00+00:00,2.081,0.282,7.06
LOC022-U02,2026-01-10T17:15:00+00:00,2.443,0.298,6.78
LOC022-U02,2026-01-10T17:30:00+00:00,1.912,0.286,9.25
LOC022-U02,2026-01-10T17:45:00+00:00,1.397,0.231,6.54
LOC022-U02,2026-01-10T18:00:00+00:00,2.377,0.371,10.29
LOC022-U02,2026-01-10T18:15:00+00:00,1.585,0.283,7.85
LOC022-U02,2026-01-10T18:30:00+00:00,1.981,0.333,6.68
LOC022-U02,2026-01-10T18:45:00+00:00,2.311,0.256,8.96
LOC022-U02,2026-01-10T19:00:00+00:00,1.526,0.221,10.33
LOC022-U02,2026-01-10T19:15:00+00:00,1.628,0.37,9.93
LOC022-U02,2026-01-10T19:30:00+00:00,1.866,0.236,6.84
LOC022-U02,2026-01-10T19:45:00+00:00,1.822,0.328,10.44
LOC022-U02,2026-01-10T20:00:00+00:00,1.956,0.22,8.96
LOC022-U02,2026-01-10T20:15:00+00:00,2.406,0.368,8.87
LOC022-U02,2026-01-10T20:30:00+00:00,2.21,0.261,7.74
LOC022-U02,2026-01-10T20:45:00+00:00,1.869,0.352,8.42
LOC022-U02,2026-01-10T21:00:00+00:00,2.306,0.238,8.89
LOC022-U02,2026-01-10T21:15:00+00:00,1.416,0.358,11.35
LOC022-U02,2026-01-10T21:30:00+00:00,2.207,0.287,8.36
LOC022-U02,2026-01-10T21:45:00+00:00,1.631,0.303,6.93
LOC022-U02,2026-01-10T22:00:00+00:00,1.82,0.294,9.26
LOC022-U02,2026-01-10T22:15:00+00:00,1.55,0.224,9.19
LOC022-U02,2026-01-10T22:30:00+00:00,1.858,0.331,11.23
LOC022-U02,2026-01-10T22:45:00+00:00,1.766,0.325,8.17
LOC022-U02,2026-01-10T23:00:00+00:00,1.229,0.29,7.49
LOC022-U02,2026-01-10T23:15:00+00:00,3.313,0.254,7.39
LOC022-U02,2026-01-10T23:30:00+00:00,2.239,0.258,10.83
LOC022-U02,2026-01-10T23:45:00+00:00,1.379,0.374,9.19
LOC022-U02,2026-01-11T00:00:00+00:00,3.12,0.257,8.09
LOC022-U02,2026-01-11T00:15:00+00:00,1.988,0.273,8.44
LOC022-U02,2026-01-11T00:30:00+00:00,2.386,0.349,8.43
LOC022-U02,2026-01-11T00:45:00+00:00,2.098,0.378,9.05
LOC022-U02,2026-01-11T01:00:00+00:00,1.29,0.364,8.47
LOC022-U02,2026-01-11T01:15:00+00:00,2.446,0.269,9.23
LOC022-U02,2026-01-11T01:30:00+00:00,3.163,0.27,10.72
LOC022-U02,2026-01-11T01:45:00+00:00,2.972,0.229,11.29
LOC022-U02,2026-01-11T02:00:00+00:00,2.178,0.368,11.67
LOC022-U02,2026-01-11T02:15:00+00:00,2.694,0.291,7.83
LOC022-U02,2026-01-11T02:30:00+00:00,2.161,0.316,10.87
LOC022-U02,2026-01-11T02:45:00+00:00,1.288,0.305,6.79
LOC022-U02,2026-01-11T03:00:00+00:00,1.059,0.287,8.58
LOC022-U02,2026-01-11T03:15:00+00:00,1.135,0.357,10.01
LOC022-U02,2026-01-11T03:30:00+00:00,2.09,0.364,11.46
LOC022-U02,2026-01-11T03:45:00+00:00,1.074,0.342,10.35
